User_ID,Session_ID,Stage,Timestamp,Device,Region,Channel,Revenue,Bounce_Flage,Bounce_Flag
1,d0cd117a-a403-46a8-9c00-9002c900877b,View Product,59:11.0,Mobile,East,Referral,0,Yes,
2,6945349b-9c85-41bb-a173-07b863649c84,View Product,00:51.8,Desktop,North,Paid,0,Yes,
3,c0f6a1c6-87f5-427a-82c1-c996cc764acb,Visit,07:03.9,Tablet,West,Referral,0,Yes,
4,7b633080-003d-4f5e-8eca-98e4f9d0f8dd,View Product,18:48.1,Mobile,South,Referral,0,Yes,
5,9deb2f01-3273-4f78-b617-4163293c6d77,Visit,09:15.3,Desktop,South,Organic,0,Yes,
6,dc849afc-8a75-444d-acf9-6ae361bee73a,View Product,11:28.0,Mobile,South,Organic,0,Yes,
7,59ca848a-5176-4d32-826c-9f4e4713241c,Visit,18:32.4,Desktop,East,Paid,0,Yes,
8,436cfe11-6e1c-4efa-8ac6-683683dcb399,Add to Cart,49:05.3,Tablet,West,Paid,0,Yes,
9,b0f0c731-f3d7-4e2a-b602-83073415fce1,Visit,45:37.4,Tablet,North,Referral,0,Yes,
10,1213592b-0eeb-41c8-b47c-b67ef51398b1,Visit,44:18.4,Mobile,South,Organic,0,Yes,
11,ccf98d96-b0b3-4700-8c0d-fc1d29aefb57,Visit,35:37.1,Tablet,North,Organic,0,Yes,
12,92a33290-8fe6-4ac4-ba71-9ce93fa85a1d,Visit,01:06.2,Mobile,South,Organic,0,Yes,
13,da0ef496-5837-4d66-b006-4e752cc4b47e,Visit,35:04.2,Desktop,North,Referral,0,Yes,
14,369eee24-b367-4570-b147-becf414743a0,Visit,56:43.7,Mobile,South,Paid,0,Yes,
15,f7a409ef-0f4a-41e7-a16f-c904e38c0264,Visit,47:09.3,Desktop,West,Referral,0,Yes,
16,f574e4bc-06cc-4e97-878d-955616d0e69b,Visit,22:35.8,Desktop,East,Organic,0,Yes,
17,3fc0925d-32b2-4329-aa24-19ac616e386e,Visit,24:50.3,Mobile,West,Paid,0,Yes,
18,0afcad94-1e25-464a-b3a6-08882e5ff5a3,Visit,14:52.5,Tablet,East,Organic,0,Yes,
19,8db59714-5534-4a7b-a572-92d44c640131,View Product,25:26.8,Mobile,North,Organic,0,Yes,
20,b0d405a4-eb64-456e-8161-bb9c5e7291e8,View Product,56:32.5,Tablet,West,Referral,0,Yes,
21,b6c488eb-2951-41e2-b725-2ed747c96497,Add to Cart,51:12.1,Mobile,South,Paid,0,Yes,
22,633e8973-c150-4d7c-b04b-d88b0a99ebe0,View Product,11:31.3,Tablet,East,Referral,0,Yes,
23,fd7c10ac-1317-4b51-b37b-778163192a67,View Product,35:52.7,Desktop,East,Referral,0,Yes,
24,a3a4a9d5-1b82-4819-9127-d484ce98a400,Visit,45:38.7,Tablet,West,Referral,0,Yes,
25,021effe9-a831-47c7-a4fb-7eec9fbe1bb2,Visit,09:13.2,Mobile,West,Organic,0,Yes,
26,43f515e7-9f9d-408a-b899-0865628f4ddb,View Product,53:57.3,Tablet,North,Referral,0,Yes,
27,5b5e893e-497a-464e-86a6-4126bfb611b4,Visit,57:58.5,Mobile,East,Paid,0,Yes,
28,9217c48a-c19a-4356-a6bc-9031723339f2,Visit,04:46.8,Mobile,North,Paid,0,Yes,
29,c91b78cf-6f0a-4aca-8d80-1318d188afae,Visit,36:16.0,Tablet,North,Organic,0,Yes,
30,24b66bf0-9338-4792-a8fc-a911d4420bd7,Visit,32:56.5,Desktop,North,Paid,0,Yes,
31,070f10ce-7b87-4991-a523-ccd9e735bc35,Visit,20:40.2,Tablet,South,Paid,0,Yes,
32,4e2c2957-b100-466e-9d1d-806946449137,Visit,30:20.5,Desktop,West,Paid,0,Yes,
33,64bf3a4a-552e-4c83-afb1-753f60888c29,View Product,15:36.7,Mobile,West,Organic,0,Yes,
34,80074ec8-9a42-425f-867d-24e596263913,Visit,01:16.1,Mobile,North,Organic,0,Yes,
35,5c5f4163-4ce4-47d0-92d9-b9eccae4864b,Visit,47:14.9,Mobile,East,Paid,0,Yes,
36,30cd8598-13b8-4858-84f6-cde3e8cf2338,Visit,12:40.6,Desktop,North,Organic,0,Yes,
37,b69f2f63-bd5d-4167-8b5e-c1a81f0084b7,Visit,27:52.9,Mobile,North,Referral,0,Yes,
38,7d65adb2-874c-44be-859e-d2ac168757f9,Visit,45:31.2,Desktop,South,Organic,0,Yes,
39,0d388fc2-3d52-449f-8eed-dcb6294a85d0,Visit,49:41.0,Mobile,South,Referral,0,Yes,
40,367d819d-c245-47b8-866f-5c181179e656,Visit,29:19.3,Mobile,West,Referral,0,Yes,
41,5c6fcf08-7a7a-42f3-a127-b3b1798e10e6,Visit,09:47.4,Mobile,South,Referral,0,Yes,
42,c294f33e-b2e9-43b2-b0c0-158be54e43b6,Visit,07:10.4,Tablet,West,Referral,0,Yes,
43,88cf0d2d-9413-4611-853b-7f7173e1b89d,Add to Cart,39:37.3,Mobile,East,Organic,0,Yes,
44,9785978b-2403-4b7b-9808-9a47dc997efe,Visit,42:38.1,Desktop,North,Organic,0,Yes,
45,af653d5d-5580-494b-b70d-868a2b3d55f8,Visit,08:55.3,Mobile,East,Paid,0,Yes,
46,23c84e2b-10bf-4d4c-81d1-9cab842d76c9,Visit,54:17.2,Desktop,East,Referral,0,Yes,
47,87f843c6-9f54-48d1-b4e4-e41a22eb91c2,View Product,22:54.0,Desktop,East,Paid,0,Yes,
48,f2837b26-b9ee-4eae-985f-7b0f1d0fbaef,Visit,18:38.4,Desktop,North,Referral,0,Yes,
49,c73ad286-db7f-471b-94b3-1fcb15dc6780,Visit,23:54.4,Desktop,West,Paid,0,Yes,
50,c2f559ae-8af0-4408-ac4a-abcfe9727c74,Visit,26:30.5,Tablet,South,Paid,0,Yes,
51,b4ca82fe-dcc4-49f3-bc5a-069969067a04,Visit,14:10.5,Desktop,South,Referral,0,Yes,
52,6688b231-8d61-4a20-8fd1-829d5bb96f40,Visit,37:39.2,Tablet,South,Organic,0,Yes,
53,f224bfbb-dead-437e-967e-6685197a7d0e,Add to Cart,48:40.4,Tablet,West,Referral,0,Yes,
54,49f24bca-3dc7-4197-8359-50ca19cd0a39,Visit,18:24.5,Mobile,East,Paid,0,Yes,
55,ff50d774-6933-4f73-bb40-4f8a02ce0a98,View Product,04:47.0,Mobile,North,Paid,0,Yes,
56,d4902599-8994-4408-902b-6f2f55e96b6f,Visit,21:03.1,Tablet,North,Organic,0,Yes,
57,703b1af2-02b8-43ca-907c-4865124282db,Visit,06:51.9,Tablet,North,Paid,0,Yes,
58,ba565734-feaa-4562-b161-9276179056a2,Visit,30:29.2,Mobile,East,Referral,0,Yes,
59,1c625cf2-e7e2-4a96-9c08-4b82b709d777,Visit,20:08.1,Mobile,North,Referral,0,Yes,
60,0c0cb73d-0964-4a8a-a345-4264a8be0adb,Visit,51:01.6,Mobile,West,Organic,0,Yes,
61,e0be6b51-8ee3-4a40-8897-20e322fb5281,Visit,29:49.3,Desktop,North,Referral,0,Yes,
62,db8fec8b-6a7b-48fc-a7b6-6ca3f79b5527,View Product,29:59.4,Desktop,South,Organic,0,Yes,
63,d9771add-a80e-4fa7-b780-a99c33b0c38c,Visit,17:11.2,Desktop,West,Paid,0,Yes,
64,6a117195-3da6-4e62-b2a6-9f7c7c67f9f8,Visit,56:24.0,Mobile,East,Referral,0,Yes,
65,09d767ab-1fa5-46b5-ba57-28df0394164c,Visit,49:18.7,Desktop,North,Organic,0,Yes,
66,a6619ee8-7cf6-4974-be24-7048af937efe,Visit,10:17.6,Desktop,South,Referral,0,Yes,
67,708bf5d5-e0cb-4a86-9d96-1af7f5b7238c,View Product,50:29.6,Mobile,West,Organic,0,Yes,
68,ce35cc92-add8-46a0-a593-fe2331a97886,View Product,20:59.0,Desktop,South,Referral,0,Yes,
69,0ba43e7b-5455-45d7-9f81-a40f9af77218,Visit,44:31.8,Mobile,South,Organic,0,Yes,
70,4302630d-d736-498b-8925-fc79a4189a66,Visit,53:01.5,Mobile,South,Organic,0,Yes,
71,2d9b3381-6000-4181-8771-8644f91f1ba3,Visit,30:26.6,Tablet,North,Paid,0,Yes,
72,d5b1028c-de0b-4451-93f4-c20c1efc19f4,Visit,00:50.1,Desktop,West,Organic,0,Yes,
73,d92f416c-2a8c-4ccd-963d-7db4e378450a,Visit,08:18.8,Tablet,West,Referral,0,Yes,
74,0d1b5d28-dbcd-484c-8f2b-8aa4d6646f90,Visit,39:16.6,Tablet,West,Referral,0,Yes,
75,87b3963c-c48d-4b15-86f7-4c84cb8d601b,Visit,18:24.8,Mobile,South,Referral,0,Yes,
76,631003e8-e142-4580-b17c-0d1938cdd11c,View Product,25:27.3,Desktop,South,Paid,0,Yes,
77,15c8ba77-92b5-4916-8b45-f8ff833c10ac,Visit,15:57.7,Tablet,South,Organic,0,Yes,
78,1fe15139-7ff8-4cae-9c9a-8c67c254d66b,Visit,30:27.3,Tablet,North,Organic,0,Yes,
79,caf99c82-4ee5-4683-85c2-c89bc566627a,Visit,36:49.4,Mobile,East,Organic,0,Yes,
80,f38c4ec9-efc8-4c4a-8e77-6158a968d66c,Visit,34:16.9,Tablet,West,Paid,0,Yes,
81,6ddbeb97-05ca-4738-9243-93a91216de81,Visit,33:55.2,Mobile,West,Referral,0,Yes,
82,32218529-c246-4646-b6d3-178bf66dcb89,View Product,02:33.0,Desktop,West,Referral,0,Yes,
83,3c115d24-6c32-4df1-a937-590502247a74,Visit,45:16.5,Mobile,North,Referral,0,Yes,
84,ec69835e-90dd-4cef-9587-4c04e5674577,Visit,11:08.1,Desktop,North,Paid,0,Yes,
85,b0005307-a954-4f4d-bfa6-d97b85f9cbce,Visit,11:35.2,Mobile,North,Organic,0,Yes,
86,6b272bea-2be2-4ef3-9f96-9d21d7c6ce5b,Add to Cart,32:49.7,Mobile,East,Organic,0,Yes,
87,9c57ad52-19c8-404b-9726-4c36b32ab3b7,Add to Cart,41:44.7,Tablet,East,Organic,0,Yes,
88,a20f99a6-c97c-441a-9c38-c132f56c6285,Visit,22:06.7,Desktop,South,Paid,0,Yes,
89,d19f61e4-da6a-4e6c-a7d3-367667433a5b,View Product,45:40.8,Tablet,West,Referral,0,Yes,
90,a917c38b-9c36-43ff-b8d6-df6390e14f90,Visit,38:22.1,Desktop,East,Paid,0,Yes,
91,90c09d8e-29ca-422b-83da-1c15d11130ed,Visit,36:25.8,Mobile,North,Paid,0,Yes,
92,a29882fc-5418-4907-a59e-e6e12e21fac1,Visit,48:22.1,Desktop,East,Paid,0,Yes,
93,6138a311-588f-470c-a566-95b870008289,Visit,41:55.5,Desktop,North,Referral,0,Yes,
94,ab951260-3ece-4bd4-a625-7e330afba54a,Visit,25:45.9,Tablet,South,Organic,0,Yes,
95,2685d16e-5010-477d-9f11-f24097fed0b1,Visit,09:52.0,Tablet,East,Paid,0,Yes,
96,2baf6851-16bc-4ee0-adcc-131cb81bf14e,Visit,52:26.3,Mobile,West,Paid,0,Yes,
97,6ad8a45a-b4f7-4072-8037-ada925faf433,View Product,58:25.2,Tablet,North,Referral,0,Yes,
98,bbbec72e-8098-43f8-80e8-2ad205f7cefe,Visit,38:32.4,Tablet,East,Referral,0,Yes,
99,f360d232-06c6-4f3b-8f21-88842fd51962,Visit,13:57.8,Desktop,North,Paid,0,Yes,
100,7932bb41-9331-4587-9984-232b91b04f10,Visit,49:50.0,Mobile,East,Paid,0,Yes,
101,6a08908f-ca26-4b4b-b210-3a9e64a78293,Visit,57:41.4,Tablet,South,Organic,0,Yes,
102,f7d8ec3f-96f7-41da-a02a-ec58ce225abd,Visit,28:51.2,Mobile,West,Organic,0,Yes,
103,d72a26cf-622f-4add-90b0-0064b5ac1982,Visit,33:12.4,Tablet,North,Paid,0,Yes,
104,b4774f85-a328-454c-81e7-47bb0eb724e8,Visit,56:26.9,Desktop,South,Referral,0,Yes,
105,57403902-aaf5-41ae-8458-1c765bfe286c,View Product,38:24.5,Mobile,West,Referral,0,Yes,
106,723a700d-857a-4ced-8771-9e8e4206d47d,Visit,40:44.0,Tablet,West,Paid,0,Yes,
107,ad3fb3a5-3f84-4207-9849-e39a539a121a,Visit,34:22.1,Desktop,South,Paid,0,Yes,
108,cf814869-ac3d-4bee-b936-19e3f5a7db72,Visit,48:17.2,Tablet,West,Organic,0,Yes,
109,9887d4cc-032f-4598-9988-af1116910dcf,Visit,26:04.6,Mobile,East,Referral,0,Yes,
110,554f3f34-7263-4d9f-960d-59382822f41e,Visit,09:39.2,Tablet,North,Referral,0,Yes,
111,c326754a-385e-4c4c-9343-7a8017044f50,Visit,07:00.5,Tablet,East,Paid,0,Yes,
112,ff27e4ac-8578-4d9c-ac71-8f14d6bb9843,Visit,45:34.9,Desktop,East,Paid,0,Yes,
113,23c86a2f-cd7f-4500-8934-f99dbaaaf059,Visit,40:09.7,Tablet,North,Organic,0,Yes,
114,1db82798-b07d-456d-9e5c-22b781efd984,Visit,16:23.2,Desktop,East,Organic,0,Yes,
115,1e0a5b72-4339-4dd6-9af0-92d8eaaba7c2,Visit,39:18.4,Tablet,East,Organic,0,Yes,
116,856973fd-d134-4590-af1b-44019b9f69dc,Visit,57:58.5,Mobile,East,Referral,0,Yes,
117,ff7019c4-ccc4-4c0e-931c-0488085ce7c6,Visit,18:57.4,Mobile,South,Paid,0,Yes,
118,6a1764a2-c31b-43ed-81e9-eb5616019b8a,Visit,42:41.4,Tablet,South,Paid,0,Yes,
119,adafc453-d948-4d30-80c2-3a2084110b52,View Product,56:07.1,Desktop,West,Organic,0,Yes,
120,6e54ad02-3489-4033-a913-12016418e423,Visit,25:43.3,Tablet,East,Referral,0,Yes,
121,3ca57657-c3fa-4548-b87f-43292fabdd39,Visit,34:48.6,Desktop,North,Organic,0,Yes,
122,9f0126e6-6afa-48e6-ac87-dbd8b153aa08,Visit,45:04.7,Tablet,East,Organic,0,Yes,
123,9aa675c1-ce71-4fae-8b0e-2089f11a2259,Visit,35:20.2,Tablet,South,Referral,0,Yes,
124,25520448-5d6b-46f1-b23f-a29f24a2f247,Visit,41:41.0,Desktop,North,Organic,0,Yes,
125,28ee0da0-4fc6-4ad2-9ea8-ac8122f1954c,Visit,47:31.3,Tablet,South,Organic,0,Yes,
126,a60f4e80-dd9a-46d4-83e6-8828e51ec43e,Visit,44:19.8,Desktop,West,Paid,0,Yes,
127,935c4427-094f-4ce9-ab5e-78eba2363a29,Visit,27:50.1,Tablet,South,Organic,0,Yes,
128,1f608588-dce0-4368-add6-59f27edc27c7,Visit,39:50.0,Mobile,South,Paid,0,Yes,
129,4a2263d9-5cab-4dea-a737-42f8a743ca5a,Visit,59:10.5,Mobile,South,Organic,0,Yes,
130,7689c567-4bb9-4bf0-9b40-9d6e4115996b,Visit,19:45.2,Desktop,West,Referral,0,Yes,
131,117666be-e71d-452c-9021-4e6644c49457,Visit,52:33.6,Desktop,West,Organic,0,Yes,
132,cbc44b51-84e0-4d33-b6a7-1c56242c4ffe,Visit,07:08.9,Mobile,West,Paid,0,Yes,
133,1853b598-3a25-460b-9605-7e7cbcddf68f,Add to Cart,33:02.9,Desktop,North,Organic,0,Yes,
134,7782af07-3f41-4944-b02d-3beab74cd8e2,Visit,18:40.6,Mobile,East,Paid,0,Yes,
135,d150ace1-7759-4fb5-b480-7fd75e3214a0,Visit,58:56.8,Tablet,North,Organic,0,Yes,
136,51304581-8f97-424a-b6f4-0fbdc00fb8fc,Visit,59:26.7,Mobile,North,Organic,0,Yes,
137,34afb864-5a31-45dd-9be3-3c964118ddea,View Product,22:15.8,Tablet,North,Paid,0,Yes,
138,899f2d31-8214-47e5-a546-9ef45a6908a4,Visit,36:46.1,Desktop,North,Organic,0,Yes,
139,869ff87a-7725-44b7-82f3-8e03ab12bef3,Visit,00:15.6,Tablet,East,Paid,0,Yes,
140,9f7b6ebc-8ef4-4e61-946c-7aa7ad0971b6,Visit,56:13.8,Mobile,North,Paid,0,Yes,
141,53e3c553-ed4b-4d7c-a28f-61edddf2274b,Visit,12:11.2,Mobile,West,Referral,0,Yes,
142,57e9eafd-701a-4a62-9c9f-2157abf84419,Visit,52:26.8,Tablet,West,Paid,0,Yes,
143,de3d5935-07c7-4a65-80ae-6e1df29a4249,Visit,42:46.6,Tablet,West,Organic,0,Yes,
144,d6ef997b-7b66-44db-8078-2e797cbc4e7c,Visit,13:57.7,Desktop,East,Paid,0,Yes,
145,8f81df7b-bf79-4ab4-b885-59f85d447b25,Visit,04:30.9,Mobile,North,Paid,0,Yes,
146,b6a73782-0897-4ca1-896b-5d3f213847fd,View Product,32:57.0,Tablet,East,Referral,0,Yes,
147,fdb8949c-252f-49a9-831c-2c1769da09da,Visit,12:17.5,Desktop,South,Paid,0,Yes,
148,1266812c-deed-4c69-8539-b0fd9b323515,Visit,49:28.0,Mobile,West,Referral,0,Yes,
149,095724e2-57a5-4a28-8afc-763149ffe1cb,Visit,42:20.6,Tablet,West,Referral,0,Yes,
150,1628ccac-0960-4b58-a3f5-204ecade4510,View Product,49:47.0,Desktop,North,Referral,0,Yes,
151,aba07a30-55b7-4fe5-b2d6-2c6821bb02a6,Add to Cart,59:09.9,Tablet,North,Paid,0,Yes,
152,2f6015be-be87-485d-8fa0-caf957edd257,Visit,48:11.5,Desktop,West,Organic,0,Yes,
153,0bacebff-4a27-4fdd-8937-5eb7b7d5e86b,Visit,06:50.7,Mobile,West,Referral,0,Yes,
154,e81667fe-f4c2-4a97-8e69-d41da424eea9,Visit,07:37.4,Mobile,East,Paid,0,Yes,
155,462ffbdc-b919-4bf1-9e6b-a20debda5fbe,Visit,31:43.0,Desktop,East,Paid,0,Yes,
156,8f681d7c-5e8a-4dc5-a7bd-8a783d397c96,Visit,01:34.7,Desktop,South,Organic,0,Yes,
157,9ee1ee3f-75d1-4f55-bf0b-038a77beafbb,Visit,04:23.7,Mobile,North,Organic,0,Yes,
158,982772d6-c3dd-4272-982e-88a09135444f,Visit,42:13.3,Tablet,East,Referral,0,Yes,
159,38592963-6290-48c3-b439-62aeb814e257,Visit,13:09.7,Mobile,East,Paid,0,Yes,
160,82a0a263-226c-4ca3-8ea6-bece59191a6d,Visit,53:47.7,Desktop,North,Paid,0,Yes,
161,8704fed8-8399-48b9-ab24-3e498c663bee,Visit,52:23.9,Mobile,South,Referral,0,Yes,
162,9546632b-40cb-49be-a0b4-2ce294e475be,Visit,11:29.1,Tablet,South,Paid,0,Yes,
163,d850a054-20a2-4f8f-b361-c085f586980a,Visit,02:02.2,Mobile,North,Organic,0,Yes,
164,a97728a2-ec64-4b85-914e-7d480e7b3355,Visit,50:18.6,Mobile,South,Paid,0,Yes,
165,df573169-dbde-4238-8807-310e407b2788,Visit,11:24.0,Desktop,North,Organic,0,Yes,
166,4420efd0-d382-46cd-9d92-97ccc6dc2017,Visit,12:48.6,Desktop,North,Paid,0,Yes,
167,474ee44c-94bc-4777-91ba-8835f5da397d,Visit,50:31.1,Tablet,South,Organic,0,Yes,
168,a0eefb3c-b88f-472e-9335-38dfd596aa71,Visit,03:40.0,Desktop,North,Referral,0,Yes,
169,23c5d1bc-a378-4d52-8ae2-1bfda75d1555,Visit,53:01.8,Mobile,South,Paid,0,Yes,
170,0ccd1311-5447-4e40-b21b-03e93d108452,Visit,20:12.2,Tablet,North,Paid,0,Yes,
171,0372df09-f95e-41a9-8ed5-4f6d02301938,Visit,09:51.4,Mobile,East,Paid,0,Yes,
172,e9da5b1e-edff-43d7-ae7d-ab290c9a73ed,Visit,27:32.7,Mobile,West,Referral,0,Yes,
173,4b7f9769-8cfc-4143-8a33-480e2e09e942,Visit,17:33.8,Desktop,South,Organic,0,Yes,
174,3f559d7f-d308-4da9-8c68-785f96c721e0,Visit,34:16.1,Tablet,North,Paid,0,Yes,
175,7c7622d2-8b1e-4772-bb94-447dd94f93f1,Visit,43:28.7,Mobile,North,Paid,0,Yes,
176,2644629a-a9e8-4395-85c5-5338cb371f19,Visit,50:31.8,Desktop,West,Paid,0,Yes,
177,4b030a70-ab56-4412-ac02-80c97aa328ca,Visit,16:19.5,Desktop,North,Referral,0,Yes,
178,d0f5d65c-f9b2-44f0-ba65-f1da638d3721,Visit,15:33.6,Mobile,South,Referral,0,Yes,
179,2cbab9b7-5a39-4d84-a7ed-720798e578e2,Visit,35:08.0,Tablet,West,Referral,0,Yes,
180,0e60b51d-fcf5-41e5-9392-fd2145ffa365,Visit,14:40.6,Mobile,East,Organic,0,Yes,
181,eb52e91d-177d-40ee-854c-3593487788bc,Visit,36:05.0,Tablet,West,Referral,0,Yes,
182,b9c5f41d-79b0-4cc5-9431-57ef4f8f3064,Visit,59:57.0,Mobile,North,Referral,0,Yes,
183,d394cdc0-30da-4ab3-9ef8-c98044b64ac1,Visit,45:12.4,Desktop,North,Referral,0,Yes,
184,4edeef71-5139-4ff0-8457-004d877633d3,Visit,04:43.4,Tablet,West,Referral,0,Yes,
185,55817108-a35a-465d-9685-f3af1389b7ee,Visit,16:01.5,Mobile,East,Paid,0,Yes,
186,a1d01723-06eb-4dd6-86bc-299f3e18cba3,Visit,27:21.9,Mobile,North,Paid,0,Yes,
187,98def075-0747-4676-b431-8cf368f7a717,Visit,07:07.6,Mobile,South,Organic,0,Yes,
188,83938ecc-f53f-494b-a0b7-4c087dbde22e,Visit,31:06.0,Desktop,South,Referral,0,Yes,
189,56d8e9f7-8ce3-4da3-8fae-52a6385ebc4a,Visit,40:21.1,Mobile,North,Organic,0,Yes,
190,7f0993d7-8db4-4813-a896-771cb8f8934d,Visit,29:54.8,Desktop,North,Organic,0,Yes,
191,ecb30248-a7eb-4144-85ef-137391c4f4fd,Visit,03:29.6,Tablet,South,Paid,0,Yes,
192,3f161cac-e83f-436f-8145-0d947540bcc9,Visit,48:12.2,Mobile,South,Paid,0,Yes,
193,581ecf74-4b18-4290-af64-4adcb6ef9a24,Add to Cart,23:50.9,Desktop,West,Paid,0,Yes,
194,99fa8742-fe20-4449-b1d2-35a30abc415a,View Product,46:00.5,Tablet,North,Paid,0,Yes,
195,0e5c9155-c649-4c03-9b25-21cd9b0c343a,Visit,06:25.6,Tablet,North,Organic,0,Yes,
196,158ead56-f792-4ddf-a8e3-56fd8622a160,Visit,27:16.8,Tablet,North,Referral,0,Yes,
197,bdcc438e-eaba-45b4-9eb9-b3d780003190,Add to Cart,13:00.2,Tablet,South,Referral,0,Yes,
198,645e1f0d-33d6-4675-aad2-2d7f2f4f9ca0,Visit,45:48.7,Mobile,North,Organic,0,Yes,
199,b11d4cf1-658a-4e95-bc1a-8fecf83a6405,Visit,38:13.3,Desktop,North,Paid,0,Yes,
200,fcffafb0-30ea-42d4-bed6-3a5e7996c214,Visit,27:04.9,Desktop,South,Referral,0,Yes,
201,dfc40fc0-95b0-4013-aba5-d760afe15077,Visit,25:45.5,Tablet,North,Organic,0,Yes,
202,8014c339-28a5-493f-ade2-f2c2419fa941,Visit,17:33.3,Desktop,East,Paid,0,Yes,
203,ac184d47-0a32-4e8c-bbc8-e8b137234728,Visit,48:49.3,Desktop,North,Referral,0,Yes,
204,8eec977d-6f97-43b2-8bd5-bdf4db10ec49,Visit,46:37.8,Tablet,South,Organic,0,Yes,
205,573d9585-7079-4dc7-994d-606a0dfe90a9,Visit,55:06.1,Tablet,South,Referral,0,Yes,
206,329877f8-dc85-49cb-a62d-93755fdc5d4c,Visit,03:53.8,Desktop,North,Referral,0,Yes,
207,c78bb718-525e-4051-899a-4b414bba298f,Visit,30:12.8,Mobile,North,Referral,0,Yes,
208,60765437-8852-477a-a2b8-54bce908ce4c,Visit,12:46.0,Tablet,North,Paid,0,Yes,
209,2cf79ad7-953b-4d3b-a0e5-d3c7fbf33494,Visit,48:05.7,Tablet,East,Referral,0,Yes,
210,44be75d4-e5aa-4bca-8c8c-1192feab3c35,Visit,52:02.8,Mobile,North,Referral,0,Yes,
211,35673f20-8232-41cf-b775-a8d2f517f503,Visit,27:41.7,Tablet,East,Organic,0,Yes,
212,33ff757e-0c38-4969-820e-f9d83c9dcb7c,Visit,36:00.5,Tablet,South,Paid,0,Yes,
213,56a1752c-74ac-40d2-8bd2-cc61be2e656a,Visit,21:37.8,Tablet,North,Referral,0,Yes,
214,27eaafea-e6af-4b1a-bc38-b7a239220bd5,Visit,54:45.8,Mobile,North,Paid,0,Yes,
215,1a8719b0-cf68-496b-aba5-f1c3283d0aee,Visit,27:03.0,Desktop,East,Referral,0,Yes,
216,a207115a-13c5-4262-9edb-8e8269e2fa76,Visit,04:39.6,Tablet,East,Referral,0,Yes,
217,e1b53ddd-d6fc-4641-ba43-1b75a9717048,View Product,20:53.2,Desktop,South,Referral,0,Yes,
218,c5c687da-6856-4422-9285-82401b2b50d6,Visit,36:22.3,Mobile,East,Organic,0,Yes,
219,a2817c7b-6df9-4acf-ae58-e1628882b89b,View Product,14:43.3,Mobile,South,Referral,0,Yes,
220,e7ed8474-d397-4b53-b93f-d148b4d844bf,Visit,44:51.0,Desktop,North,Referral,0,Yes,
221,dcf33df3-49b7-490d-9770-a44fefb0017c,Add to Cart,19:48.5,Mobile,North,Organic,0,Yes,
222,b1ae5864-6316-42d0-bbe3-195ae49894e8,Visit,26:31.1,Tablet,West,Referral,0,Yes,
223,86434ccf-827f-4a22-aa84-891b616adf5c,Visit,33:08.0,Mobile,West,Organic,0,Yes,
224,4a689a5c-a528-4ddf-b399-5a425dae9239,Visit,42:51.1,Mobile,West,Organic,0,Yes,
225,3de9a9fb-8f44-41e5-925f-c46b64d14bd0,Visit,40:55.7,Mobile,East,Referral,0,Yes,
226,a98e8c82-ea52-4daf-b541-e13138608e01,Visit,00:01.1,Tablet,North,Paid,0,Yes,
227,54cde5b8-6313-4531-aa85-8ea348e142d0,Visit,15:19.1,Tablet,North,Organic,0,Yes,
228,2453fb87-9f27-4852-a466-3f3b4bb07994,Visit,41:49.8,Mobile,East,Referral,0,Yes,
229,d29ffca6-26b7-428d-9e55-5e3366c116ed,View Product,41:49.0,Mobile,West,Paid,0,Yes,
230,654b8f7d-6d46-4e30-9a89-86d28e384e63,Visit,11:34.8,Desktop,South,Referral,0,Yes,
231,d632b283-c69c-44ac-b0d6-5af7e6c1a1e2,View Product,17:47.7,Desktop,East,Paid,0,Yes,
232,a624d293-b6f1-4ce1-acfb-339e645fe50a,Visit,10:41.4,Desktop,North,Referral,0,Yes,
233,a210f0b1-a556-4236-a3be-a01ede39c050,Visit,55:16.2,Desktop,West,Referral,0,Yes,
234,ec0e07e1-dd46-470f-86b6-8dd0fd8386b3,Visit,55:54.5,Tablet,South,Referral,0,Yes,
235,8caa6cda-9c18-4703-b6e1-095efa6dd31c,Visit,10:42.3,Mobile,West,Paid,0,Yes,
236,5d552a94-4709-4641-9163-3554e56cd3af,Visit,25:25.9,Desktop,West,Paid,0,Yes,
237,4c9e6f51-92a5-4cd9-a0c2-3b06c8b89f33,Visit,32:26.6,Mobile,East,Paid,0,Yes,
238,5f01d4c5-53f7-44c1-bd6f-b7fff3e8c2a1,Visit,31:03.1,Mobile,East,Paid,0,Yes,
239,730790c3-306b-4531-b664-c1179190c556,Visit,04:01.5,Tablet,East,Paid,0,Yes,
240,8753d55e-47b5-4b77-8db7-696cd10729b2,Visit,07:48.5,Mobile,North,Paid,0,Yes,
241,25a9314d-ac29-4365-a199-dcc708fa48ca,Visit,44:08.5,Mobile,North,Referral,0,Yes,
242,e5edfcf5-9c73-44b8-93ad-3f0ce46869c0,Visit,23:29.2,Tablet,South,Paid,0,Yes,
243,9dc1633c-057a-4df3-8003-cdaff2f3a81a,Visit,11:24.2,Desktop,East,Organic,0,Yes,
244,dd73c45c-50f7-4352-9c4f-975e49ab3703,View Product,25:39.0,Desktop,East,Referral,0,Yes,
245,a94f4186-6135-4beb-95b5-16755d996e2f,Visit,42:57.3,Mobile,North,Organic,0,Yes,
246,5e9a17d9-1876-413d-a6c6-beed8d73c876,Visit,55:20.3,Desktop,West,Paid,0,Yes,
247,1381f312-0c87-4916-9ae8-0b4cc4f22510,Visit,38:29.3,Desktop,North,Referral,0,Yes,
248,6fd7f9f9-13c4-4323-80f3-f71d2b7cc3d4,Visit,10:16.3,Tablet,West,Organic,0,Yes,
249,2eef7d54-c46e-4ca6-9e79-29a1ed0379e3,View Product,50:04.9,Mobile,East,Organic,0,Yes,
250,d6c0a9c8-6d7e-470b-8ad0-0691bda7ed89,Visit,07:59.4,Tablet,South,Referral,0,Yes,
251,5254606b-1f23-4e35-895c-b216926af867,Visit,09:19.3,Tablet,East,Referral,0,Yes,
252,6ef7b626-b1c3-40b3-8308-765320e83c8f,Visit,13:26.7,Tablet,East,Organic,0,Yes,
253,e911c6fb-6d56-4f96-be3f-17d7bab2ce41,Visit,43:51.3,Tablet,West,Paid,0,Yes,
254,ef07d662-22f7-493c-a877-200e614f21fe,View Product,11:05.8,Tablet,North,Organic,0,Yes,
255,01af3b62-83d6-4c60-adb5-add7bd12d2c6,Visit,24:27.0,Desktop,West,Referral,0,Yes,
256,7330d3d9-0f35-43d5-bf3f-524f227baeb7,Visit,23:29.0,Tablet,West,Paid,0,Yes,
257,97112288-25f7-4965-82ea-cfe8ad2d7342,Visit,01:39.5,Tablet,North,Organic,0,Yes,
258,72433a50-0287-4a5a-a798-210a96c5adfc,Visit,31:46.2,Mobile,North,Referral,0,Yes,
259,3c260221-2f0b-41e6-b16e-9020421fc356,Visit,31:30.3,Desktop,South,Referral,0,Yes,
260,5eb5675b-83fe-476a-8ba8-2c0c917087f5,Visit,13:39.4,Mobile,West,Paid,0,Yes,
261,092c39b7-b860-4644-b6bf-fe42e71cc110,Visit,35:10.1,Desktop,North,Paid,0,Yes,
262,f2264749-ca86-45c8-b570-fc8272d3e8cc,Visit,21:57.7,Tablet,South,Organic,0,Yes,
263,20156207-17d8-4d8d-94f2-73b28f6124f4,View Product,34:37.7,Desktop,West,Referral,0,Yes,
264,4b4a279c-319e-4b23-97ff-a9911ae9dda8,Visit,59:09.9,Mobile,North,Paid,0,Yes,
265,19390688-6261-43df-a080-2c3a34b85e25,Visit,19:54.9,Tablet,South,Paid,0,Yes,
266,4dfea22c-98bb-4e49-b97e-d94ba05d3d92,Visit,24:44.8,Mobile,South,Referral,0,Yes,
267,084c4c19-de08-41ea-8027-913a73554354,Visit,30:02.3,Tablet,South,Organic,0,Yes,
268,fff93ef9-c382-4f39-9741-0dffcb770fa9,Visit,03:00.1,Tablet,North,Organic,0,Yes,
269,b9a85233-bd2c-461a-990d-0da62c9b40ea,Visit,53:04.7,Desktop,South,Organic,0,Yes,
270,90c1c35b-443a-4178-aa16-b6c7ef3d8e72,View Product,35:26.0,Tablet,South,Referral,0,Yes,
271,c66788ab-41f5-420e-a50c-3f0c059dc37b,Visit,25:41.0,Desktop,South,Paid,0,Yes,
272,58cfe1d9-dd98-43c7-a292-4d3cfdfdfcc2,Visit,56:08.7,Mobile,North,Referral,0,Yes,
273,fc3c54b7-48fc-4560-a6bd-ba6c5c9cb36a,Visit,02:34.3,Mobile,East,Referral,0,Yes,
274,06a0678a-b2e4-44a0-a123-bb6a6cb5d456,Visit,38:25.8,Mobile,North,Paid,0,Yes,
275,99fff070-30b8-4af2-af5a-3c9002194495,Visit,13:19.6,Mobile,South,Organic,0,Yes,
276,a257c452-34eb-43c2-922d-bdaaed045e3e,Visit,48:08.9,Tablet,North,Organic,0,Yes,
277,09e4d724-7565-4e00-9eaf-e7f7369754ea,Visit,46:04.2,Mobile,West,Referral,0,Yes,
278,d54ad74f-58a1-4377-886b-ccf5d017f7af,Visit,39:55.0,Mobile,South,Organic,0,Yes,
279,533a2e04-b879-491e-8233-17799175e9b0,Visit,03:01.6,Mobile,North,Organic,0,Yes,
280,711811e4-e112-4dc6-aae4-fc2a754fb7d0,Visit,56:55.9,Tablet,South,Referral,0,Yes,
281,86aa3edf-aff6-4fe9-8a02-808eba1f1bc5,Visit,56:16.4,Mobile,South,Organic,0,Yes,
282,e02b6847-f221-46f8-b299-ab877b88fc87,Visit,13:21.7,Tablet,North,Referral,0,Yes,
283,f160a168-249e-4ffe-9cdc-b4dda7f32753,Visit,29:39.2,Mobile,South,Referral,0,Yes,
284,df83b3dd-693c-457b-8fbd-52ea3a0b4135,Visit,20:52.6,Desktop,East,Referral,0,Yes,
285,be4b45d5-e32f-43d4-b00d-b8ec157602cb,Visit,02:37.8,Tablet,East,Referral,0,Yes,
286,7157d287-ba0e-48b9-a80c-34c5a09346b4,Visit,21:20.4,Desktop,North,Organic,0,Yes,
287,6f1df6d1-7b0e-4dfe-ac35-f1fb937a707e,Visit,15:41.2,Mobile,West,Paid,0,Yes,
288,43fc6111-1ff3-412e-bb9d-0aec88e017f8,View Product,17:19.1,Desktop,South,Referral,0,Yes,
289,c217b5be-af8c-4529-8e4c-25ebb26f6e5d,Visit,34:54.5,Mobile,South,Referral,0,Yes,
290,6d3b878a-f5df-4fce-b80d-b5f6d6c7b671,Visit,28:22.3,Tablet,North,Referral,0,Yes,
291,3376bdd3-5219-46d1-b7a3-26719562a03f,View Product,15:45.7,Tablet,South,Paid,0,Yes,
292,ac5bbea5-9ef3-4042-9fe1-757b3b3262c4,Visit,57:23.1,Mobile,East,Paid,0,Yes,
293,9631b8d3-d57e-457f-8349-6fca2c742108,Visit,27:05.2,Desktop,East,Paid,0,Yes,
294,78e48da1-898b-4e3d-943f-3061d4fa1a62,Visit,34:31.0,Mobile,North,Paid,0,Yes,
295,26f20e96-7e5c-4820-9e52-bb1aa6029a9f,Visit,02:21.7,Desktop,East,Paid,0,Yes,
296,58772947-ffcf-4d8e-aa8d-01a1e119ef08,Visit,50:02.2,Desktop,East,Organic,0,Yes,
297,ac1b5ddc-a8c7-4760-86ca-ce3d4fd5de4c,View Product,30:08.2,Tablet,South,Paid,0,Yes,
298,b79cc892-9372-4cfd-b173-7320baa67964,Visit,16:27.6,Desktop,North,Referral,0,Yes,
299,49cf5221-835a-42cb-b26a-264e342c0464,View Product,03:01.1,Mobile,West,Paid,0,Yes,
300,e260d101-b65e-4f0d-9a3c-b872dcba71d2,Visit,45:43.4,Mobile,North,Organic,0,Yes,
301,49c42820-69cc-4b4f-b8dc-c008ec056eba,Visit,36:04.8,Desktop,South,Referral,0,Yes,
302,e4820464-d33e-4345-8268-57d71de92d78,Visit,45:54.6,Mobile,East,Organic,0,Yes,
303,d74c8d5a-304d-4447-b071-f1603fca8e54,Visit,38:59.1,Mobile,West,Organic,0,Yes,
304,94437847-89df-4fea-b2aa-df7338625e70,Visit,06:13.9,Tablet,West,Referral,0,Yes,
305,36d24fd4-032f-4bd0-8b12-fe9a2e78d960,Visit,21:25.4,Tablet,West,Organic,0,Yes,
306,033184c3-03ce-4d6a-aead-7879cde9ce41,Visit,07:50.7,Desktop,North,Organic,0,Yes,
307,353953a6-8733-4bbc-8500-935868815a24,Visit,33:09.1,Mobile,East,Organic,0,Yes,
308,f6712647-16ee-4933-bb26-27544159ee9d,Visit,22:35.7,Mobile,South,Referral,0,Yes,
309,dec1fe43-6391-4173-a852-41826fae82f8,Visit,33:00.6,Tablet,West,Paid,0,Yes,
310,1e390e6e-c943-48dc-a2a8-9bfec6dbbcd1,Visit,05:15.9,Mobile,North,Paid,0,Yes,
311,80c57a45-fab2-4fa0-b632-093035b3ebfc,Visit,19:37.6,Tablet,South,Referral,0,Yes,
312,7e8ded60-7149-44e5-b7bb-8b89b7b6790f,Visit,15:06.8,Mobile,West,Paid,0,Yes,
313,2e934e40-275c-4fad-b9b2-f1caf2f87ece,Visit,32:22.8,Desktop,North,Paid,0,Yes,
314,aff7a548-82fc-42c5-ac39-d9ef6f4fbfea,Add to Cart,54:54.6,Desktop,North,Paid,0,Yes,
315,3d6bf548-c5cb-4153-bc2b-817bbd6c7c40,Visit,28:08.9,Desktop,West,Organic,0,Yes,
316,1106ce0d-b007-429c-99c6-47ddb682cb22,Visit,20:41.8,Tablet,North,Organic,0,Yes,
317,76c995e1-ced4-4d74-95a6-b59c9c4572ee,Visit,34:51.6,Tablet,West,Referral,0,Yes,
318,38a3fcd0-00de-4fd4-83e9-f060c8e3b9fd,View Product,53:44.6,Tablet,South,Referral,0,Yes,
319,24b539bc-2b7f-4e62-957c-c0533e3df5dd,Visit,09:17.7,Tablet,South,Organic,0,Yes,
320,02d3855a-3e51-42bd-9820-46b8c6531f2f,Visit,13:43.0,Tablet,North,Organic,0,Yes,
321,aa39299b-8a19-4427-b58d-67c5fdcb9263,Visit,49:23.3,Tablet,North,Referral,0,Yes,
322,acc6df55-4b37-402c-a747-497711f79e48,Visit,42:53.7,Desktop,East,Referral,0,Yes,
323,aaea9eb0-e67f-4d75-9958-6498e4b118f0,Visit,13:35.0,Mobile,South,Paid,0,Yes,
324,f533aff7-abea-4b2f-af1a-97a788708299,Visit,58:00.1,Mobile,West,Organic,0,Yes,
325,d8186e55-0d8f-4ad2-85c8-62b6bf562463,View Product,29:03.6,Tablet,South,Organic,0,Yes,
326,852d146b-3d75-403d-b0ff-2aa74e9cc4fd,Visit,26:41.1,Mobile,West,Paid,0,Yes,
327,6bb3b6c1-1966-4544-ad1c-4d93fbc5d89d,Visit,22:55.2,Desktop,West,Organic,0,Yes,
328,fdab6fd1-fdcb-431c-bd46-62e2f777f933,Visit,07:19.5,Desktop,West,Paid,0,Yes,
329,6d773d84-1d15-4002-a219-c3822009dee5,Add to Cart,39:11.2,Mobile,South,Referral,0,Yes,
330,969b444d-e91c-44c4-821e-b824fcfc6685,Visit,06:23.3,Desktop,North,Referral,0,Yes,
331,f8aef25a-1e90-4737-a7e7-f72a9b6bbb43,Add to Cart,23:42.2,Desktop,West,Referral,0,Yes,
332,93bffa51-0c86-4879-9b59-6ccde953d9e2,View Product,06:58.8,Mobile,North,Referral,0,Yes,
333,00b4a434-1d1f-442d-b932-61229f849b75,Visit,34:43.4,Tablet,East,Organic,0,Yes,
334,d17d8c40-b92b-43c7-b4fc-cdb2e1e5ff43,Visit,50:00.8,Tablet,South,Paid,0,Yes,
335,fcfdf59c-1c6c-46cf-857e-c3024941c63e,Visit,04:56.5,Tablet,South,Organic,0,Yes,
336,5c1157f9-a76f-40ea-bb17-730abc2b196f,Visit,32:44.2,Desktop,West,Organic,0,Yes,
337,4349bc38-4fe0-42f0-91b4-de4829ac85ce,Visit,16:02.6,Tablet,South,Organic,0,Yes,
338,b712ef7d-c29d-4fcf-bc8f-9d5f54d0c0b7,Visit,31:27.5,Desktop,North,Organic,0,Yes,
339,3c2a6030-643f-48a6-9966-fb6ecbd55f39,Visit,35:57.2,Mobile,East,Referral,0,Yes,
340,29693863-6c0a-48e6-86f2-45376dc778f3,Visit,01:51.5,Tablet,East,Referral,0,Yes,
341,7b2266c4-9b4b-48a9-99be-6b4a4a4256be,Visit,50:10.7,Desktop,West,Referral,0,Yes,
342,6e35981b-3575-4581-9c0e-aac97619d644,Visit,21:40.6,Tablet,West,Paid,0,Yes,
343,558e9bbf-352c-4ce3-8f4f-b9d459fc70af,Visit,41:10.9,Mobile,South,Referral,0,Yes,
344,758c9cb1-9f58-491c-b142-f8049efcc92d,Add to Cart,12:05.5,Mobile,North,Paid,0,Yes,
345,aeb4aa81-a8b6-4116-9b7c-095817d455fd,Visit,40:09.1,Desktop,West,Referral,0,Yes,
346,13a7ae82-f2ce-442f-b046-204b5c0407e6,Visit,43:33.7,Tablet,West,Organic,0,Yes,
347,bec31123-23af-4777-b9bf-28eef81f2fcf,Visit,14:02.2,Tablet,South,Paid,0,Yes,
348,20e53a60-20a7-4d00-9fc9-f709383e743d,Visit,38:01.6,Tablet,East,Paid,0,Yes,
349,b3b63b4c-e4dd-43e9-9dfe-23697ae4df89,View Product,45:24.5,Mobile,West,Referral,0,Yes,
350,e52bdf6f-2082-4255-b06d-ea7508e277b8,Visit,59:29.6,Mobile,East,Paid,0,Yes,
351,0f357a76-bb80-4934-a5c8-d7d34b264b5d,Visit,52:05.8,Mobile,East,Referral,0,Yes,
352,75f11087-aa3a-4174-b27a-b18d4ce8520b,Visit,19:37.4,Tablet,West,Paid,0,Yes,
353,a90b7fde-c67a-4c72-825b-3329b1dff590,Visit,27:25.0,Mobile,West,Organic,0,Yes,
354,96e77bb3-6440-4160-8807-67b624bf4bd1,Visit,25:10.0,Mobile,North,Referral,0,Yes,
355,e33c8cec-cd86-4ccd-976d-77ede230c819,Visit,16:51.7,Desktop,East,Referral,0,Yes,
356,2f15304d-e416-49f0-8fcd-22b1a259cf04,Visit,28:07.8,Tablet,West,Organic,0,Yes,
357,0d127379-a0f5-4e7a-b8b3-2579997ab637,Visit,43:53.0,Tablet,West,Paid,0,Yes,
358,c742bb63-251d-47f1-a425-01e96c5a2f26,Visit,02:04.9,Desktop,South,Referral,0,Yes,
359,a757173c-4374-4e0c-9d6d-f2f0419c5055,Visit,16:29.6,Mobile,East,Referral,0,Yes,
360,d0af709c-2271-4e32-8681-f74dd47abb78,Visit,14:01.3,Tablet,North,Paid,0,Yes,
361,3390b9b5-0863-44b4-92bf-f900dbd37f13,Visit,53:37.7,Desktop,South,Organic,0,Yes,
362,b903a222-4caa-42f1-8bd8-07d782e5b9ae,Visit,58:05.0,Desktop,South,Paid,0,Yes,
363,258307b9-5f1e-4449-b526-4da3fa16eaf5,Visit,39:23.1,Tablet,South,Paid,0,Yes,
364,7615d0e5-5785-4073-a590-5dc72c50237f,Visit,26:00.6,Tablet,East,Organic,0,Yes,
365,6286e8ef-de12-4b57-8b69-d0e9d8d2d056,Visit,53:40.0,Mobile,South,Paid,0,Yes,
366,72ada0e0-a612-44df-868f-ab7016b34570,Visit,56:17.6,Mobile,East,Organic,0,Yes,
367,96b4a397-9fb8-41ff-a628-73793389ed21,Visit,40:49.8,Mobile,West,Referral,0,Yes,
368,0054062a-7868-419f-806a-e43b7e0a6096,Visit,54:51.6,Desktop,East,Paid,0,Yes,
369,29b8efed-90d4-4cee-b654-c42cb8e3d666,Visit,26:29.6,Mobile,North,Paid,0,Yes,
370,164a7ad5-06bc-4378-8f08-1d69fccc96eb,Visit,46:57.2,Desktop,East,Referral,0,Yes,
371,1d5fc120-83c8-436e-ab03-e29e8a4a14ec,View Product,27:56.0,Desktop,West,Organic,0,Yes,
372,02a7debb-9cd0-4e68-8eeb-00d21b989ef5,View Product,51:24.8,Mobile,South,Organic,0,Yes,
373,8c2d3837-7227-4c46-a2e4-e985294cc9f5,Visit,51:51.0,Tablet,North,Organic,0,Yes,
374,95819dbe-b711-464c-819f-6cedf869e03d,Visit,20:01.7,Mobile,North,Organic,0,Yes,
375,b1e8002e-5e94-4b56-bc4e-abe235f408f6,Visit,31:29.2,Tablet,South,Paid,0,Yes,
376,80c57d00-e9b5-4ba1-b279-c1e67cf51ec4,Visit,29:20.0,Mobile,East,Organic,0,Yes,
377,741bcd1a-2d1a-4da0-b814-09c39d785b48,Visit,36:54.0,Desktop,North,Organic,0,Yes,
378,b4489aa1-7461-44b0-84e9-37db7a8beb38,Visit,26:07.7,Tablet,East,Referral,0,Yes,
379,46127fba-b73c-4f04-b0ad-81778845c05e,Visit,07:31.7,Tablet,West,Paid,0,Yes,
380,19cfba88-6bcd-4ec6-8539-6fa77b2237d2,Visit,04:01.8,Mobile,South,Paid,0,Yes,
381,d7486b8f-3d51-4e66-bd82-bb24d0a57b00,View Product,11:47.5,Mobile,North,Paid,0,Yes,
382,9d3640b9-528c-413f-a0c2-6cdc47a4230a,Visit,26:37.1,Tablet,North,Organic,0,Yes,
383,0a44640e-d7d3-493d-a205-fd730ac0d38d,Visit,56:40.0,Tablet,East,Organic,0,Yes,
384,736fe209-de59-43ac-9c30-189886f7b727,Visit,19:32.5,Mobile,West,Paid,0,Yes,
385,6751106a-9001-4869-8576-2c821f5f59d1,Visit,58:58.4,Tablet,East,Paid,0,Yes,
386,d781f514-f3ee-428d-a426-3851f222aaea,Visit,47:41.0,Mobile,South,Paid,0,Yes,
387,11b7e986-3c20-4a31-a036-9dffb1c00913,Visit,52:29.3,Desktop,West,Paid,0,Yes,
388,1f3c24f9-31c8-4040-8cac-e68d7c2dd5ee,Visit,41:49.0,Tablet,West,Paid,0,Yes,
389,4d24bb7f-2944-4240-a9c0-e5eb09870777,Visit,39:09.7,Mobile,South,Organic,0,Yes,
390,caf24070-ad03-401b-b7f1-a19bb6079e71,Visit,40:03.7,Desktop,South,Paid,0,Yes,
391,f2e9e7f7-9c65-44c7-bbe7-2a829e0ec4c7,View Product,39:44.4,Mobile,East,Paid,0,Yes,
392,53960ea1-8170-4f21-a545-16c8e1063a7a,Visit,26:21.0,Desktop,South,Organic,0,Yes,
393,c72f8b44-9854-4922-970a-e58b34d09577,Visit,20:50.5,Tablet,West,Organic,0,Yes,
394,fea309ae-8413-45ee-a0c2-0890335b6067,Visit,11:45.8,Tablet,North,Organic,0,Yes,
395,5330e06b-10d7-4846-ad2b-44af6b5b1546,View Product,50:57.6,Desktop,North,Referral,0,Yes,
396,64d3e7e3-0b3c-4b2c-9ba1-7621e5327564,Visit,11:42.5,Desktop,East,Referral,0,Yes,
397,3c876d74-0438-4488-8efc-7037bcdf0910,Visit,03:19.3,Mobile,West,Paid,0,Yes,
398,ace34a0f-8cc9-4a49-a66b-7cdb6e5f0e4d,Visit,44:26.7,Tablet,South,Organic,0,Yes,
399,73e3ce29-69be-4162-acbf-eed14bda6dd7,Visit,34:03.7,Tablet,South,Organic,0,Yes,
400,c4aa51ca-e0fe-4f70-adf8-e6db064304f9,Visit,43:52.1,Desktop,North,Organic,0,Yes,
401,9a0e3031-cafd-46c2-8d7c-cf702298664b,Visit,05:02.6,Mobile,South,Referral,0,Yes,
402,6b19bbbe-6461-4ecb-b919-eacd31be9272,Visit,52:25.1,Mobile,North,Organic,0,Yes,
403,484d5355-3122-4de6-9a32-de11c3743fcd,Visit,13:50.4,Mobile,East,Referral,0,Yes,
404,310f5515-b983-42a7-b9c1-16e6c2092526,Visit,29:18.0,Desktop,North,Referral,0,Yes,
405,4d5bab62-5cdf-4d2c-b3dc-c231e1b6d508,Visit,20:31.2,Mobile,South,Referral,0,Yes,
406,d047ae12-6b01-4614-81a0-29e182579652,Add to Cart,27:38.5,Tablet,West,Paid,0,Yes,
407,a498f515-8b14-4b42-84ed-18ca805b7a11,Visit,45:27.1,Tablet,North,Organic,0,Yes,
408,b1dea893-4f33-42a9-abdc-4bae35c12e77,Visit,13:12.5,Tablet,South,Organic,0,Yes,
409,dbd56aff-f631-4782-afa9-193b84ea6782,View Product,04:35.7,Mobile,West,Paid,0,Yes,
410,e7e6757c-38d1-46a8-b699-0e76a24e0bdb,Visit,58:16.9,Desktop,South,Referral,0,Yes,
411,39d1be8b-1893-4a6c-8a87-fe1f2d40b760,Visit,23:38.9,Mobile,West,Referral,0,Yes,
412,4e872510-06df-4044-856b-49df9534fd00,Visit,20:17.0,Tablet,East,Paid,0,Yes,
413,b3de1d3c-27d6-4d98-bebc-271ecf1f1a34,Visit,42:33.7,Desktop,East,Referral,0,Yes,
414,4db5bc78-76e3-4c79-a320-080b4908d390,Visit,19:30.1,Tablet,West,Organic,0,Yes,
415,8a6639a7-fe66-4fbf-a5da-7e16882fcfda,Visit,21:23.1,Mobile,East,Referral,0,Yes,
416,7fedf4d8-0e5e-4d85-9fba-87dde152310f,View Product,09:18.2,Mobile,North,Organic,0,Yes,
417,e8aa5c10-c565-41dc-9c59-5f29a3bfbbe0,Visit,29:12.4,Mobile,West,Paid,0,Yes,
418,93428a6a-4ab3-444d-9a50-ca55fb3d9916,Visit,11:25.0,Tablet,North,Referral,0,Yes,
419,4942e423-0203-4754-913c-352d022157b4,Visit,27:49.8,Mobile,South,Paid,0,Yes,
420,c07ba3b8-3699-4b3d-a1b7-92b63480281a,View Product,44:37.0,Desktop,South,Referral,0,Yes,
421,eefb61f9-12c9-478d-a283-bb49b35bbc1e,Visit,03:32.9,Mobile,East,Referral,0,Yes,
422,948fb5af-522d-4a6c-b6fc-f6b4ec80f079,Visit,51:04.2,Desktop,South,Organic,0,Yes,
423,f55751e0-282f-4fbd-a7b4-67d3716eef4b,View Product,55:29.6,Mobile,West,Organic,0,Yes,
424,33151636-f939-45cd-b05b-79fdf085dc68,View Product,41:16.3,Mobile,East,Organic,0,Yes,
425,edcc966d-de21-4be0-a12c-d662769b3487,Visit,14:58.3,Mobile,South,Paid,0,Yes,
426,992cc89e-7679-48d3-8bf3-57fe2ee64fcc,View Product,56:00.0,Mobile,North,Organic,0,Yes,
427,97b3e9ef-7b26-4933-84bb-dbcab605d2fd,Visit,59:52.8,Desktop,West,Organic,0,Yes,
428,297bdbf7-23a7-4fb8-b8dc-8d8f81cee264,Visit,35:06.9,Desktop,North,Organic,0,Yes,
429,ad1703ce-85a3-42cc-888b-242d692a56d3,Visit,27:20.4,Tablet,South,Paid,0,Yes,
430,b406f37b-fe08-4756-afe8-8337db86b634,Visit,20:52.1,Tablet,North,Referral,0,Yes,
431,5df02837-bc4d-4aca-a05a-dbef54360e67,Visit,25:01.9,Mobile,South,Organic,0,Yes,
432,a4a42560-418a-42f9-ac3d-48528a97781c,Visit,25:03.0,Tablet,North,Referral,0,Yes,
433,cdb26d2c-d9b0-40ae-83b3-e3b59f8311ce,Visit,35:00.5,Mobile,South,Organic,0,Yes,
434,e510ae30-4a66-447b-8177-6376faf3dfad,Visit,11:06.8,Tablet,West,Paid,0,Yes,
435,e2c93792-1e76-4fb0-933c-fdc0efd1abd5,Visit,26:28.1,Mobile,South,Paid,0,Yes,
436,d14aedc1-e0fb-4bd6-95b3-80f2b7162400,Visit,32:10.0,Tablet,West,Organic,0,Yes,
437,84684949-0712-4010-9fc9-a5ca52624218,Visit,42:13.5,Mobile,South,Organic,0,Yes,
438,ae72586a-8df4-4f1b-a667-0419f1085da8,Visit,34:18.9,Desktop,North,Organic,0,Yes,
439,4645d468-b022-472b-a9d6-7be2c36e889a,Visit,28:00.2,Desktop,West,Referral,0,Yes,
440,990b9f23-8824-4e4f-bbdf-04b571f6f298,Visit,10:08.2,Desktop,North,Referral,0,Yes,
441,be5eb6c5-972c-4f31-9d4d-1330a8cbbefd,Visit,07:46.9,Tablet,North,Paid,0,Yes,
442,82ed4a30-6b1a-4e8c-9f60-e1e2c923d6e0,Visit,11:34.9,Mobile,West,Paid,0,Yes,
443,372e4cee-9307-42a1-8670-b313ab1f1213,View Product,24:56.8,Mobile,West,Organic,0,Yes,
444,71a847fc-d9ef-4924-8112-692b25b6d728,View Product,50:27.7,Mobile,South,Referral,0,Yes,
445,4e79078d-bd05-4b3d-b6e0-ca8bb0b16a0f,Visit,40:07.6,Tablet,North,Organic,0,Yes,
446,c7496d20-4b06-4727-a421-0c4abc09703e,Visit,33:50.9,Tablet,West,Organic,0,Yes,
447,4d4cedee-2c8d-4547-b410-a297a86a3941,Visit,14:47.2,Mobile,South,Referral,0,Yes,
448,8d2af08f-5ae3-4b1d-9580-1750581abfb5,Visit,05:19.0,Desktop,East,Paid,0,Yes,
449,b747582e-4ca2-4a41-b126-a95c475a836b,Visit,40:43.9,Tablet,North,Paid,0,Yes,
450,be8b1911-44a6-4a6d-82b8-dd5aac865909,Visit,23:56.4,Desktop,South,Organic,0,Yes,
451,8e55ec18-2159-4214-8f9e-2544d3c3a741,View Product,08:11.1,Desktop,East,Organic,0,Yes,
452,4b0c0d8e-0ddb-410f-a6af-97f7470f30f4,Visit,53:51.3,Desktop,South,Paid,0,Yes,
453,f4cd2aa7-261d-4129-b1c0-61f0c477b4bf,Visit,13:35.3,Desktop,West,Paid,0,Yes,
454,23682cbc-2b4e-4eeb-9580-6b0853629315,Visit,13:39.7,Tablet,East,Organic,0,Yes,
455,b8e211ee-fed9-4cd8-9e07-eca7bfa708c6,Visit,33:11.6,Tablet,West,Organic,0,Yes,
456,50a64108-01d4-44f2-ad78-44c24e0c2042,Visit,12:17.2,Desktop,East,Referral,0,Yes,
457,ffbb4826-00f5-4cc9-b732-70a7876321ec,View Product,13:55.0,Tablet,West,Paid,0,Yes,
458,0e5aab28-08da-4e15-9f97-81468c4156d0,Visit,14:24.7,Desktop,South,Referral,0,Yes,
459,39431f1a-6a82-477f-8399-5d0f56ffe784,Visit,38:19.8,Mobile,West,Organic,0,Yes,
460,3af1e632-383f-4347-a193-dbb9f8cdf050,Visit,23:07.0,Desktop,West,Referral,0,Yes,
461,0b4cf9a2-16cc-4911-a70c-2696327a9a4a,Visit,46:52.8,Mobile,South,Paid,0,Yes,
462,9a26df5f-1572-4636-a5f8-8826527bd505,Visit,27:24.7,Tablet,East,Referral,0,Yes,
463,abcbccf6-3fc5-45db-ab8d-9da3055db022,View Product,25:25.9,Desktop,East,Paid,0,Yes,
464,39eb6191-3286-4def-be00-681a85a2965c,Add to Cart,38:01.7,Mobile,East,Paid,0,Yes,
465,5ca4a539-54d8-4294-a0be-958350a89c90,View Product,33:24.9,Desktop,East,Referral,0,Yes,
466,afcedf96-c087-4a70-b61e-c6fbeb20fba0,Visit,17:52.6,Mobile,North,Referral,0,Yes,
467,293454cd-1be7-4817-b67a-2b34a26ff328,Visit,16:43.4,Tablet,East,Organic,0,Yes,
468,8b32aedc-0ba1-476b-8031-dbd8d358968a,View Product,05:34.1,Tablet,West,Referral,0,Yes,
469,0762c21a-fe4a-497e-a605-dbb84f8a2dc2,Visit,44:35.1,Mobile,South,Organic,0,Yes,
470,9c12f15f-d880-448c-ba55-d663cd2374f5,Visit,54:28.1,Tablet,West,Organic,0,Yes,
471,16ec0d3c-8684-407c-b8ff-6afcef460c78,Visit,46:29.3,Tablet,East,Referral,0,Yes,
472,bf51973c-f16f-45f0-8b41-2ab06fea2a81,Visit,08:51.6,Desktop,East,Paid,0,Yes,
473,26c9ed3b-1c4d-4a32-9552-6dd43100edd3,Visit,27:34.5,Mobile,West,Organic,0,Yes,
474,2381d439-013b-42f7-a0f8-f77d5cca7870,Visit,28:23.0,Tablet,South,Referral,0,Yes,
475,b65357cd-412a-46e2-a7e3-5ce2c4209fd6,Visit,19:21.4,Tablet,East,Referral,0,Yes,
476,cc3318eb-8548-4c64-ab8b-3f2a0c052a7c,Visit,14:49.9,Mobile,North,Organic,0,Yes,
477,ceaf5d91-1fcb-47dc-81e0-0afcea0eb3c3,Visit,57:53.2,Tablet,South,Referral,0,Yes,
478,971a1251-4394-406b-b3ae-8569f8f292bb,Visit,18:02.4,Desktop,North,Organic,0,Yes,
479,daf6a97f-b3ad-4693-9497-a82ffa71a18e,Visit,52:27.2,Mobile,South,Paid,0,Yes,
480,3556b0cc-9a1e-4b9d-8d7e-33ba0a6a561c,Visit,15:54.9,Desktop,East,Referral,0,Yes,
481,784c796b-5a9e-4a8c-ade4-daa37b943340,Visit,01:14.3,Desktop,South,Paid,0,Yes,
482,5933bbfd-7d5f-4691-bf72-091ebbd931e0,Visit,12:01.6,Mobile,South,Organic,0,Yes,
483,17816ab3-cf38-480b-b2db-716f7906af95,Visit,41:53.5,Tablet,West,Paid,0,Yes,
484,ce9f35a4-ce60-4dd7-b5e5-47c576186ab9,Visit,29:52.9,Desktop,South,Paid,0,Yes,
485,43c67379-1278-4504-bede-4083a878deaf,Visit,06:04.0,Desktop,North,Organic,0,Yes,
486,98912dc0-988b-4e54-ab3f-7ded70483d54,Visit,21:21.4,Desktop,West,Organic,0,Yes,
487,ed83feca-d68f-439a-a7c1-56bd17ffdbda,Visit,31:41.7,Mobile,East,Paid,0,Yes,
488,f5bcc201-ab65-42ca-9269-d40a1f97b8db,Visit,18:01.0,Desktop,North,Paid,0,Yes,
489,c996e824-2315-4b5e-b75b-09e0e2ca4d3e,Visit,18:39.5,Mobile,East,Referral,0,Yes,
490,d49bf425-9656-42eb-b0f3-3cfe1430e7fc,Visit,12:16.4,Desktop,North,Paid,0,Yes,
491,93476f08-6153-44bc-a18e-f3582890a494,Visit,15:18.8,Desktop,East,Paid,0,Yes,
492,b0cc8ba6-43bb-4893-b2d4-aa148c089370,Visit,22:41.6,Mobile,East,Paid,0,Yes,
493,340d5d07-a880-4924-8afa-a4d112b9f485,Visit,33:24.6,Mobile,South,Organic,0,Yes,
494,eac37f61-a27e-45d8-bd83-aa8a5b6473ff,Visit,16:52.0,Desktop,East,Organic,0,Yes,
495,678eab43-507b-4a79-aeba-3b353615fe13,View Product,13:13.8,Mobile,South,Organic,0,Yes,
496,d9a58df8-5385-4534-88e2-a9ac861b64a9,Visit,25:28.3,Tablet,South,Paid,0,Yes,
497,63bf7ed1-7980-46e4-bc58-1ddb0b23e20c,Visit,51:40.3,Mobile,South,Paid,0,Yes,
498,86eb924f-0f69-41d7-8f69-412e9942d5dd,Visit,32:55.9,Tablet,South,Paid,0,Yes,
499,a567d2b1-ae8d-4341-b2c6-a7a304b50d83,Visit,13:42.5,Mobile,North,Organic,0,Yes,
500,9761cdec-3d98-4c1b-8421-a31a0d18023a,Visit,29:49.6,Desktop,West,Referral,0,Yes,
501,86ff9c66-5c9a-4001-b11f-f06754dbfbb2,Visit,46:48.5,Desktop,East,Organic,0,Yes,
502,962b5548-4357-4265-a833-667641bd8d15,Add to Cart,16:14.8,Mobile,East,Referral,0,Yes,
503,5356ffa1-c356-4aa4-8f94-4081ccbbdcb4,Visit,14:54.3,Desktop,North,Organic,0,Yes,
504,8dee5685-f7a4-44b5-9e31-8fbad1f9e090,Visit,55:02.7,Tablet,East,Organic,0,Yes,
505,4b204f73-0f50-4fc4-b29c-d53707309df8,Visit,44:53.3,Mobile,East,Referral,0,Yes,
506,acb779e6-5992-46c8-ab6a-a5399be50fa8,Visit,19:34.7,Mobile,South,Paid,0,Yes,
507,bbb0953f-728a-4b0a-a995-a897f3146abb,Visit,37:44.8,Desktop,East,Organic,0,Yes,
508,7a77187c-44dd-4b0e-a71d-d9819555a121,Visit,56:22.7,Tablet,South,Paid,0,Yes,
509,00ca967d-29e6-43e4-99ba-7b372fcde49a,Visit,48:32.3,Mobile,West,Organic,0,Yes,
510,8f3d967a-ff1f-4fa7-9df8-55bfaf2c8a66,View Product,43:16.1,Mobile,West,Organic,0,Yes,
511,4c40084e-e1e3-4e28-9d1b-d22d7b02b6f8,View Product,37:25.2,Tablet,East,Organic,0,Yes,
512,9619dc45-b6ff-4a14-acbc-5d2d551a9ee9,Visit,24:52.5,Desktop,South,Paid,0,Yes,
513,c4d84509-dce3-43e4-8cee-c45da613f1b6,Visit,46:34.5,Desktop,South,Organic,0,Yes,
514,72c278e8-ef73-4739-bdb8-665f726c09f2,Visit,32:02.9,Tablet,East,Paid,0,Yes,
515,1714addf-ef95-4529-a5b7-fa2e076cc880,View Product,04:50.6,Desktop,North,Paid,0,Yes,
516,8536883b-6bfd-4a70-8d98-4a9848a036a8,View Product,28:52.1,Tablet,East,Referral,0,Yes,
517,c64d34be-5d66-45f7-bcf7-d63345706907,Visit,11:38.1,Mobile,East,Referral,0,Yes,
518,5a2c40ea-79b3-413f-bb78-362de68e11e7,Visit,27:51.5,Tablet,West,Referral,0,Yes,
519,09db8bcf-8eb0-44cb-90eb-44cb6b065de2,View Product,06:01.6,Mobile,South,Referral,0,Yes,
520,633585d0-7030-49a5-bcae-9d64c0c48f63,Visit,09:34.4,Tablet,North,Paid,0,Yes,
521,61df5104-3800-4ece-8a24-ad0724272846,Visit,17:02.8,Tablet,North,Paid,0,Yes,
522,4f4c5903-f17f-44c8-ab89-379da1df34eb,Visit,10:54.9,Desktop,South,Referral,0,Yes,
523,1448d1d9-6583-4d11-9f73-65e5bf0808c7,Visit,42:39.2,Tablet,South,Paid,0,Yes,
524,efbba4bf-da75-4d2a-8293-9f5f3eb57c6b,Visit,04:12.0,Desktop,North,Organic,0,Yes,
525,faa457d0-adaa-476a-bca6-754fe900dcb9,View Product,03:32.1,Desktop,East,Referral,0,Yes,
526,a817dde3-15f5-461c-bcb7-3cc496e21d24,Visit,20:12.7,Tablet,South,Paid,0,Yes,
527,96a29020-6f82-4abb-bc40-9e99c749ea32,Visit,08:08.9,Desktop,West,Paid,0,Yes,
528,c4de165a-e9e8-4f89-bd27-307fc3b12f52,Visit,23:10.3,Desktop,East,Paid,0,Yes,
529,ea5a9243-98c6-4ee7-ace6-74acc43a9561,View Product,09:33.2,Mobile,West,Referral,0,Yes,
530,d05590e4-42d2-4042-85be-f2f48d6292b1,Visit,07:37.7,Desktop,South,Referral,0,Yes,
531,b2190302-aa3e-4c4a-9f78-2eee4b2470d4,Visit,44:16.5,Desktop,West,Organic,0,Yes,
532,7a5d33ab-f371-4cd0-ac86-0cc7cbf98ac8,Visit,19:42.3,Desktop,South,Organic,0,Yes,
533,19d461dd-5678-46f2-8eb4-4051f1b14379,Visit,30:37.1,Desktop,East,Referral,0,Yes,
534,93e3bfbd-26cf-44d6-a586-29def715fb77,Visit,58:15.8,Mobile,East,Referral,0,Yes,
535,ed5e0cb0-018a-4c70-a50d-32228176fa65,Visit,28:00.7,Tablet,South,Organic,0,Yes,
536,d7d7fe59-5dab-42fb-bc68-009a9bed45a8,Add to Cart,18:28.1,Desktop,North,Paid,0,Yes,
537,45cd3fd7-22b3-492d-ac9a-156c7224c73e,Visit,24:11.3,Tablet,East,Organic,0,Yes,
538,104d6f13-8bcc-4c7d-955b-05daee5a50d1,Visit,43:37.9,Tablet,North,Paid,0,Yes,
539,9a09998e-c691-43ed-b4a5-4a11c9e2e31f,Visit,18:12.5,Tablet,South,Referral,0,Yes,
540,1e2176a0-0950-4a9f-92ba-2feac1a80616,Visit,34:37.8,Tablet,South,Referral,0,Yes,
541,788e639e-eebb-457a-9aed-24690bc351c1,View Product,43:11.6,Desktop,East,Paid,0,Yes,
542,2c4a6c13-6832-4b89-bf0d-392c3d27acf6,Visit,17:43.0,Desktop,East,Organic,0,Yes,
543,c5931f7f-aa81-4cee-aaab-83eb031d5915,Visit,54:06.0,Desktop,East,Paid,0,Yes,
544,884f5233-4788-47d9-ad5c-f11120473253,Visit,08:01.7,Mobile,West,Paid,0,Yes,
545,670206b9-da71-4566-b87a-d84bda632e9b,Visit,08:18.1,Desktop,North,Organic,0,Yes,
546,60c920da-a473-4a78-b098-ccba1b464c43,Visit,36:31.7,Mobile,West,Paid,0,Yes,
547,2c49ea2c-104b-4ec6-ade5-61d40554c9c2,Visit,29:12.7,Tablet,North,Paid,0,Yes,
548,4587903c-1086-49df-9ca0-806e63b2075a,Visit,32:02.5,Tablet,North,Paid,0,Yes,
549,0764c0a7-3d20-4adf-b96c-0f35cc0fd131,Visit,16:01.4,Desktop,East,Organic,0,Yes,
550,f564d6ff-564c-4be0-8822-7399f0e4b01a,Visit,31:11.3,Desktop,North,Organic,0,Yes,
551,6110aed5-bf61-49f9-b039-83a9f13f0569,View Product,57:56.7,Desktop,West,Referral,0,Yes,
552,22e5166b-1cc6-4bcb-ad89-a815db7462f4,Visit,34:16.6,Desktop,South,Referral,0,Yes,
553,ff5c3a21-c4dd-4b5b-a976-4065c2061941,Purchase,59:19.9,Mobile,East,Paid,1334,No,No
554,6f8d1399-0297-4e4a-8d8a-7a0661c36274,Visit,17:48.9,Mobile,East,Paid,0,Yes,
555,7c61925e-747c-4eb4-9ea0-d0a726d0fb2b,Visit,13:35.2,Mobile,East,Organic,0,Yes,
556,10d91abd-d2b1-4c2b-a4c2-8b1ff31f0353,View Product,16:56.2,Mobile,South,Paid,0,Yes,
557,fd04125d-5088-4351-9add-940721b6d315,Visit,35:04.8,Mobile,South,Organic,0,Yes,
558,02c0edf2-185f-45f0-95bc-4b93dee37f8a,Visit,43:45.3,Tablet,West,Organic,0,Yes,
559,e983a591-22c6-4ee0-90a2-4998c94bd486,Visit,42:16.9,Desktop,South,Paid,0,Yes,
560,aacfc99e-a800-4749-9073-524191858699,Visit,11:28.8,Tablet,West,Paid,0,Yes,
561,582b4786-30a2-464e-8b69-18985a280ac6,Visit,07:39.0,Desktop,West,Referral,0,Yes,
562,66fd9da8-dcd6-44f2-bb5d-46f83898624c,Visit,20:32.6,Mobile,South,Paid,0,Yes,
563,2cf106bc-e75a-4dc3-82ab-72cc47c7706a,Visit,21:26.3,Tablet,West,Organic,0,Yes,
564,20b49e6b-13b3-4384-80ef-c0b7a7eb8ebd,Visit,17:55.0,Mobile,North,Referral,0,Yes,
565,bfc6b878-c9bd-4356-9221-fe4b8fd9c095,Visit,23:19.3,Tablet,South,Referral,0,Yes,
566,835a7498-2902-4446-b41e-0c88e060d6cb,View Product,15:51.1,Mobile,West,Organic,0,Yes,
567,22c63e7f-0f99-4c78-9c66-d25adc00f335,Visit,48:59.5,Mobile,West,Paid,0,Yes,
568,f76160d3-b85a-45d2-a340-59014345414e,Visit,00:51.1,Tablet,North,Referral,0,Yes,
569,3b17767b-d567-47d5-ae2a-fe1e34b433cb,Visit,55:17.9,Desktop,East,Organic,0,Yes,
570,0bae561e-6a13-44ca-8b94-eb81dca1e539,Visit,43:42.4,Desktop,East,Organic,0,Yes,
571,020084b8-cb64-4a31-b2f7-846f36714db5,Visit,17:26.6,Mobile,West,Paid,0,Yes,
572,c371e9a5-ef43-47d4-9d5f-8033aa918af1,Visit,43:42.1,Desktop,West,Paid,0,Yes,
573,f61da273-d227-420f-a506-d72574b42e59,Visit,03:53.1,Desktop,South,Paid,0,Yes,
574,cccf2d85-7ead-4ea3-8075-18936f9238d6,Visit,56:26.2,Mobile,North,Paid,0,Yes,
575,f072f77b-48d0-4913-99d4-4a5a3f8a4e40,Visit,02:17.9,Mobile,North,Organic,0,Yes,
576,7b55989b-3160-4665-9cb1-7db747f1bd40,View Product,07:24.5,Tablet,East,Paid,0,Yes,
577,b7311747-6ce2-4379-8c32-62dc7f3981ff,Visit,53:59.0,Mobile,East,Organic,0,Yes,
578,47358d2b-b960-4015-8e79-c649b733f4a0,Visit,37:03.2,Desktop,South,Organic,0,Yes,
579,838a8f17-99b6-47f5-af21-8301d65f0c01,Visit,49:04.0,Desktop,East,Referral,0,Yes,
580,5df66c77-c32f-4eb0-8dc1-59eea1ef0139,View Product,21:19.5,Tablet,West,Paid,0,Yes,
581,5b69f596-c38d-402c-980a-349291f76c37,Visit,16:09.2,Desktop,South,Organic,0,Yes,
582,0aa63182-bd27-4162-9ab4-0c18a051ce13,Visit,21:44.9,Mobile,East,Paid,0,Yes,
583,088a00f5-1a34-43dc-b016-9b8a2144ad48,Visit,08:14.8,Mobile,South,Referral,0,Yes,
584,fb187fe8-53ec-469f-a83d-362f0b112623,Visit,01:09.4,Desktop,North,Organic,0,Yes,
585,0c9110aa-08e4-49f2-b4f6-593ca95b6496,Visit,05:45.9,Desktop,South,Paid,0,Yes,
586,7d2ef95d-ee0f-450f-bc65-aacd29e986dd,Add to Cart,32:01.2,Tablet,East,Referral,0,Yes,
587,0326dcfc-7be2-4cef-8530-7d3016b7ce6f,Visit,42:21.3,Tablet,North,Referral,0,Yes,
588,2cd3067b-ab64-47f7-9598-00bb356031de,Visit,24:35.8,Tablet,South,Organic,0,Yes,
589,97a5af3e-7c53-4841-9d21-7d2467c1e4cd,Visit,45:49.7,Mobile,East,Organic,0,Yes,
590,acae9278-d19e-4647-b1c3-1c7843c67097,Visit,12:10.8,Tablet,East,Paid,0,Yes,
591,7efac5e2-50ca-4ed8-91b1-8c15260a4815,Visit,27:14.4,Desktop,East,Paid,0,Yes,
592,e703cc78-d8b7-4d29-b7e4-569678ba8302,View Product,05:40.3,Tablet,East,Paid,0,Yes,
593,c1de087a-8600-41a6-8daa-2dcc8757a408,Visit,43:56.4,Tablet,North,Paid,0,Yes,
594,88466b9c-32eb-4739-99c8-ad83584b04dc,Visit,00:25.3,Mobile,South,Organic,0,Yes,
595,f56717df-cf11-4f74-881c-1e4915f4be90,Visit,04:09.3,Mobile,North,Referral,0,Yes,
596,54408054-c934-4ccc-ad0d-f9dab149fcf7,Visit,49:34.5,Tablet,North,Paid,0,Yes,
597,05d009f4-669c-4f54-9caf-d9f88026374e,Visit,55:53.9,Desktop,North,Paid,0,Yes,
598,4a6de130-db8d-462f-ab63-4dbbcff51a9c,Visit,26:10.4,Desktop,East,Organic,0,Yes,
599,9d555109-8eeb-462f-b1d3-b5a8e9d804b9,Visit,24:29.0,Mobile,West,Paid,0,Yes,
600,e710df7c-88be-4af9-9221-f2e5c02c85a7,Visit,29:56.2,Tablet,East,Paid,0,Yes,
601,9e955eeb-47fb-42e1-8ca1-4a7f4531b645,Visit,53:20.0,Mobile,South,Referral,0,Yes,
602,69802146-3dd3-48c1-9906-696fd17648ab,Visit,28:25.5,Desktop,East,Organic,0,Yes,
603,be9dee85-a260-4fac-86a1-8c60dfacf421,Visit,52:21.3,Tablet,North,Referral,0,Yes,
604,b99e98c6-81dd-4d23-a044-97a0de62cb9e,Visit,18:30.9,Mobile,West,Organic,0,Yes,
605,97576da6-8237-4cef-b5b2-75e8eccccd29,Visit,03:05.0,Desktop,East,Referral,0,Yes,
606,fce190fc-4603-4123-9265-9a0573101ae1,Visit,47:34.6,Desktop,West,Paid,0,Yes,
607,3e866480-b603-4d84-90e5-c28452f98998,Visit,38:22.9,Desktop,South,Referral,0,Yes,
608,67e09974-fdbc-4ce5-8851-d8bdbf7cda69,View Product,55:56.1,Tablet,South,Paid,0,Yes,
609,3d200ade-bf71-4cb0-97e2-1f1805bfb175,Visit,23:51.7,Tablet,East,Organic,0,Yes,
610,141ed413-5bd2-4628-aaac-eab0cf20b39d,Visit,44:13.9,Tablet,North,Organic,0,Yes,
611,70e7f83b-a014-4b91-bc75-d706de0fc157,Visit,11:14.8,Tablet,West,Organic,0,Yes,
612,03460956-c4cb-41fd-af7a-7ec32082e10d,Visit,33:00.7,Desktop,North,Paid,0,Yes,
613,7b9ea932-29e6-4bf9-adb4-09c46f8f0d20,View Product,02:41.6,Tablet,South,Organic,0,Yes,
614,83e2ce06-81c6-41a5-834f-92ded2e2ba4a,Visit,44:14.4,Tablet,West,Organic,0,Yes,
615,5ee75921-6d5e-49f3-b420-b7284bc0141c,Visit,38:19.4,Tablet,North,Organic,0,Yes,
616,08547e4f-53f4-4173-b448-2d034d7fcd09,Visit,31:31.6,Tablet,West,Organic,0,Yes,
617,ca268cba-acab-4300-ae42-e56654307abf,Visit,39:05.7,Desktop,South,Paid,0,Yes,
618,70707b4c-599c-4e08-bf3d-ce86241b1b40,Visit,43:34.8,Tablet,North,Paid,0,Yes,
619,928ce00d-651a-4fce-b76c-d3728fa66d51,Visit,37:03.2,Mobile,North,Paid,0,Yes,
620,9fe4aefd-964d-4aca-bc07-35e43e1f6c4d,Visit,52:05.4,Tablet,North,Paid,0,Yes,
621,7e401b60-dbb5-4fec-b276-d11be39e2a6f,Visit,05:57.3,Mobile,West,Referral,0,Yes,
622,188b88cd-3391-4bf3-80eb-c13752ef0022,Visit,42:37.7,Mobile,West,Organic,0,Yes,
623,5c24b107-aefa-40ac-937a-f02fd8a82b5a,Visit,34:14.0,Mobile,East,Paid,0,Yes,
624,1c8a6ae9-a98b-47ba-b90f-ea5b1c5c2f6d,Visit,00:38.0,Mobile,East,Referral,0,Yes,
625,2dc99792-6398-49e3-9214-da3c137166e7,Visit,48:18.7,Tablet,South,Organic,0,Yes,
626,7c2c6029-29cc-431d-9b14-6a60e403cfa2,Visit,53:37.0,Tablet,South,Referral,0,Yes,
627,1c233ca6-be4e-4aa8-b499-b1425314e3f5,Visit,34:06.1,Tablet,West,Paid,0,Yes,
628,0b93bdfe-74cd-4f88-90eb-5e01dedb59ca,Visit,05:04.2,Mobile,North,Referral,0,Yes,
629,aa82e9f3-b6a6-4f09-bf22-e66b29ae43e8,Visit,47:39.7,Desktop,West,Paid,0,Yes,
630,b31b0611-a856-4897-b965-4cad9117ae9e,Visit,33:18.4,Desktop,South,Referral,0,Yes,
631,b2eeacb2-8f80-4460-bc9a-5e242c1dc06c,Visit,38:17.5,Tablet,North,Referral,0,Yes,
632,9f84d586-1eb0-44d7-92c4-84425703b963,Visit,20:53.0,Tablet,East,Paid,0,Yes,
633,ba84f105-01c5-4bdd-a10a-185048d04cf0,Visit,35:14.0,Tablet,East,Referral,0,Yes,
634,40d2cbcd-47f1-4fc9-a6a8-02d02b0eed57,Visit,56:11.2,Mobile,South,Organic,0,Yes,
635,95d9abcd-e7e7-47bb-aa02-7651201dae4c,Visit,19:49.8,Desktop,West,Organic,0,Yes,
636,33a47363-884c-4a26-87ab-9d69344ee54a,Visit,08:04.4,Mobile,North,Paid,0,Yes,
637,5330fa4b-2f97-466d-b871-0e76ac330b67,Visit,23:38.2,Mobile,West,Organic,0,Yes,
638,4a805e02-afcd-44e0-9bdd-fc9aba07ed73,Visit,22:13.4,Tablet,East,Organic,0,Yes,
639,562e1f37-f54c-4367-ae57-374a7c35b3aa,View Product,22:49.5,Desktop,North,Paid,0,Yes,
640,5cc10dd2-0f77-4164-a78a-58df709fd980,Visit,34:01.6,Desktop,North,Paid,0,Yes,
641,ac54bf0d-2ed7-418c-8591-2ed0aab96d8a,Visit,51:13.5,Tablet,North,Organic,0,Yes,
642,9d53d982-dba2-45c9-a7ef-0f21255837a1,Visit,21:46.9,Mobile,West,Referral,0,Yes,
643,9628fa5d-c8e7-4185-88e8-c275b9f4a165,Visit,57:02.6,Desktop,East,Paid,0,Yes,
644,69b89f39-4ee9-4cea-9cd1-2b32ec2c0c7c,Visit,47:03.4,Tablet,North,Paid,0,Yes,
645,9408238b-15e1-488e-92e1-ded690ef476f,Visit,33:26.5,Desktop,North,Referral,0,Yes,
646,181a0783-5b4d-459f-b704-67c909b66a73,Visit,23:57.6,Tablet,West,Referral,0,Yes,
647,8bd180c5-513f-4214-ad70-b297c705a7c1,Visit,04:07.9,Mobile,East,Paid,0,Yes,
648,eb3696be-253e-4d02-9bed-c4b39279a026,Visit,41:09.0,Tablet,North,Referral,0,Yes,
649,0878b468-adf0-4c82-ac78-f5f704edaf4a,Visit,21:56.8,Desktop,North,Paid,0,Yes,
650,4a8e7e96-cb8f-4a59-98c4-1305e6a4f4b3,Visit,41:08.6,Tablet,East,Paid,0,Yes,
651,4d58858d-7c50-4097-92eb-e019e87d94a0,Visit,36:05.1,Mobile,East,Organic,0,Yes,
652,e6acf6d3-3503-4319-aa42-083b4b7e9af1,View Product,28:19.3,Tablet,North,Organic,0,Yes,
653,51502890-8fb7-4503-8f8b-7e4da6403fce,Visit,52:09.0,Mobile,East,Paid,0,Yes,
654,6b1fa389-3632-48cc-923b-67b018e56aa0,Visit,58:39.3,Mobile,South,Referral,0,Yes,
655,f8551c26-62a2-4993-a103-3b3abd8a8ace,Visit,51:01.3,Mobile,North,Referral,0,Yes,
656,ce1d776e-93eb-4d0a-b68e-72789f13a7bf,Visit,51:48.3,Mobile,North,Referral,0,Yes,
657,4a1bd4dc-065f-4a42-9c5f-85a9c049dfa7,Add to Cart,43:08.9,Desktop,North,Referral,0,Yes,
658,97466185-99f3-428c-bc7a-b3b9ddceb56d,Visit,43:50.4,Mobile,North,Organic,0,Yes,
659,d353b368-7d1b-4c95-b75c-288a52d01e3c,Visit,53:57.7,Desktop,South,Organic,0,Yes,
660,06ab894b-948d-4449-b93d-e9926f73ba06,Visit,40:17.9,Tablet,East,Organic,0,Yes,
661,a32a6ab1-f73e-4d06-8e65-22bbf10825eb,View Product,01:28.9,Desktop,West,Paid,0,Yes,
662,f1631ff5-3c90-44ce-a2ca-78103cf6e15b,Visit,47:41.9,Mobile,West,Paid,0,Yes,
663,3f0ba0f3-9c11-4d15-b357-a2b855eb891b,Visit,54:18.6,Mobile,East,Paid,0,Yes,
664,1d81fe50-c5e2-468c-83e6-f77378a8c4e1,View Product,37:17.4,Tablet,West,Referral,0,Yes,
665,2c4e843a-ef00-4ce1-8373-9c1d246f18de,Visit,32:48.2,Tablet,East,Referral,0,Yes,
666,7b5dd0d1-e998-42b7-83d0-af2532992e03,Visit,38:26.7,Mobile,West,Referral,0,Yes,
667,a60b01d4-a757-490f-8d86-a68b2ca66239,Visit,08:02.1,Desktop,North,Organic,0,Yes,
668,c0f4b610-a820-4a7c-9437-143bc19b8bd4,View Product,32:27.1,Desktop,West,Organic,0,Yes,
669,48793e7d-b512-4380-abc5-c4e46647787b,Visit,26:42.1,Mobile,East,Referral,0,Yes,
670,df479a32-696f-46d2-b965-eee8362adc7e,Visit,18:13.7,Mobile,South,Organic,0,Yes,
671,859cab5d-ad16-4e06-b256-e57622d10ac7,Visit,17:29.9,Desktop,North,Organic,0,Yes,
672,2fa133f7-e3bf-481a-9ee8-28245fabbd71,Visit,54:53.2,Desktop,West,Organic,0,Yes,
673,60c823d1-47bd-4e8b-97fd-43fb8b0d8c91,Visit,33:38.7,Tablet,North,Organic,0,Yes,
674,cacdf391-3fce-4743-9309-5f19cec547c9,Visit,42:25.1,Tablet,West,Paid,0,Yes,
675,60b02fc6-5714-455e-a790-fd51dd43029a,Visit,54:14.7,Desktop,South,Organic,0,Yes,
676,290c1b3a-3b89-47f5-89ef-2a6a1644a007,Visit,10:03.4,Tablet,North,Paid,0,Yes,
677,544240db-d53f-4d09-bf39-9670bcf08898,Visit,09:56.4,Desktop,South,Paid,0,Yes,
678,2a2c6d31-00c6-4d41-8639-b3b33c5c3ea4,Visit,20:37.3,Mobile,South,Organic,0,Yes,
679,71fd310b-4519-4c64-8b73-11ff70afc901,Visit,16:39.0,Tablet,West,Referral,0,Yes,
680,19d544cc-c207-49b9-bf8a-b9d479565c4b,Visit,25:11.8,Desktop,South,Paid,0,Yes,
681,c16a8ce0-ed45-4c4a-9fbb-8d7bbcca46dc,Visit,20:54.2,Mobile,North,Paid,0,Yes,
682,f9f1e5c3-9279-463a-a2c5-acce37274bad,Visit,05:03.2,Desktop,East,Referral,0,Yes,
683,d791b66a-1cd5-4e4f-9919-7a3581e4d37a,Visit,32:01.0,Desktop,East,Paid,0,Yes,
684,9f4c4ae4-dd3b-4bce-ab1c-7a769f14304b,Visit,34:02.3,Mobile,East,Referral,0,Yes,
685,6047f19a-3bcb-492c-be80-185c6b5e531d,Visit,56:15.3,Tablet,East,Paid,0,Yes,
686,79cd419c-7822-4667-b477-06857007331a,View Product,05:56.9,Mobile,South,Paid,0,Yes,
687,292a14d1-10d0-46e9-af51-578ba8b2d6c2,Visit,05:22.9,Mobile,North,Organic,0,Yes,
688,19164be4-0253-45b6-8def-a6ba30475a7c,Visit,18:44.6,Tablet,West,Organic,0,Yes,
689,5ec51d0f-06f6-4a68-8758-b3708710ef27,Visit,36:23.0,Mobile,North,Referral,0,Yes,
690,603aff92-05ce-4880-8187-487e7d65b218,Visit,57:08.0,Mobile,South,Organic,0,Yes,
691,e0a5d8cc-426c-4f05-a49b-9b038f93b03c,Visit,48:28.7,Tablet,North,Referral,0,Yes,
692,511521ad-3b32-45ac-92eb-96edc3d23c64,Visit,28:20.5,Desktop,West,Organic,0,Yes,
693,731a22dd-535f-4306-be26-4858c1175240,View Product,31:24.9,Tablet,South,Organic,0,Yes,
694,51c3734b-7ab4-422d-a69c-79478f782148,Visit,49:30.4,Tablet,North,Referral,0,Yes,
695,61d424c6-fbd9-4082-8a47-79f894b17fee,Visit,42:03.5,Mobile,East,Paid,0,Yes,
696,e8a2153d-f1d4-4bb4-b184-b15af054018c,Visit,15:19.6,Tablet,West,Referral,0,Yes,
697,60742579-14b0-4a9f-ae62-f9d8c67a3210,Visit,41:00.4,Desktop,North,Organic,0,Yes,
698,60f0a479-733b-41a9-ba02-daeb92d7ead0,View Product,25:59.9,Desktop,West,Paid,0,Yes,
699,09a9b6ad-6bfd-490e-93b8-c67f31bfd7a3,Visit,17:40.6,Mobile,East,Paid,0,Yes,
700,5daa508f-5ff5-4abb-babf-970c145880b8,Visit,40:26.6,Desktop,North,Paid,0,Yes,
701,9a8636fc-8246-4ea9-be3b-f2266349b05f,Visit,20:09.9,Tablet,North,Paid,0,Yes,
702,0040d083-3878-4372-9cb2-f4f71e9f035c,Visit,33:53.8,Desktop,South,Organic,0,Yes,
703,5ef58409-9866-4257-ac7f-56fdc592c102,Visit,14:05.6,Tablet,East,Paid,0,Yes,
704,b420022e-fb4e-4ac0-a108-3178e976a2b3,Visit,03:42.2,Mobile,South,Referral,0,Yes,
705,0593ee71-648d-491b-bb5f-5242349959a7,Visit,21:04.6,Desktop,North,Organic,0,Yes,
706,e3c842ea-e7e8-4e8d-b8c3-259719f8ac16,Visit,21:08.0,Desktop,East,Organic,0,Yes,
707,5d033384-e64f-4de1-be80-8ab772877c50,Visit,28:27.4,Tablet,East,Organic,0,Yes,
708,a35c20c0-dc00-49f3-9da6-884aed41d079,Visit,10:54.1,Tablet,East,Paid,0,Yes,
709,0494cfef-786e-4991-9670-d327852cfdea,Visit,47:34.2,Mobile,West,Paid,0,Yes,
710,9c4dfc56-8e5d-4823-965e-6df3e45a198f,Visit,24:36.5,Mobile,South,Paid,0,Yes,
711,f6cbdde6-4101-4673-8a25-84ef13055192,Visit,56:02.1,Tablet,East,Referral,0,Yes,
712,873a561c-bc24-4f6d-8ff7-d7410b3bac01,Visit,19:10.3,Tablet,West,Organic,0,Yes,
713,e4953cf9-f6ca-485a-873a-84aa9344205d,Visit,41:36.4,Mobile,West,Paid,0,Yes,
714,815ead61-54be-49dc-81c5-2c089c4aa687,Visit,30:53.5,Mobile,North,Organic,0,Yes,
715,7b31ee53-9f56-45d6-9c8f-0ee6b0f2a006,Visit,08:29.2,Tablet,North,Paid,0,Yes,
716,e3f78353-8f64-4160-85c5-20efd001f1f3,Visit,25:02.3,Tablet,South,Paid,0,Yes,
717,4a686cd6-7fbf-4c31-ba72-5b7e4b8918d5,View Product,10:12.6,Mobile,East,Paid,0,Yes,
718,38031eab-f674-4092-af59-af040c9c7557,View Product,10:36.0,Tablet,East,Organic,0,Yes,
719,486efa4d-c720-4b77-8643-bed9181634c9,View Product,37:38.1,Tablet,North,Organic,0,Yes,
720,cc61d6cf-7c85-4e33-87c2-70138af59a8a,Visit,42:25.0,Desktop,East,Referral,0,Yes,
721,277e0d12-3c7c-4f48-bafd-c619c760ca19,Visit,52:59.7,Tablet,East,Paid,0,Yes,
722,52fc93fe-fff7-402b-b88e-0f54bc352a11,Visit,26:38.8,Mobile,North,Paid,0,Yes,
723,37266681-57df-42e2-b871-2fcf50247ce1,Visit,19:22.5,Mobile,South,Organic,0,Yes,
724,60e1e2b5-061c-4bea-a8b5-64e7e6406b73,Visit,58:17.0,Tablet,North,Paid,0,Yes,
725,cb7de5b6-5e36-476e-8128-0657ba3eb8da,Visit,04:41.2,Mobile,South,Paid,0,Yes,
726,e965142d-3707-4b9e-8371-66fc48333e0b,View Product,22:39.5,Mobile,North,Organic,0,Yes,
727,e5cc63b2-3cb6-4714-a665-ab4542e6096e,View Product,51:12.7,Mobile,East,Paid,0,Yes,
728,916c2f18-b61a-4976-bda5-647663b4aefe,Visit,27:38.2,Desktop,East,Organic,0,Yes,
729,84c52fb2-c7c4-422d-b91e-9d52f61001f4,Visit,47:39.3,Tablet,North,Referral,0,Yes,
730,6b1265cf-2bc6-4d41-86af-97fce3cd70ff,Visit,04:02.1,Mobile,West,Organic,0,Yes,
731,b539fb4e-01f0-4a30-b6ac-742711d661df,View Product,49:52.6,Tablet,South,Referral,0,Yes,
732,e9340cec-4273-49e3-b821-0a5c58b8225a,Visit,37:20.3,Desktop,South,Paid,0,Yes,
733,5dd2aea5-f0e6-40aa-8b8d-188ec89bb017,Visit,45:30.8,Mobile,East,Organic,0,Yes,
734,4435839d-9a5f-4c60-ac27-7d09f81b1f47,Visit,47:30.2,Mobile,South,Organic,0,Yes,
735,b458a776-2fbb-46ce-8fe7-92c3a6f7bbfc,Visit,49:54.7,Mobile,West,Referral,0,Yes,
736,f4dd1f87-c0c4-49ce-a3a0-5dbbc4bb5cb5,View Product,26:27.7,Tablet,North,Referral,0,Yes,
737,09ac684a-b4e0-4f2d-aaa3-30c601f9ee66,View Product,20:35.0,Desktop,South,Paid,0,Yes,
738,bc2b7348-c355-468c-93a5-d6bc1f320a1b,Visit,10:57.8,Desktop,North,Paid,0,Yes,
739,cb14faa4-1224-4f49-b34f-bd4af21b164f,Visit,37:39.7,Desktop,South,Referral,0,Yes,
740,9b8058ab-32f8-4368-98de-77481232f49f,Visit,17:42.0,Mobile,North,Referral,0,Yes,
741,90b8e0c6-40a1-4056-b617-0f0f9190247a,Visit,23:31.6,Mobile,North,Paid,0,Yes,
742,5c95f185-9602-4477-a249-2a81775a0dd3,View Product,27:39.4,Tablet,North,Referral,0,Yes,
743,e40fe9a9-bd3b-4805-9014-7e270793dede,Visit,52:54.2,Desktop,West,Referral,0,Yes,
744,2307bb3c-7e4d-4533-8670-6ebe8214b3b5,Visit,09:06.6,Tablet,West,Paid,0,Yes,
745,b28a44c5-659a-46e7-920d-ace4cd777c90,View Product,30:04.5,Tablet,North,Paid,0,Yes,
746,5c9d9245-82ad-471e-bdce-7d19cead0b65,Visit,18:32.8,Desktop,East,Referral,0,Yes,
747,e1472d6a-1a40-4738-bca0-247c1565a205,Visit,49:53.6,Mobile,North,Referral,0,Yes,
748,7ac8bed8-7e73-46fb-823f-8093a775fe3a,Visit,21:33.5,Mobile,South,Organic,0,Yes,
749,3ae3bbdd-2be7-49a9-8c29-1b0bc3266218,Visit,17:28.6,Tablet,North,Paid,0,Yes,
750,28f6a7c8-b996-4835-832c-dd40bbf02a0d,Visit,03:05.3,Tablet,North,Referral,0,Yes,
751,d0f499b9-3d41-47d4-a636-b6c1f7c084b1,Visit,39:19.9,Desktop,East,Paid,0,Yes,
752,0685e8d1-703b-4bc1-bc07-8dddb09c1433,Visit,06:06.8,Tablet,South,Paid,0,Yes,
753,5481b480-95f7-4610-a2f3-7cc03aa14859,Visit,06:11.7,Tablet,West,Organic,0,Yes,
754,5f14dc59-d83f-46fb-a345-9ab5223593c0,View Product,32:14.8,Tablet,East,Paid,0,Yes,
755,f49e465d-5d1f-43ef-b2c5-206eff486de8,View Product,43:46.1,Tablet,East,Referral,0,Yes,
756,5d68dc56-caf4-4ce3-a643-07f32507594f,View Product,20:23.7,Mobile,West,Organic,0,Yes,
757,a3d34986-9d6a-4527-a8b5-cf2c15e2a86f,Visit,41:05.6,Desktop,West,Referral,0,Yes,
758,fce0cf50-a29a-451f-8534-daffdb0ab33e,View Product,50:13.7,Mobile,South,Paid,0,Yes,
759,1ac99fa3-0608-4896-8e56-1ad681b02df7,Visit,22:19.4,Desktop,West,Paid,0,Yes,
760,ef760e7b-39c2-4305-a32b-faad50a0b33b,Visit,07:27.7,Desktop,South,Paid,0,Yes,
761,d9b66773-cfd7-4f10-b277-c3229e8bc2ae,Visit,19:02.9,Tablet,South,Referral,0,Yes,
762,fb8f2d7c-9e40-4f7e-9661-918d3d4b060b,Visit,22:00.6,Mobile,South,Organic,0,Yes,
763,2894d47d-8741-4867-9a7f-9b552e935a57,Visit,33:21.6,Tablet,South,Paid,0,Yes,
764,2e599e5c-4925-4544-9509-9b2877fadd70,Visit,12:29.4,Mobile,North,Paid,0,Yes,
765,41e54acb-5102-4635-9189-5c7f2880b5a4,Visit,13:37.9,Tablet,East,Referral,0,Yes,
766,e6efae79-7ceb-49a6-8630-3809502867c4,Visit,21:54.0,Tablet,East,Paid,0,Yes,
767,aff4740c-30f6-4966-9ce2-2dac279989cc,Visit,17:57.0,Tablet,South,Organic,0,Yes,
768,1505f402-a073-42c6-b9b2-b7263194a177,View Product,44:43.2,Tablet,South,Paid,0,Yes,
769,33b144c0-2c33-4791-a6ff-4d6a1e978809,Visit,20:04.1,Tablet,North,Organic,0,Yes,
770,d71bf3b1-16e9-4598-8716-f5dbb0cf03cf,Visit,13:52.0,Tablet,East,Organic,0,Yes,
771,8ba1f10d-718f-4150-b789-0d9ccd09d613,Visit,55:05.7,Tablet,North,Referral,0,Yes,
772,2e5ffed3-7676-455b-9c5a-48db23f9b3e5,Visit,38:28.3,Mobile,North,Paid,0,Yes,
773,16c51ed6-fba9-4f32-ba99-6de484b58f14,Visit,59:18.6,Desktop,West,Organic,0,Yes,
774,da47a9cb-79bc-42ee-b1d9-8b8d9c995b24,Visit,19:52.1,Tablet,West,Paid,0,Yes,
775,471abae3-b293-4a51-ab1c-77fa4d5a0509,Visit,06:52.5,Mobile,North,Paid,0,Yes,
776,55a6e492-a3a4-4d64-bd1f-9424463974dd,Visit,40:53.4,Desktop,South,Paid,0,Yes,
777,2f225dd3-d812-4b54-a566-c1620937d49f,Visit,22:18.5,Desktop,South,Organic,0,Yes,
778,11a978c2-a501-4a53-8126-728e01b35d77,View Product,34:36.2,Mobile,East,Paid,0,Yes,
779,125b9779-ab0f-4817-b56f-59a8abc25f60,Visit,10:04.6,Mobile,South,Organic,0,Yes,
780,72ac4047-da90-41b1-ae99-fb1a0cb7443f,Visit,49:56.9,Desktop,North,Paid,0,Yes,
781,f6bcf2fc-4b49-4d14-a9d8-c5d759dfd50a,Visit,31:39.9,Tablet,West,Referral,0,Yes,
782,3bef2783-a6ea-4053-9eb8-67b69cce7106,Visit,41:52.4,Tablet,South,Paid,0,Yes,
783,4cabe8da-f873-4dc1-8ed3-9f6d4164516f,Visit,03:44.7,Mobile,West,Organic,0,Yes,
784,d2ab310f-bad4-4382-a287-6ac162e63c48,Visit,35:02.2,Mobile,West,Organic,0,Yes,
785,145b084c-37b3-4f43-9c96-b9c0506d3a0c,Visit,18:09.6,Mobile,East,Organic,0,Yes,
786,1970afc7-b46f-4d6e-ad6e-b26e6d285ca9,Visit,35:17.2,Mobile,East,Organic,0,Yes,
787,79f9afed-deed-47d0-8ef3-40d173e3be00,Visit,36:32.0,Mobile,East,Organic,0,Yes,
788,3780d4c0-7380-4f07-9ea1-9fb8d396dd76,Visit,08:31.1,Desktop,South,Paid,0,Yes,
789,961e7b62-5d05-4ec0-9f69-71315ad4024e,Visit,15:18.9,Desktop,West,Organic,0,Yes,
790,437a5cd2-4510-4e03-86f1-db847b1da89e,Visit,41:55.3,Desktop,South,Paid,0,Yes,
791,fc02cebc-a86d-457f-a40d-db09a18b2ab8,Visit,44:37.0,Tablet,West,Referral,0,Yes,
792,31035358-8bba-42ab-9549-9afe3ca5eaa4,Visit,17:49.3,Tablet,North,Paid,0,Yes,
793,45609ef0-201c-4eeb-bceb-db38dd304340,Visit,39:56.2,Mobile,West,Referral,0,Yes,
794,ebd7e244-3e67-4712-acdd-e550f54792fd,Visit,59:37.6,Mobile,North,Organic,0,Yes,
795,7f48a2f0-5090-4c64-b9a4-a312a4d6c12f,Visit,27:08.6,Tablet,West,Referral,0,Yes,
796,acb8d2c0-9acd-4166-ac36-764d1ebc10f6,Visit,16:00.8,Tablet,West,Paid,0,Yes,
797,650369f0-ad92-49b8-b494-b6d036f15357,Visit,42:26.1,Tablet,North,Organic,0,Yes,
798,3f799597-aa5b-406d-8cb2-281949da3528,Visit,43:31.9,Tablet,West,Paid,0,Yes,
799,7d1dfc6d-2732-4a4b-a714-471a2c49e410,Visit,17:40.5,Mobile,South,Organic,0,Yes,
800,b5e8d1a6-2049-4947-b11d-b24083dd9ebf,Visit,12:06.1,Mobile,East,Paid,0,Yes,
801,040770a9-6ca5-42c3-9af8-e15971611dfb,Visit,10:07.2,Desktop,North,Organic,0,Yes,
802,319b22d1-f785-4200-8553-a92a057f0089,Visit,17:52.0,Desktop,West,Organic,0,Yes,
803,e0af1078-5578-444f-bd47-85d5d0491907,Visit,58:02.9,Mobile,South,Paid,0,Yes,
804,55c22d0a-2083-4550-b762-8c6735325d91,View Product,54:57.5,Mobile,West,Referral,0,Yes,
805,0b26d10d-94b5-42fb-b643-abd7257d851f,Visit,27:33.7,Tablet,South,Referral,0,Yes,
806,e384f682-bfee-4778-8664-2cf53437b16a,Visit,23:26.4,Mobile,West,Referral,0,Yes,
807,03756c0c-3bde-4201-9866-846a12b56b40,Visit,51:27.6,Mobile,West,Referral,0,Yes,
808,4cb83281-5cd7-4a18-ae82-fd4b2f43529a,Visit,30:27.3,Mobile,North,Referral,0,Yes,
809,4df7360f-32c7-4d9e-83c5-69dede99a4d2,Visit,34:10.6,Desktop,North,Organic,0,Yes,
810,33830c9b-91ad-4823-bfdf-a94a23d09b2a,Visit,37:19.3,Tablet,North,Paid,0,Yes,
811,87b609ab-5262-49d4-adf5-c155f1339d0c,View Product,40:57.0,Mobile,West,Paid,0,Yes,
812,1b977e29-2121-4390-aa7d-00eebff0af56,Visit,31:30.4,Tablet,South,Paid,0,Yes,
813,7aeb06e9-c81a-4ec6-bc64-daa9a3efef12,Visit,26:08.5,Desktop,North,Organic,0,Yes,
814,6d12f5cb-4d34-4b1d-a832-e212feab89fb,Visit,25:01.7,Tablet,North,Referral,0,Yes,
815,4edfd8f4-6e65-4de1-9e41-f050851d3bcf,View Product,10:38.5,Mobile,West,Organic,0,Yes,
816,b69c0c07-4e4f-451b-b832-542d9850a38d,Visit,07:18.5,Mobile,East,Organic,0,Yes,
817,99e091db-a0bb-4966-bdfa-475eb4534a55,Visit,01:51.5,Tablet,East,Referral,0,Yes,
818,c026e1ad-80ec-47cc-9ab6-86488dfa8cf7,View Product,52:21.3,Desktop,North,Paid,0,Yes,
819,c0a3bb23-8671-4340-8f2a-75cdeba3f5a2,View Product,09:16.5,Mobile,West,Referral,0,Yes,
820,ae802b89-5d50-4f32-97eb-c446be2fbadc,Visit,45:57.9,Tablet,East,Organic,0,Yes,
821,a60423f4-ad8c-4eb5-8dce-a188c502f7e8,Visit,23:58.7,Mobile,East,Referral,0,Yes,
822,62980352-1b4a-43e2-9812-013d7d7f9bd6,Visit,36:01.3,Desktop,East,Paid,0,Yes,
823,64df9274-3093-40d5-a6eb-26c3bd9ac32e,Visit,09:44.2,Desktop,East,Paid,0,Yes,
824,48bbef6b-f38a-471b-b759-81aac2e824f7,Visit,32:02.4,Mobile,North,Referral,0,Yes,
825,32a808aa-de70-4060-87b6-9c6d9f516423,Visit,48:44.4,Mobile,South,Paid,0,Yes,
826,6a1678ff-21c6-42b1-8a2b-5e4f57ac15c9,Visit,06:19.6,Desktop,South,Referral,0,Yes,
827,c1f1cbbf-0280-4ea8-996f-c110f5a252e3,Visit,34:08.9,Desktop,South,Organic,0,Yes,
828,12ec6412-ad19-4b4c-9d15-0c74fdc17aad,Visit,08:50.6,Mobile,East,Referral,0,Yes,
829,a5a0b2b5-f394-4ead-9496-52f071130549,Visit,45:47.1,Desktop,North,Referral,0,Yes,
830,a71641f6-11be-414d-b46b-2ef9467ec86a,Visit,15:01.9,Tablet,South,Organic,0,Yes,
831,5cff1972-2fb4-4965-a9c1-3cc0e9cc2a1f,View Product,20:07.4,Mobile,South,Paid,0,Yes,
832,64949159-23ac-4072-9759-de6c89400c78,View Product,53:18.7,Desktop,South,Organic,0,Yes,
833,bc7360ee-b940-44f3-8d7f-9ff152016878,Visit,03:38.8,Desktop,West,Paid,0,Yes,
834,cad03cea-63fb-4e55-a8ba-fa23b40363e2,View Product,50:40.7,Tablet,South,Referral,0,Yes,
835,78296cf1-eba7-4159-a151-deae4ee1f58b,Visit,36:24.9,Mobile,West,Referral,0,Yes,
836,c1c7b26d-d6cb-4ceb-812a-e68730afa834,Visit,48:19.1,Mobile,West,Paid,0,Yes,
837,81f3eb7a-f27a-471c-879f-38e90fc1e159,Visit,55:14.0,Tablet,East,Organic,0,Yes,
838,57f44d51-7c79-4bc3-b999-ef88bc960a22,Visit,15:38.9,Desktop,East,Paid,0,Yes,
839,a0c5d1f2-4701-4d58-b675-b7ae5d7081ef,Visit,44:52.4,Mobile,West,Referral,0,Yes,
840,1157d5cf-40c1-43df-b680-6b7e925007ca,Visit,17:05.8,Desktop,East,Paid,0,Yes,
841,46ba44f5-bc7b-4a1d-933d-d9947442ce6a,Visit,19:34.4,Tablet,East,Paid,0,Yes,
842,66502604-e89a-49b4-8125-72555d0abfde,Visit,03:36.8,Desktop,South,Paid,0,Yes,
843,70b0db16-f486-4295-b7a5-b7df7ff7c07f,Visit,56:25.7,Tablet,North,Organic,0,Yes,
844,b08e33ee-f806-4f87-b152-93f5eace72a0,Visit,38:36.7,Mobile,East,Referral,0,Yes,
845,c608752b-7cb6-4cc1-98cb-4f7bad0acdbd,Add to Cart,47:46.7,Mobile,South,Referral,0,Yes,
846,f376e725-1765-4a6f-a733-39da01f26b5e,Visit,59:41.4,Tablet,South,Paid,0,Yes,
847,db874bbe-07a7-4107-a92d-3d48cf0ab235,Visit,27:08.6,Tablet,West,Paid,0,Yes,
848,f5e17ca3-d085-40e4-9226-88d897b5dc41,Visit,59:36.1,Mobile,South,Organic,0,Yes,
849,6d46e39f-4b38-477b-a3ba-8f6ba0883ff9,Visit,43:16.6,Tablet,South,Organic,0,Yes,
850,b5c2d322-dcb1-45d1-915a-89146ed5fd38,Add to Cart,03:48.2,Desktop,East,Organic,0,Yes,
851,4fa559dc-3c9c-4129-aa02-9e94ffac5fb8,Visit,13:48.7,Tablet,South,Paid,0,Yes,
852,dad9dfa0-7f81-4c93-bd49-9738c78814f2,Visit,40:40.6,Mobile,East,Organic,0,Yes,
853,491545c4-231f-4076-a6bd-2f36b34f5f53,Visit,43:41.3,Tablet,East,Organic,0,Yes,
854,6243657a-0668-4b80-9700-ec6080699977,View Product,11:32.6,Mobile,West,Organic,0,Yes,
855,e0e904ed-231e-4def-9b87-8fa2f7d5ae3a,Visit,02:30.2,Mobile,South,Referral,0,Yes,
856,6171482a-cdc5-4f24-9b28-e31ae0b789ef,Visit,13:10.1,Desktop,West,Organic,0,Yes,
857,23fa019c-6e64-4d0b-aa03-c0aacd513f24,Visit,37:47.9,Desktop,North,Referral,0,Yes,
858,6c996581-a605-4966-9c4d-57462df7efba,Visit,05:18.9,Tablet,North,Organic,0,Yes,
859,aee7d8bb-9702-4bc1-b31c-ce0c5fcb16a6,View Product,22:08.6,Mobile,North,Paid,0,Yes,
860,e564af8f-ae1f-44f5-bb47-c14ea27e751e,Visit,07:43.1,Tablet,South,Referral,0,Yes,
861,8e6b4375-ab75-48ee-a3b3-40639f066731,Visit,43:21.7,Mobile,North,Referral,0,Yes,
862,fbc93af1-896c-4a63-a4d6-2519df859ac4,Visit,15:18.4,Tablet,South,Referral,0,Yes,
863,254121e2-726d-451a-8cc4-b80e8cd0179c,View Product,47:12.8,Tablet,West,Organic,0,Yes,
864,1c03f956-345c-4c3e-b42f-5178b3c0558f,View Product,50:11.9,Mobile,North,Organic,0,Yes,
865,e8f4883b-99f7-40b1-a9e8-33405b8363b4,Visit,07:07.9,Mobile,East,Organic,0,Yes,
866,e8fd0e0e-ddce-4bd5-90dd-4483a018c47d,Visit,31:27.0,Desktop,East,Organic,0,Yes,
867,e6ffc69d-d243-4128-8b43-a18382ec2c42,Visit,10:19.7,Desktop,West,Paid,0,Yes,
868,bd6ea9d8-dd62-450e-a7aa-cb470e1a3299,Visit,03:30.4,Tablet,West,Referral,0,Yes,
869,5f3f4e94-d0f4-4ee0-b31f-3f7c370a823c,Visit,00:16.2,Desktop,South,Paid,0,Yes,
870,f3dc9271-be33-4c91-9c6c-e9ccbbf5758c,View Product,06:35.2,Tablet,West,Referral,0,Yes,
871,28d29c05-d5bf-4925-95cf-31bdfe2e5626,Visit,00:07.1,Mobile,West,Referral,0,Yes,
872,97eca11c-4dad-401d-81ab-ca6560163164,Visit,40:51.0,Mobile,West,Organic,0,Yes,
873,6a033c38-8975-48f9-9d8e-ea949d0483d8,Visit,11:55.3,Tablet,South,Paid,0,Yes,
874,61caa06a-0e30-4a22-a150-84d5b45c9c55,View Product,48:28.2,Desktop,South,Paid,0,Yes,
875,e12a77f8-a832-41b8-b05b-5dcd3d1eb3f6,Visit,10:18.1,Tablet,East,Paid,0,Yes,
876,2e1a29b4-dbfd-40b8-af16-47b26f07a489,Visit,44:47.4,Tablet,North,Referral,0,Yes,
877,ff36c6ba-6963-42a1-a74e-7ceed1696f48,Visit,32:48.0,Tablet,East,Paid,0,Yes,
878,7b33d45f-819a-4ad1-9c8a-178437b73147,View Product,11:17.0,Tablet,West,Paid,0,Yes,
879,8ed0143d-8c84-4aa8-a7a7-ead059bca0ea,Visit,20:35.5,Mobile,South,Paid,0,Yes,
880,38c1e2d6-ae57-4038-9559-7542d750eab9,Visit,04:56.7,Tablet,West,Organic,0,Yes,
881,69b756d4-0c7a-4ea0-8dbe-4b3a3c6730bb,View Product,15:33.1,Mobile,South,Paid,0,Yes,
882,f509fa72-7670-4405-b24d-fd15ba30b98e,Visit,06:12.0,Desktop,South,Organic,0,Yes,
883,973e0ebd-de73-464b-940b-afcd4f1f017e,View Product,58:36.3,Tablet,North,Paid,0,Yes,
884,b8d157ef-0503-4dce-b6bf-b19a29ed127a,Visit,32:55.6,Mobile,East,Paid,0,Yes,
885,0b5991d6-d8bf-4819-adff-20bb2edb2b25,Visit,51:49.0,Mobile,South,Organic,0,Yes,
886,18503e37-9b90-4f83-a55a-f927666699c4,Visit,36:18.5,Desktop,South,Referral,0,Yes,
887,01ec7f71-ee9d-4291-ae13-4fd64e55663c,Visit,34:53.2,Mobile,East,Organic,0,Yes,
888,68dd2421-e836-4fcd-952b-11a5b5812112,Visit,08:11.0,Desktop,West,Paid,0,Yes,
889,54393f1e-7946-4649-be84-11386055177a,Visit,54:16.2,Tablet,East,Organic,0,Yes,
890,6800ccc3-f827-4712-be2b-d1838fde470e,View Product,33:53.7,Desktop,South,Referral,0,Yes,
891,b8a59dba-e132-468d-8009-80462c45cd7e,View Product,48:54.7,Mobile,West,Paid,0,Yes,
892,a4112212-7226-40ba-8dc9-615b49e1fe99,Visit,35:11.5,Desktop,North,Paid,0,Yes,
893,5d6c4cd0-1bc2-495c-8521-7da95bd4d14a,Visit,40:49.1,Tablet,East,Paid,0,Yes,
894,1962aab7-025f-47e7-8016-e233da6e2257,Visit,37:58.0,Mobile,East,Organic,0,Yes,
895,c0935246-c8e9-4bcf-9841-1630e07d3bb0,Visit,11:11.5,Desktop,West,Referral,0,Yes,
896,9b813985-fa19-4ee4-89ce-febf026d1351,View Product,06:50.0,Desktop,West,Referral,0,Yes,
897,f23a776c-d4d2-4cab-a1a2-59569b06dbc2,Visit,19:25.7,Mobile,East,Organic,0,Yes,
898,cef7036a-8619-4748-b4c6-96c631ddf052,View Product,14:13.0,Desktop,West,Referral,0,Yes,
899,a9022538-8aad-4455-b488-2e78f01756f7,View Product,09:00.4,Mobile,East,Organic,0,Yes,
900,1e127332-4bde-4383-8780-1a3b7ec0b875,Visit,43:25.1,Mobile,East,Paid,0,Yes,
901,af45d561-67fb-405d-8da6-ebcf7c1679c9,Visit,45:49.0,Tablet,East,Organic,0,Yes,
902,6d633731-2112-4e3f-b3a7-f47d1be12251,Visit,54:15.5,Desktop,East,Referral,0,Yes,
903,7cc59980-ae0a-4091-ae97-ed6a698accbe,Visit,07:08.1,Tablet,South,Organic,0,Yes,
904,0e7876f1-1a99-4cb0-a9ef-73370c28bd7d,View Product,35:24.9,Mobile,South,Referral,0,Yes,
905,834e77f2-b2cb-460d-9943-b79da2f15c95,Visit,30:35.0,Tablet,North,Organic,0,Yes,
906,43a2f605-80d3-4965-ae1d-d328b1ec1769,Visit,04:45.2,Mobile,South,Paid,0,Yes,
907,0b6028bf-efb6-425f-887c-540a53b8365e,Visit,01:46.1,Desktop,West,Referral,0,Yes,
908,2af1b788-4ff3-4dc7-a55b-45bad08f22a2,Visit,44:50.6,Desktop,South,Organic,0,Yes,
909,098a454c-7857-458f-9427-4261f017d228,View Product,02:03.1,Mobile,East,Organic,0,Yes,
910,167693b2-f84c-4505-84a0-66dff992abdd,Visit,52:43.7,Tablet,West,Referral,0,Yes,
911,71a04e02-7d8f-4bf3-b8ca-8a242a41a29e,Visit,55:12.5,Desktop,South,Organic,0,Yes,
912,c3e36881-baff-4fb0-b94f-8d623bc1c1c4,Visit,16:53.6,Mobile,North,Organic,0,Yes,
913,92396166-0c8a-47e0-9790-b707246d70de,View Product,33:34.0,Desktop,East,Referral,0,Yes,
914,7fc58e43-c498-4aa0-b286-398b8ce36418,Add to Cart,42:27.5,Desktop,East,Referral,0,Yes,
915,9c5f32dc-82b1-4931-a0c9-a76d5c8e970a,Visit,18:37.1,Mobile,East,Organic,0,Yes,
916,a6cb1fa6-f15b-4ba3-b72c-b6900b35765a,Visit,57:34.9,Mobile,South,Referral,0,Yes,
917,d0852d1a-16e4-4f90-ad0b-1cab0699c447,Visit,36:43.5,Mobile,West,Referral,0,Yes,
918,e9f7b969-3c0c-402b-b27c-9a538728ed18,Add to Cart,25:16.9,Mobile,South,Organic,0,Yes,
919,87dd561c-dea5-4b38-85cb-56b95e96cc10,Add to Cart,35:10.8,Mobile,North,Referral,0,Yes,
920,0c77dca3-ede8-41d3-8fd7-7928dddecba1,View Product,46:13.2,Desktop,West,Referral,0,Yes,
921,3c6c73f3-8911-4f6e-ab8e-8390cf64a506,Visit,26:41.5,Mobile,West,Referral,0,Yes,
922,456c8e33-03d4-4db5-829f-5f5b8665cc9e,Visit,08:10.7,Tablet,North,Organic,0,Yes,
923,9754f8aa-cbfa-44bb-9aba-e4f6aa3cc6c1,Visit,59:22.2,Desktop,South,Referral,0,Yes,
924,bf7f6516-729f-4999-be63-ab4c372a5865,Visit,02:14.7,Desktop,South,Organic,0,Yes,
925,7eea0771-5ef9-40ce-a981-b974baa7da0f,Visit,21:59.3,Desktop,West,Organic,0,Yes,
926,65c65534-64a6-47c5-a9a8-d47b4a299cf0,Visit,06:54.6,Tablet,South,Organic,0,Yes,
927,c9b0cd54-663b-43b6-9a26-d1e08bf82ad2,Visit,35:10.0,Mobile,South,Organic,0,Yes,
928,4eadb436-b9fe-475e-93e3-191691a8295d,Visit,49:13.3,Desktop,East,Organic,0,Yes,
929,fd6849bd-e7f9-486d-bd2f-477417489356,Visit,41:06.4,Desktop,South,Referral,0,Yes,
930,818376c9-c1ce-46d8-88d0-1e2ed1f8243c,Visit,30:17.3,Tablet,North,Organic,0,Yes,
931,298e6ae9-4ac6-441b-b827-43e8a376f759,Visit,16:04.2,Mobile,South,Organic,0,Yes,
932,7a37a14a-36b3-4c1e-9dbb-a89bae82104e,View Product,47:31.7,Tablet,North,Paid,0,Yes,
933,62f4bceb-d0db-4bb3-a533-f19df3b75267,Visit,17:38.7,Tablet,North,Organic,0,Yes,
934,cfce8082-90cc-438f-813e-423caf8ce357,Visit,15:24.5,Mobile,South,Paid,0,Yes,
935,2387c03d-f941-469d-a787-8c73957edb39,Visit,00:41.3,Desktop,West,Referral,0,Yes,
936,36890be4-cf0d-4f63-a266-b312d7bbd20d,Visit,17:49.7,Tablet,North,Paid,0,Yes,
937,1ae52125-7042-4d58-9f6f-44b40f7b021a,Visit,18:41.0,Mobile,West,Paid,0,Yes,
938,b5debaca-a535-4f54-897c-1df716e3aa6c,View Product,28:10.9,Tablet,West,Organic,0,Yes,
939,1f614ed0-9225-4f84-a4be-d15446420ecb,Visit,35:12.8,Desktop,East,Organic,0,Yes,
940,fa8e594c-a5ba-4440-8c56-80cbdaa3b41a,Visit,11:56.7,Tablet,North,Referral,0,Yes,
941,c3ac1dec-59c7-44c3-9662-de833e0cf102,Visit,32:14.3,Mobile,South,Referral,0,Yes,
942,5dd2843a-ce36-46fd-8327-a8b822fd2dcd,Visit,51:34.6,Mobile,East,Paid,0,Yes,
943,64dfb34a-e176-435d-8b75-7a2ec0909d79,Visit,00:52.5,Desktop,South,Referral,0,Yes,
944,3b5cbe84-fbcd-4453-b76d-a1f44caf0822,Visit,34:17.5,Mobile,West,Organic,0,Yes,
945,a2fa4b13-2d6e-4a18-8953-31a7d484c159,Visit,59:09.3,Desktop,South,Organic,0,Yes,
946,58d710b9-8e70-4029-a3c5-3eca9bdcde15,View Product,01:28.2,Tablet,North,Paid,0,Yes,
947,b47d4c67-80ae-4818-b683-4ce09d0d6df9,Visit,25:52.3,Tablet,North,Organic,0,Yes,
948,fddfcd00-0d0d-4e83-9f11-08d853837c87,Visit,23:58.7,Tablet,North,Organic,0,Yes,
949,7fcabcc0-1794-4d9b-9bca-6fdd28b28f97,Visit,42:25.7,Desktop,East,Referral,0,Yes,
950,28fb602d-3b49-421e-a7ad-f7f6c81324be,Visit,38:09.4,Desktop,South,Paid,0,Yes,
951,5eea088e-ca3d-4c08-a537-29313ec18b5b,Visit,19:37.1,Desktop,North,Paid,0,Yes,
952,5f460262-80d6-40e3-b1d3-b4d05b2b7988,View Product,55:30.3,Mobile,North,Paid,0,Yes,
953,27972c5e-43a8-4d8f-9d08-61454f95be38,Visit,21:01.6,Tablet,South,Referral,0,Yes,
954,07101517-bdd4-42c8-9e16-bc4e8c6bae60,Visit,36:31.2,Mobile,North,Paid,0,Yes,
955,04ce8a0c-a350-49b5-af46-ca36daaf5648,Visit,28:59.3,Desktop,South,Paid,0,Yes,
956,f1a8272d-ede4-4966-8f1f-5cdf10ba5e57,Visit,16:40.2,Mobile,West,Organic,0,Yes,
957,7a601a2d-0067-4c72-bf03-6e00e4b1d1eb,Visit,32:27.0,Desktop,East,Referral,0,Yes,
958,4278d5e7-7323-404a-b692-76806b5d5cda,Visit,30:51.7,Tablet,North,Organic,0,Yes,
959,5f8c9453-4b7f-459c-ae0e-843d20bf2d3d,Visit,30:46.5,Mobile,South,Referral,0,Yes,
960,e01c4701-411e-4fdd-8d96-a8067390a8b9,Visit,31:42.0,Mobile,East,Organic,0,Yes,
961,98edd740-ff63-4e96-a38c-596f49def0f3,Visit,20:43.4,Desktop,North,Paid,0,Yes,
962,0bc04d1a-78df-4724-befc-4332b740146e,Visit,59:59.5,Tablet,East,Referral,0,Yes,
963,614b7e3e-fcf6-4bbe-9ec2-0f80985feca6,Visit,01:33.4,Tablet,South,Organic,0,Yes,
964,7858f3c4-5e21-4526-a9f0-42e08fd47feb,Visit,04:07.2,Desktop,East,Referral,0,Yes,
965,8633ab4a-e5eb-4abc-acfd-94de9393bb43,Visit,42:57.8,Tablet,East,Referral,0,Yes,
966,0c019bab-2511-4c18-be56-4ea8b00336f8,Visit,20:16.8,Tablet,East,Referral,0,Yes,
967,745ac4bc-1829-4d7d-a2fd-45ac7eada282,Visit,42:21.0,Tablet,North,Organic,0,Yes,
968,60762bf3-a0ea-4171-adf0-7d030a098c61,Add to Cart,19:12.6,Tablet,West,Paid,0,Yes,
969,58feb878-7c02-4240-88a4-3ee5d49518d9,View Product,01:41.1,Tablet,East,Paid,0,Yes,
970,0f8f6f45-9355-4d4a-aa18-f1aea4f80391,View Product,29:16.9,Desktop,East,Paid,0,Yes,
971,4361e483-fb79-4d99-9646-4cc878664ba1,Visit,43:44.9,Desktop,North,Paid,0,Yes,
972,0813db54-6826-4fb0-881f-ac59397a1c3b,Visit,43:03.1,Tablet,West,Referral,0,Yes,
973,2c0f0b35-37de-4d46-880c-12e0cee45336,Visit,47:40.3,Desktop,North,Referral,0,Yes,
974,04aeed40-3fa3-4a24-871e-b4e0920fc5a3,Visit,10:15.4,Desktop,South,Paid,0,Yes,
975,368ee752-1838-46ca-a1c8-72d61d79dfd6,Visit,27:29.7,Tablet,South,Referral,0,Yes,
976,cbd22434-c9f6-4b3a-babe-9c8d5b4addbd,Visit,10:35.4,Desktop,West,Paid,0,Yes,
977,2afa9ef7-494b-414f-aa33-089a18392807,Visit,21:22.7,Tablet,North,Paid,0,Yes,
978,ebea261a-14cd-4ad0-90f9-344733fce121,Visit,00:43.6,Tablet,East,Referral,0,Yes,
979,068cd0b3-d4df-4369-a679-7bf6472ce3b4,Visit,49:12.0,Mobile,North,Referral,0,Yes,
980,025fca16-001b-4ed1-b091-1bb7ae63b012,Visit,22:35.2,Desktop,West,Organic,0,Yes,
981,207c7cc5-a9a3-416e-8b51-19e8f0572338,Visit,16:46.9,Tablet,West,Organic,0,Yes,
982,c5f5c375-ff8c-4b70-8668-96e815467de4,Visit,25:07.9,Desktop,West,Referral,0,Yes,
983,a58c1a11-3425-4069-bc81-2fae32b35fca,Visit,45:49.0,Mobile,South,Paid,0,Yes,
984,371ff3cd-a963-466e-bcf8-d81d3beb5882,Visit,40:09.8,Desktop,South,Referral,0,Yes,
985,1cfee6d9-3f8f-41ce-98fb-f81ba8db4a1c,Visit,04:15.8,Mobile,South,Referral,0,Yes,
986,278135dc-316f-41b4-9433-38407f7e8980,Visit,19:43.8,Tablet,North,Paid,0,Yes,
987,78279bbd-ac0c-4441-acdf-732b5f935725,View Product,50:14.3,Mobile,West,Organic,0,Yes,
988,3ee14a80-44ed-4305-bd03-744bb4451056,Visit,58:14.6,Tablet,North,Paid,0,Yes,
989,4c8b0e79-15f1-4681-862a-c0dfabec3b2c,Visit,29:41.3,Desktop,West,Organic,0,Yes,
990,d4609971-f4ab-4901-a26d-b53e09d2c6a8,View Product,07:05.8,Tablet,North,Referral,0,Yes,
991,fabd8cdb-ca33-4832-b62e-84bcfadde619,Visit,21:04.7,Tablet,North,Referral,0,Yes,
992,703e8baf-6d39-4516-80e8-e22ee16a1826,Visit,35:24.7,Mobile,West,Referral,0,Yes,
993,a475004d-994b-492c-8e55-daf871b52bcf,Visit,27:29.0,Mobile,West,Organic,0,Yes,
994,1bcdc4f1-0ff8-4318-a819-b054a2a8b0f6,View Product,34:51.2,Tablet,East,Referral,0,Yes,
995,babb5d52-1b76-4f61-91c3-72729f2e8f29,Visit,25:27.5,Mobile,West,Paid,0,Yes,
996,f6f0a3de-09a8-4251-8ec6-85ea7976fc2d,Purchase,48:26.9,Mobile,East,Paid,1345,No,No
997,5429b19d-4048-4ea7-8882-16fc7d3bfb89,Visit,49:10.0,Mobile,South,Referral,0,Yes,
998,20ed4a85-2a66-4a28-9f32-daa7be60d060,Visit,49:13.4,Desktop,South,Organic,0,Yes,
999,83740bcc-2a74-4257-a400-21f463332419,Visit,42:29.8,Mobile,West,Paid,0,Yes,
1000,5eb9822a-ef1b-42de-9983-b7c21d0fd1e1,Visit,18:41.4,Mobile,South,Paid,0,Yes,
1001,438c565c-35b4-4670-b478-1892b9c6735e,Visit,35:28.0,Mobile,South,Referral,0,Yes,
1002,cb202742-6059-4d26-a2d3-75b411545cf2,View Product,29:41.4,Desktop,West,Organic,0,Yes,
1003,e33de22b-40a3-441b-9e4f-f7e3b1fddeb3,Visit,59:53.3,Tablet,North,Paid,0,Yes,
1004,9cbb9817-b77a-47e7-81ec-8dd49567c000,Visit,23:40.8,Mobile,East,Referral,0,Yes,
1005,fcab2de5-8769-4e61-9226-f3ef66e51979,Visit,58:23.9,Desktop,West,Paid,0,Yes,
1006,7a9d7eab-beca-4761-9518-feb93cac901e,Visit,18:16.9,Tablet,East,Organic,0,Yes,
1007,45593e05-1907-4257-8ed9-9fbfbd36c926,Visit,50:35.4,Tablet,West,Organic,0,Yes,
1008,d8750350-effa-442f-ade9-07273d7401d3,Visit,48:31.1,Mobile,South,Referral,0,Yes,
1009,86de69ee-a14e-4fd8-bec3-fc68e9f927c8,Visit,40:17.6,Mobile,North,Paid,0,Yes,
1010,4d5d2d5e-6a53-49f2-b976-7e45c0dda6b7,Visit,37:00.9,Tablet,North,Paid,0,Yes,
1011,0883615e-8073-4990-aecb-1b5a03370e64,Visit,01:25.8,Mobile,West,Referral,0,Yes,
1012,a50040cc-eef9-444f-ba33-85d4b787f2f9,Visit,56:59.8,Mobile,West,Paid,0,Yes,
1013,8db95691-c392-4002-ab62-4618954b8442,Visit,33:00.5,Mobile,East,Organic,0,Yes,
1014,0983c3d2-9418-4111-93af-25a77a9beabf,View Product,06:07.6,Mobile,East,Organic,0,Yes,
1015,91490e00-4b72-4720-9c87-273dfa24865d,Visit,02:51.5,Mobile,West,Paid,0,Yes,
1016,95d654e4-7a0a-4757-a35b-967259eaa3db,Visit,58:43.1,Mobile,North,Paid,0,Yes,
1017,1aacf899-d82f-48a6-a0e5-a1cfb9f91da7,Visit,20:47.9,Desktop,North,Paid,0,Yes,
1018,57c633a8-9ee1-4960-853c-ebdbef127642,Visit,31:06.3,Desktop,South,Paid,0,Yes,
1019,5cf5a607-f824-45bf-ac43-b4d1b7dd59ed,Add to Cart,17:41.9,Mobile,South,Paid,0,Yes,
1020,771a39ee-7682-44eb-830b-8fa2d488933d,Visit,11:57.7,Mobile,South,Paid,0,Yes,
1021,38e197bb-ae90-488b-84c2-3c4dbface4d1,Visit,38:15.3,Mobile,East,Organic,0,Yes,
1022,d86b78ee-cade-4d7e-b8e8-98d18fd786b0,Visit,59:14.5,Mobile,South,Paid,0,Yes,
1023,20348ce0-97ff-4265-b864-77757771f595,Visit,58:50.3,Mobile,North,Referral,0,Yes,
1024,11fb157a-6ce2-4012-9fa9-67114a6fb7f9,Visit,27:13.9,Tablet,North,Organic,0,Yes,
1025,416f10e3-4ba4-4460-ac61-7f0617ee459e,Visit,23:43.8,Mobile,East,Organic,0,Yes,
1026,973a2ce5-e77d-4b53-b52d-89d5bbe3bf0d,Visit,59:02.6,Tablet,North,Organic,0,Yes,
1027,3b773dcc-56d1-4ed9-a095-71ba96cbb1cb,Visit,58:32.0,Tablet,West,Paid,0,Yes,
1028,b7521cc2-d06d-4d56-bb11-65f0ddc155bf,Visit,18:38.3,Tablet,South,Organic,0,Yes,
1029,5c0d0509-c922-4c99-b5cc-6d3c4ac3270d,Visit,27:45.0,Desktop,West,Paid,0,Yes,
1030,e6cac0d9-74c9-48b9-90c9-b41ca91a9b1a,Visit,30:14.2,Mobile,North,Paid,0,Yes,
1031,4c45c953-8004-4f84-8257-a3be2b790d0e,Visit,10:25.7,Mobile,South,Paid,0,Yes,
1032,905cd3fd-8496-45a9-8f1a-e2b9b784a58d,View Product,18:46.8,Mobile,South,Organic,0,Yes,
1033,94d3b4b3-28e9-4e3c-b859-deeabe9bf87b,Visit,34:42.0,Mobile,North,Referral,0,Yes,
1034,3366c522-b789-4094-9b30-282b1ae8aa6c,Visit,15:13.8,Desktop,South,Organic,0,Yes,
1035,e274e6de-3491-4c3f-bdeb-921a2ebc1c8a,Visit,53:23.7,Tablet,North,Organic,0,Yes,
1036,79e05bb4-91aa-4dbe-af44-12705cff85a7,Visit,45:53.2,Tablet,West,Referral,0,Yes,
1037,d9194f3d-9ff4-4e0e-a992-e42c2b900771,Visit,38:39.9,Tablet,South,Referral,0,Yes,
1038,621e27ab-08ea-4246-8540-e696b44f6401,View Product,11:48.2,Desktop,East,Organic,0,Yes,
1039,62aef7b7-99c8-41a3-893f-8c74e6f86f32,Visit,46:08.0,Tablet,East,Paid,0,Yes,
1040,b9652e13-5a25-41a0-99c5-55111022640d,Visit,22:56.2,Mobile,South,Paid,0,Yes,
1041,36a250fa-4472-4d36-bb9d-8f397531054b,Visit,26:33.7,Mobile,South,Organic,0,Yes,
1042,31223ffe-d84e-4afd-817b-38627ef7288f,Visit,18:05.2,Mobile,North,Organic,0,Yes,
1043,398e820e-1309-4289-b970-3d21fb97817e,View Product,35:30.3,Desktop,North,Referral,0,Yes,
1044,368c108d-6323-42f3-bc4b-f59f53eed36b,Visit,30:47.5,Tablet,West,Organic,0,Yes,
1045,29dd0cf5-cadc-4aa7-b818-37c9fd916769,Visit,11:13.3,Mobile,South,Paid,0,Yes,
1046,5a3546cf-33ea-44d9-ad4d-3a3a24c4fd14,Visit,38:55.1,Desktop,South,Referral,0,Yes,
1047,8f761d82-1d99-4208-bf47-95da83077ba0,Visit,05:14.9,Desktop,South,Paid,0,Yes,
1048,56ec6504-c787-4301-b508-e63d0d2c59cd,View Product,18:07.9,Desktop,East,Organic,0,Yes,
1049,58e7cc49-5ad0-4815-a134-c1a018110e9c,Visit,15:36.8,Mobile,North,Organic,0,Yes,
1050,8ccf73ae-0dd2-48be-b173-f27e718520e4,Visit,00:06.7,Desktop,South,Paid,0,Yes,
1051,6b8b1b32-0f0c-4fc9-9903-9e7f26b3bdcc,Visit,45:17.9,Mobile,North,Referral,0,Yes,
1052,fdf5631f-7281-49e9-aaac-905c40b736a6,Visit,45:00.7,Desktop,West,Organic,0,Yes,
1053,15611d64-6adf-48b5-a970-7b56ed3ebb4d,Visit,02:13.4,Desktop,South,Organic,0,Yes,
1054,f1d03cec-f6f2-48ad-912a-77b005a26d82,Visit,23:04.2,Desktop,South,Paid,0,Yes,
1055,e2ddf85d-0456-4dbd-91e5-f91e32fb2876,Visit,51:23.2,Mobile,West,Paid,0,Yes,
1056,859c7f67-651e-4c4e-9f57-34e622d9f239,Visit,26:57.7,Mobile,North,Referral,0,Yes,
1057,084f6a11-b7da-42d1-b0cb-4876e419594d,Visit,15:50.6,Mobile,South,Referral,0,Yes,
1058,256219c5-2cf6-41bc-9b57-cc00275576d9,Visit,57:18.1,Desktop,South,Organic,0,Yes,
1059,a92b3134-f7ee-496e-8308-e31d3c27c60e,Visit,48:20.3,Tablet,East,Organic,0,Yes,
1060,aa1dc460-49ec-40ec-a471-8a1af266a4b7,Visit,18:10.5,Tablet,North,Paid,0,Yes,
1061,815404c0-63be-4651-b0a1-e80e39da52b3,Visit,30:34.5,Mobile,South,Organic,0,Yes,
1062,a0ccce2e-5beb-4902-94b1-98c743e4d1d9,Add to Cart,27:33.1,Tablet,East,Paid,0,Yes,
1063,f8ec47d7-272a-41e3-8bfb-ef1688b95c6f,Visit,11:14.5,Desktop,North,Paid,0,Yes,
1064,42764407-21f8-4a1f-a834-73ccbf149e2a,Visit,28:55.1,Desktop,West,Organic,0,Yes,
1065,55a1c8a5-1765-42b5-ae16-948681e5cd69,Visit,52:28.0,Tablet,South,Organic,0,Yes,
1066,bdd02446-7247-47bb-ae43-17dd155c7165,View Product,16:15.6,Tablet,South,Organic,0,Yes,
1067,b0832b44-53ae-499e-9236-45944523711f,Purchase,51:07.8,Mobile,West,Organic,1497,No,No
1068,37c05f5b-d137-4a06-bc3f-0f1a8e896f8b,Visit,32:34.7,Desktop,East,Paid,0,Yes,
1069,d5feb229-9287-4a00-9c28-58ecb62b1911,Visit,40:53.3,Tablet,West,Organic,0,Yes,
1070,bad9b16e-7c89-4914-bd1b-ac64dab4920c,Visit,19:22.2,Mobile,South,Organic,0,Yes,
1071,811a30f3-a6ab-4931-89aa-5617f7f6fa01,Visit,54:03.9,Tablet,South,Referral,0,Yes,
1072,fca10dab-23ac-4167-bba1-92b2e08d383b,Visit,05:50.5,Desktop,South,Referral,0,Yes,
1073,b7016301-e267-4570-81b5-a29fc482bb26,Visit,49:41.3,Tablet,North,Organic,0,Yes,
1074,60f1044f-32cc-46ac-bf6f-f700d8e5f745,Visit,11:40.4,Tablet,East,Paid,0,Yes,
1075,364ebc0d-fdcd-48e5-9a19-671615a04685,Visit,55:05.8,Tablet,West,Referral,0,Yes,
1076,cbbc79fd-253e-4b82-845d-eff7fe37ffad,Visit,58:16.5,Desktop,North,Paid,0,Yes,
1077,880650c5-3764-4f5e-b914-58c5d2599a1c,Visit,28:33.4,Desktop,North,Organic,0,Yes,
1078,eb5b1a57-aad0-440b-8afa-c338c72484b3,View Product,29:10.1,Mobile,North,Referral,0,Yes,
1079,8b5118e6-91e4-455a-b8d0-e63542cd4076,View Product,05:37.2,Desktop,West,Referral,0,Yes,
1080,0d8c6198-9e7b-4f48-b8f1-caf89bc47f5c,Visit,17:24.2,Desktop,East,Paid,0,Yes,
1081,61f6f184-f543-4b59-8e31-010962ac9f5d,Visit,31:09.9,Desktop,East,Paid,0,Yes,
1082,b3bdbd92-7654-4382-8f2f-eec1a92354b9,Visit,02:58.0,Mobile,North,Referral,0,Yes,
1083,03214fb5-dda7-4d63-9af1-1d4a96a3581a,View Product,47:30.3,Desktop,East,Paid,0,Yes,
1084,3e8488f2-0d80-4622-94b7-faeca761cfb8,Visit,11:44.1,Desktop,North,Referral,0,Yes,
1085,7d398baa-0d24-43fb-9e34-13a96ae0582d,Visit,04:24.1,Mobile,West,Organic,0,Yes,
1086,ea0b51bd-c0b9-4cdc-ad0d-3f2af4cf043c,Visit,21:24.6,Desktop,East,Organic,0,Yes,
1087,3c7fc77d-2f6d-4492-886f-b743549ab845,View Product,43:29.6,Desktop,East,Paid,0,Yes,
1088,5a94e533-f425-4758-8ea4-6bf8cd67de2a,Visit,15:54.7,Tablet,East,Organic,0,Yes,
1089,e3225901-1435-4dae-9758-ef8a6c4a9036,Visit,45:48.4,Mobile,East,Referral,0,Yes,
1090,19a74b2e-daa5-4c9c-95c5-d70f74a19d30,Visit,16:51.5,Mobile,West,Paid,0,Yes,
1091,63e6723a-2678-4b31-a60c-61e9b480c524,Visit,22:01.5,Mobile,West,Paid,0,Yes,
1092,64a94f38-3523-4605-bc76-03dabd6991e5,Visit,16:52.8,Mobile,East,Paid,0,Yes,
1093,7a6d8998-ae4e-4114-8904-871edcca2af6,Visit,04:51.9,Tablet,East,Organic,0,Yes,
1094,a075e0ef-8701-44fd-be34-9d184a629e39,Visit,13:20.9,Mobile,South,Referral,0,Yes,
1095,de567cd4-3434-4135-9424-eaf1c5234c57,Visit,55:14.6,Mobile,West,Referral,0,Yes,
1096,a32e982d-9072-4218-a8d3-36d02d8970f4,Visit,16:30.2,Tablet,East,Referral,0,Yes,
1097,80153c91-c91f-4991-95bc-dbc5d39e9787,Visit,39:07.1,Mobile,South,Organic,0,Yes,
1098,d1c28536-9e14-4daa-9a79-2dfaef84bc07,Visit,52:32.1,Mobile,South,Paid,0,Yes,
1099,0ff887cc-c733-44ee-b705-b7e88407abef,View Product,08:07.4,Tablet,South,Paid,0,Yes,
1100,427619dd-c2de-411b-b4cc-a35f012eca4d,Visit,26:44.8,Tablet,East,Referral,0,Yes,
1101,5dae0552-8ab5-4cca-9c19-953586980e69,Visit,03:36.7,Desktop,West,Paid,0,Yes,
1102,ba710e74-c465-495c-81f8-534e794f49e7,Visit,00:43.1,Desktop,West,Referral,0,Yes,
1103,55927dbb-149a-4c6a-a3a2-76288f219db1,Visit,46:53.5,Mobile,East,Referral,0,Yes,
1104,46090322-9c0a-42bb-91f3-c293a8c56364,View Product,43:24.7,Tablet,East,Paid,0,Yes,
1105,f9ff4494-5730-4c37-a463-2ca321333293,Visit,03:37.1,Desktop,North,Referral,0,Yes,
1106,d7ae9a84-9bbf-4b48-a7a8-547024cccfa6,Visit,54:33.1,Mobile,East,Organic,0,Yes,
1107,5496728b-ae6b-48be-8c9d-4616602c469c,Visit,06:41.8,Mobile,West,Paid,0,Yes,
1108,4cc8f275-d83a-4a0a-9d25-156a98aeaa1e,Visit,32:34.7,Mobile,North,Organic,0,Yes,
1109,94d8fca5-e2a6-40bb-9541-c6d6d7406b9e,View Product,02:14.4,Mobile,West,Paid,0,Yes,
1110,dcd22f84-9bf6-4578-a137-81688ded7257,Visit,25:05.6,Desktop,West,Organic,0,Yes,
1111,219bcd57-9e6c-4f7a-a301-aaa24e74b262,Visit,48:27.9,Tablet,East,Organic,0,Yes,
1112,77f472a5-3ada-4923-a097-a1924f1bad3a,Visit,52:17.5,Mobile,North,Organic,0,Yes,
1113,8b31d4cd-c230-4437-bf3d-6615d2fcf0c3,Visit,16:24.7,Mobile,West,Referral,0,Yes,
1114,399a89cc-ce97-42ba-9a69-012d08e50d9c,Visit,04:02.9,Mobile,South,Referral,0,Yes,
1115,ae8a0283-f99a-409d-b341-06d803c1fe04,Visit,09:50.9,Desktop,East,Organic,0,Yes,
1116,2e08bc8b-11f0-413b-a892-872303d2b597,Visit,18:36.7,Tablet,North,Referral,0,Yes,
1117,608434d2-e8f0-4731-906b-79836854393d,Visit,31:22.2,Desktop,East,Paid,0,Yes,
1118,654d4527-1716-4e2e-b0ad-de7ff1af3109,Visit,49:13.8,Mobile,North,Referral,0,Yes,
1119,a26f490e-7c14-4755-b16f-e5ac60f797b6,Visit,28:29.3,Tablet,South,Paid,0,Yes,
1120,512909ae-fa75-4621-9e71-55680d8ee572,Visit,44:33.8,Tablet,East,Referral,0,Yes,
1121,6d6961e0-ac9e-428a-8cbc-2a7ad04b63d6,Visit,09:54.1,Mobile,East,Paid,0,Yes,
1122,64991c3f-c7fb-41c1-aa41-c9f7962e9a00,Visit,02:24.7,Mobile,North,Referral,0,Yes,
1123,db95c17a-93b8-415e-9f59-573f899f91e3,Visit,07:31.1,Mobile,South,Paid,0,Yes,
1124,44584c9d-1806-472a-9902-56d7f7b5737d,Visit,15:41.5,Desktop,North,Referral,0,Yes,
1125,1d89e4d8-034d-44b0-b7db-77a1060e026c,Visit,06:49.9,Tablet,South,Referral,0,Yes,
1126,b067606d-1791-4941-b6c8-60478d07f5ec,Visit,08:46.8,Mobile,West,Paid,0,Yes,
1127,0745692a-ad39-41b1-a906-bdaf8479b6f4,Visit,30:47.9,Desktop,South,Paid,0,Yes,
1128,b5d2b62f-9f4c-465f-820e-77a35d6d4998,Visit,12:31.0,Tablet,North,Paid,0,Yes,
1129,c0a7bb70-81ed-46e4-8592-58cf8ffe2153,Visit,39:05.3,Desktop,North,Paid,0,Yes,
1130,badc0ea0-0be6-48be-96bc-b6a448220c49,Visit,07:37.0,Desktop,South,Organic,0,Yes,
1131,07660788-5a42-4c5b-939a-7fde28aebb32,Visit,39:30.7,Mobile,South,Referral,0,Yes,
1132,4801d2f4-b98e-4ed3-a8b3-f7be4a3c95c9,Visit,28:25.1,Tablet,North,Organic,0,Yes,
1133,445fe8da-b010-4ec0-bdbc-0536ea83dcbf,View Product,14:46.7,Tablet,South,Referral,0,Yes,
1134,75688b35-0c3e-42d5-a5f1-e0340d492b68,Visit,21:08.0,Tablet,North,Organic,0,Yes,
1135,770cb290-a84d-4b26-9799-3dfb086f6de4,Visit,38:57.1,Desktop,West,Referral,0,Yes,
1136,0cb97623-2bac-48d8-a069-2c3a768ef6f1,Visit,58:36.0,Desktop,West,Paid,0,Yes,
1137,ce967579-99c7-4e09-bfb1-3c04f22443de,Visit,54:35.3,Tablet,South,Paid,0,Yes,
1138,37741a09-6613-48f9-82c2-976efea8623c,Visit,58:22.6,Desktop,West,Organic,0,Yes,
1139,e4a4c4b5-dc69-4f8b-912e-ab28354609d2,Visit,28:27.0,Mobile,West,Organic,0,Yes,
1140,de39d3eb-bfa0-4ce6-b707-9c6e1c7838be,Visit,28:10.5,Mobile,West,Paid,0,Yes,
1141,97a0a600-0958-4af4-bd2e-563ed14ee8fe,Visit,06:42.8,Tablet,West,Paid,0,Yes,
1142,969a6115-a212-49fb-b345-f91f8d1acfca,Visit,45:43.3,Tablet,West,Organic,0,Yes,
1143,7e363fb2-4f80-4ecc-8f47-f0cbcd02d526,Visit,47:47.8,Tablet,East,Referral,0,Yes,
1144,9e491d72-69c3-40f3-aa02-89ba5ec556d2,Visit,43:02.1,Mobile,West,Paid,0,Yes,
1145,34a27798-4886-4aef-9298-7917979110f3,Visit,05:29.5,Tablet,West,Organic,0,Yes,
1146,6a1817ea-d03b-445b-9f61-c162891f917a,Visit,35:22.1,Mobile,South,Paid,0,Yes,
1147,9418d6ca-45ac-478e-80d5-868b72e48bc1,View Product,31:00.7,Desktop,North,Paid,0,Yes,
1148,9607e7da-9a48-4c7c-aab9-00f64d816e43,Visit,42:46.5,Desktop,South,Paid,0,Yes,
1149,e24533a1-b605-4b71-bd1c-5fae1bf934f2,Visit,39:23.6,Mobile,North,Organic,0,Yes,
1150,33f0bd2b-85b6-4694-9252-4299e62148cb,Visit,53:38.8,Tablet,West,Paid,0,Yes,
1151,6dc6d068-23c2-4157-bfad-b867abf363aa,Visit,35:42.3,Tablet,West,Organic,0,Yes,
1152,20d75f8f-b006-4b7d-9e63-62bed48232e8,Visit,04:56.7,Mobile,South,Referral,0,Yes,
1153,0c7cd610-0c4f-4b0a-87e8-c0119457efe2,Visit,39:07.0,Mobile,North,Paid,0,Yes,
1154,977f1318-c045-4f5f-9544-a03a9bd97460,Visit,11:42.9,Tablet,South,Organic,0,Yes,
1155,a37e8a50-9362-498a-86bb-2f6f9a1d8ac1,Visit,37:56.2,Mobile,South,Paid,0,Yes,
1156,82fccea5-d7e5-4f3c-bdd9-3330e12377ee,View Product,49:20.6,Desktop,South,Paid,0,Yes,
1157,266fe1cd-3ed8-4f3d-b81c-729f7c187bbd,Visit,31:04.3,Desktop,South,Referral,0,Yes,
1158,98313a25-6af5-4315-bd98-49124997d0a5,Visit,43:22.3,Tablet,North,Referral,0,Yes,
1159,1ac726c1-c44f-435c-99b0-5cdc74ba4e41,Visit,07:22.7,Desktop,East,Paid,0,Yes,
1160,580bd3d9-0cda-4c66-a753-5666b03e2231,Visit,38:00.2,Desktop,North,Organic,0,Yes,
1161,a38081c3-5160-4746-9b09-5868f7323b4e,Visit,34:14.7,Tablet,West,Referral,0,Yes,
1162,2146ba67-add3-4eb8-80df-5c1c683692b0,Visit,46:17.8,Tablet,North,Referral,0,Yes,
1163,3a5ae0b9-9b4c-401f-9b98-80c697024bb8,Visit,39:58.2,Desktop,West,Organic,0,Yes,
1164,c7296566-dbad-4165-869d-74c0080622be,Visit,21:51.0,Tablet,North,Paid,0,Yes,
1165,8c83439a-f65d-472f-9901-1e60c9274634,View Product,50:56.5,Tablet,West,Referral,0,Yes,
1166,dbfda758-a991-4771-a298-579f2483357c,View Product,33:18.4,Tablet,South,Organic,0,Yes,
1167,c9e614db-b56d-46bd-8cd2-b1ff2472030a,Visit,06:53.2,Tablet,East,Organic,0,Yes,
1168,e5918a53-0f0b-4d18-8b2a-41fdb4033fe2,Visit,42:31.3,Tablet,North,Organic,0,Yes,
1169,6762a365-bd3a-43f0-9b4e-2be7e26b6ce3,Visit,04:14.2,Desktop,South,Referral,0,Yes,
1170,41ac48c6-23af-4106-b94f-ebf61796b258,View Product,49:32.4,Mobile,West,Paid,0,Yes,
1171,dd6f31fa-f29f-4fd8-af48-b2ec3cbca4f3,View Product,45:37.5,Desktop,West,Paid,0,Yes,
1172,6cb2d21d-4167-42ea-a177-de626ee4aaf2,View Product,26:00.3,Mobile,North,Paid,0,Yes,
1173,5b94a198-1e89-4b93-853b-9a223ee661d7,Visit,54:06.1,Tablet,East,Referral,0,Yes,
1174,64f14d91-c554-4afd-8b95-4e4d1a048bb0,Visit,29:01.9,Desktop,South,Paid,0,Yes,
1175,9772f03d-9eb6-446b-8f6e-4f2e5476e4c2,Visit,38:36.2,Tablet,West,Paid,0,Yes,
1176,116101f8-5744-4b84-88d6-068e47e3a1c2,Visit,31:05.4,Tablet,East,Referral,0,Yes,
1177,9bad5fd5-0c89-4cd7-9ee8-719f9037abde,View Product,10:18.2,Mobile,East,Organic,0,Yes,
1178,340da15d-cb88-4137-9b36-f845f76e64d9,Visit,29:39.2,Mobile,East,Paid,0,Yes,
1179,f211514b-6252-4633-98eb-00d3ea995252,Visit,38:29.5,Desktop,East,Paid,0,Yes,
1180,f566b29b-f98d-4e90-b83c-87561ffef808,Visit,08:19.0,Tablet,North,Referral,0,Yes,
1181,da25bf03-c303-4dd4-b7d4-55134872270f,View Product,09:14.3,Desktop,South,Paid,0,Yes,
1182,e0d6a203-5bd3-495d-a8dc-ea2bf3beb696,Visit,39:51.0,Mobile,South,Paid,0,Yes,
1183,53ed49d2-ee44-40b8-af1c-cb58394dc2eb,Visit,07:03.9,Tablet,East,Paid,0,Yes,
1184,b58f106e-6aa2-4a79-a866-1eeedf10121c,Visit,04:00.8,Tablet,West,Organic,0,Yes,
1185,ea255659-5575-4e2d-b4a5-608813e41245,Visit,42:01.2,Tablet,North,Paid,0,Yes,
1186,9322794f-1d7b-45b2-979a-308ae4436004,Visit,47:23.5,Mobile,South,Organic,0,Yes,
1187,d4a48e55-5bda-4738-ab83-0cdccf845e3a,Visit,09:57.7,Desktop,North,Paid,0,Yes,
1188,e81e5340-b951-4da3-a11e-c59f400c1ce7,Visit,22:57.2,Desktop,North,Referral,0,Yes,
1189,85566242-b3dc-41d5-80b3-d81b3dbe8bf1,Visit,28:47.6,Mobile,South,Referral,0,Yes,
1190,f84d625a-ef15-4420-9934-f3c83c6a0d01,Visit,19:43.1,Desktop,East,Organic,0,Yes,
1191,6379c472-9ab9-4f10-9854-94a10beca8f5,Visit,18:41.2,Desktop,East,Paid,0,Yes,
1192,c70cb542-29e7-45bc-aa59-7cb0cc189605,View Product,37:24.5,Mobile,West,Referral,0,Yes,
1193,29fe4fa3-f357-4efe-b18d-48e94d285da5,Visit,41:29.3,Desktop,South,Referral,0,Yes,
1194,cca488f5-76ec-44c2-b8a8-74b5cfd11e44,Visit,15:59.8,Desktop,East,Referral,0,Yes,
1195,77fd2852-036e-4d2c-8e0a-3ed7a2d795d1,View Product,21:47.6,Desktop,North,Referral,0,Yes,
1196,0eda968b-3c39-4cae-92ff-c1f1e3487905,Visit,20:05.4,Mobile,West,Referral,0,Yes,
1197,f8abc266-5681-4e91-9b83-a82cefd89b60,Visit,36:27.4,Tablet,East,Paid,0,Yes,
1198,a2302cf0-eae0-42d3-88e8-a7fd21441be9,Visit,19:16.3,Tablet,South,Organic,0,Yes,
1199,6d7ba53c-5eb6-4e27-bccb-d379f4156853,Visit,08:11.3,Desktop,North,Referral,0,Yes,
1200,673c4c66-599f-40eb-97cc-0774eb9224f4,Visit,50:08.5,Mobile,West,Paid,0,Yes,
1201,2aaeb79d-6e6f-4efe-9504-4be61604e474,View Product,33:53.5,Desktop,East,Organic,0,Yes,
1202,2cdac557-67be-4129-81c4-132858a2a7fd,Visit,38:23.3,Desktop,North,Organic,0,Yes,
1203,db64c096-6784-428b-bd04-67e82db9ce1a,View Product,21:47.5,Desktop,East,Paid,0,Yes,
1204,df46fe9b-8244-4596-a667-e55a83d509fa,Visit,44:32.5,Desktop,North,Organic,0,Yes,
1205,597addb5-993a-40f9-b64c-e8865e35bdd6,Visit,10:11.7,Tablet,North,Organic,0,Yes,
1206,27b5cbea-7b99-45a5-998d-3092fb5dc531,Visit,27:08.6,Mobile,East,Organic,0,Yes,
1207,5fa188f8-b5cb-4329-bd73-db0dcd3d011b,Visit,59:32.0,Tablet,South,Paid,0,Yes,
1208,3b9989bf-4a0f-4e37-8016-ff74bef0cde7,Visit,31:58.9,Mobile,East,Paid,0,Yes,
1209,b34f4d4a-766a-4e8e-93fe-8af4040a9b68,Visit,38:42.4,Mobile,North,Paid,0,Yes,
1210,f03821bc-229e-4fe1-9afc-3e567acd8ac1,Visit,36:18.5,Tablet,East,Organic,0,Yes,
1211,de67d380-61a1-400b-91ba-4d84ecee83c6,Visit,55:38.0,Mobile,North,Organic,0,Yes,
1212,a244c9fd-a0fc-4df1-985d-fff4f2c01480,Visit,33:28.2,Mobile,West,Referral,0,Yes,
1213,a52df3c9-aa40-4778-979c-d3e1398fe2d5,View Product,36:47.7,Tablet,East,Organic,0,Yes,
1214,5920fe6e-0221-4039-81a1-5bf65cfeb656,Visit,48:53.6,Mobile,South,Paid,0,Yes,
1215,9f8617e8-4353-427b-9585-8ea4ab009d54,Visit,43:25.6,Mobile,South,Referral,0,Yes,
1216,cb9f650b-68e1-45ca-96e7-6dafa7259313,Visit,12:29.8,Desktop,West,Organic,0,Yes,
1217,87fb4e30-173e-4609-883e-9a35841bff82,Visit,38:04.8,Desktop,West,Referral,0,Yes,
1218,bc323eb2-26e4-4867-8e84-f354edfa8975,Visit,27:51.1,Desktop,North,Paid,0,Yes,
1219,a836721b-e0fa-4d64-9d9f-7c87767ef07d,Visit,39:35.4,Mobile,West,Referral,0,Yes,
1220,e0aa09c9-2475-4da6-b56a-39901166f306,Visit,38:25.6,Mobile,South,Organic,0,Yes,
1221,6a3dff52-0956-408c-8280-2106779f2ff4,Visit,25:50.7,Tablet,South,Organic,0,Yes,
1222,aad19fb9-8b3e-4cf8-aa54-8a380d0dd39e,Visit,55:10.5,Mobile,North,Referral,0,Yes,
1223,38c5dc4d-fc38-431d-83fe-1eee70c5d0ab,Visit,57:03.2,Desktop,South,Paid,0,Yes,
1224,095ba595-8485-4b54-91e9-f281c687a0b7,Visit,36:57.7,Desktop,North,Paid,0,Yes,
1225,a427e07e-00e9-4fd2-9a91-1fb563c24726,View Product,57:14.6,Tablet,East,Referral,0,Yes,
1226,aa0944cb-85d1-4bb6-8159-be7e565f403c,Visit,25:07.6,Tablet,South,Referral,0,Yes,
1227,b9b9dfc7-44c9-4c2a-a49b-3795c0b8a564,Visit,17:51.7,Desktop,East,Organic,0,Yes,
1228,3b7ef2f6-2e1b-49ca-a541-23a91d48cf5c,Visit,01:06.6,Tablet,North,Paid,0,Yes,
1229,0ddebf5b-f86e-4aa3-965f-86d8d0e1c32e,Visit,30:14.2,Desktop,North,Paid,0,Yes,
1230,c7faf6b8-57a0-4a53-81b3-edf2600a3d9e,Visit,12:41.0,Tablet,South,Organic,0,Yes,
1231,869c3e5f-bb2a-43ab-8f33-b4114548aae6,Visit,50:07.5,Tablet,South,Referral,0,Yes,
1232,d74fc79d-d424-42f1-8d63-63e7203f3900,Visit,45:58.7,Tablet,West,Referral,0,Yes,
1233,5ac475ef-f810-4a45-a952-d465f0ae8822,Visit,33:38.4,Mobile,South,Referral,0,Yes,
1234,77da4c15-0ae9-424c-918e-4e690b463b93,Visit,02:44.1,Tablet,East,Paid,0,Yes,
1235,c61a4f11-6484-4205-af52-a540d0472e08,Visit,10:23.5,Desktop,West,Paid,0,Yes,
1236,52a49245-f0aa-4065-8f14-22bf1b7f3151,Visit,23:53.9,Mobile,South,Referral,0,Yes,
1237,f448d2ef-7ecf-4c77-b028-b0ab010be565,Visit,30:35.5,Mobile,East,Organic,0,Yes,
1238,ab89ef4e-02f9-47e0-81fb-87d6cb0eace0,Visit,17:18.0,Mobile,West,Paid,0,Yes,
1239,177870e1-755e-4308-9564-ede6b2dfe35e,Visit,30:01.6,Desktop,South,Organic,0,Yes,
1240,900173cd-ad18-4ba8-8183-2836bb6742d9,Visit,24:32.6,Tablet,North,Paid,0,Yes,
1241,da9607bd-081d-476f-a0d9-33600b7346c8,Visit,08:28.2,Desktop,West,Referral,0,Yes,
1242,50868dda-2dc9-4cd2-ac4f-dea364dbc39a,Visit,08:50.1,Desktop,South,Organic,0,Yes,
1243,52292c3f-4227-40ac-b000-32bf5e29cdee,Visit,21:26.5,Desktop,West,Organic,0,Yes,
1244,23247978-261f-45bb-9b18-6582dcc788d7,Visit,03:27.8,Tablet,West,Paid,0,Yes,
1245,3feac03f-55f6-46d0-86a2-f66b176b9071,Visit,03:06.3,Desktop,South,Organic,0,Yes,
1246,5f0179d3-f228-454a-8a64-de1bcdf54f6b,Visit,10:14.7,Mobile,South,Referral,0,Yes,
1247,c058bdd4-fe1e-4688-8b1e-730c243ed740,Visit,40:33.8,Tablet,South,Paid,0,Yes,
1248,0e157c91-c2b9-4d25-8fa5-212e8c112ef0,Visit,20:04.3,Tablet,West,Referral,0,Yes,
1249,3e2bc392-4b98-47a7-8829-6f8ea55fcf6c,Add to Cart,30:43.1,Desktop,West,Paid,0,Yes,
1250,8cc2a920-c1d4-4be6-aef3-1e51e8a13416,View Product,52:24.0,Tablet,West,Organic,0,Yes,
1251,95aa0070-b0bf-4b02-9d9f-80bd31a33cb1,Visit,56:02.8,Tablet,West,Paid,0,Yes,
1252,5a944a00-b258-4414-bdc1-767f2e6c0460,Visit,31:53.6,Desktop,East,Referral,0,Yes,
1253,a2902cc5-1aa2-4f39-a3ea-5064c133bbbd,View Product,26:03.5,Mobile,East,Referral,0,Yes,
1254,55fa325e-0cbd-4ca1-84ae-e96534477f41,Visit,36:51.6,Tablet,North,Referral,0,Yes,
1255,6c66cef9-ac29-4041-a13c-169a196ef1ee,Visit,45:38.8,Mobile,South,Referral,0,Yes,
1256,6a42467f-deb5-414e-8e72-2cfc51fbead1,Visit,19:00.7,Mobile,East,Referral,0,Yes,
1257,118d1095-8a61-41c9-9bec-dea433ac8277,Add to Cart,16:09.3,Mobile,South,Organic,0,Yes,
1258,7b28d641-546b-4b13-a92c-c8d7ebb02c53,Visit,13:53.6,Tablet,West,Organic,0,Yes,
1259,44e14da0-4fdc-43e4-bb21-ee382ce068f7,Visit,12:04.6,Desktop,South,Paid,0,Yes,
1260,df236710-e6d9-4f36-b4df-5722adfb0470,Visit,42:52.6,Mobile,East,Organic,0,Yes,
1261,259a2b3d-ef05-4816-8293-d97b7ade32ea,Visit,39:30.7,Desktop,West,Paid,0,Yes,
1262,28e6eae8-8559-40c1-a252-b37cd538cd8f,Visit,15:26.3,Mobile,North,Referral,0,Yes,
1263,5f93dcc1-4657-4193-b43f-0200f7670d90,Visit,42:41.9,Desktop,North,Referral,0,Yes,
1264,f8f7cdb7-efd8-4392-a002-596a7981ae58,Visit,22:24.5,Tablet,West,Paid,0,Yes,
1265,d34b0155-430b-4d3a-b1bb-50306b75a3bb,View Product,27:39.5,Tablet,South,Organic,0,Yes,
1266,b3f751b9-8eaf-4e50-9163-a5f2327b4dfb,Visit,54:10.0,Tablet,East,Organic,0,Yes,
1267,cf2b5fef-e687-4e13-a3c9-de2cd3b3dcb3,Visit,27:32.7,Desktop,North,Referral,0,Yes,
1268,131fd21b-99d0-472d-a880-2a954b23f96c,Visit,48:02.5,Desktop,East,Paid,0,Yes,
1269,4ba48a6e-f3a6-4a85-b18d-fd17702eca8f,Visit,14:42.4,Desktop,West,Referral,0,Yes,
1270,0af46d7b-6367-4ecd-b3cb-f8c024292a69,View Product,07:27.1,Desktop,South,Paid,0,Yes,
1271,7384d103-35c7-45fe-b242-89eb9a6c5446,Visit,05:32.7,Mobile,East,Organic,0,Yes,
1272,e3da29f8-51f0-448d-9d92-347f7e49c48a,Visit,56:14.7,Mobile,West,Organic,0,Yes,
1273,6501beb1-7b24-4040-b0fe-fcc47e7ae290,Visit,58:31.3,Mobile,West,Organic,0,Yes,
1274,8e69895e-0bd6-4446-a661-6d28febd580e,View Product,40:42.9,Tablet,South,Paid,0,Yes,
1275,d3ec5a7d-21c8-49d6-9fca-2d0075e3b8c6,Visit,37:55.6,Desktop,East,Referral,0,Yes,
1276,df1c9164-2c7e-466b-8529-5ec4b1ad751c,Visit,24:50.7,Tablet,West,Organic,0,Yes,
1277,9b7d6ab3-2218-4e0e-a11c-0c4029cd8b33,Visit,37:43.1,Tablet,East,Organic,0,Yes,
1278,318b5d8a-4dd7-42e7-901f-6474436bb6d8,Visit,49:33.7,Mobile,East,Organic,0,Yes,
1279,809b453b-9720-4329-9030-a44ed3d11c98,Visit,31:44.2,Mobile,West,Organic,0,Yes,
1280,5c972702-fa0e-4da8-a2cb-183112572af1,Visit,12:25.7,Desktop,West,Paid,0,Yes,
1281,1f013ef6-983f-4aec-83fb-a728317d00b2,Visit,46:39.8,Mobile,East,Organic,0,Yes,
1282,51dbe5c8-86da-46e1-bfd6-d763ff090bc2,Visit,03:29.3,Mobile,West,Paid,0,Yes,
1283,1c26bf06-580e-4ba8-a914-2f7b9be08746,View Product,15:07.4,Tablet,East,Referral,0,Yes,
1284,3df8da79-f7ff-41c4-8bb2-7f95734cf0bd,Visit,45:57.3,Tablet,South,Organic,0,Yes,
1285,df24ce69-5810-4f83-98b7-e1e1ba088ff3,Visit,11:43.7,Desktop,North,Organic,0,Yes,
1286,20fd98d1-2899-45a9-93ea-9ee5a5698bda,Visit,35:00.1,Tablet,South,Referral,0,Yes,
1287,85c8637e-8e48-4c17-ad07-369d3df20f77,Visit,21:31.1,Mobile,West,Referral,0,Yes,
1288,fa6f3f59-3f9e-4a31-a629-463165b2d673,Visit,01:13.2,Tablet,North,Paid,0,Yes,
1289,d602a241-a69e-4ed5-b433-9b99b560b95b,Visit,23:07.6,Mobile,South,Organic,0,Yes,
1290,b27e0a74-ca69-4475-bd74-3fa9bb8d2c5a,Visit,53:50.1,Desktop,East,Organic,0,Yes,
1291,4d168a13-917a-45c8-8a86-c257fba6d869,Visit,14:18.9,Tablet,West,Organic,0,Yes,
1292,7399075a-133e-468c-94ff-abc31bafe449,Visit,43:24.9,Mobile,West,Organic,0,Yes,
1293,6e8a6669-4900-43eb-99bd-a335d882c12e,View Product,16:52.9,Desktop,East,Paid,0,Yes,
1294,ffae2d6c-25f9-4ebc-ada3-a670e9f11e9e,Visit,31:09.8,Mobile,East,Paid,0,Yes,
1295,d87e4406-48a5-44c0-b942-845e18db9a33,Visit,54:35.1,Mobile,East,Paid,0,Yes,
1296,664aec98-0fa6-4962-b60b-ed2962cea5f5,Visit,15:38.9,Desktop,South,Organic,0,Yes,
1297,2c1766f5-a8bb-4158-b49f-a4e1b918a13a,Visit,31:11.8,Mobile,South,Organic,0,Yes,
1298,3d4bc807-4c66-4b2f-922e-47bef66ba249,Visit,45:59.8,Desktop,North,Organic,0,Yes,
1299,6be14114-4eda-4732-9065-2cf5c809a837,Visit,47:39.7,Desktop,East,Referral,0,Yes,
1300,c5acf69c-1a3e-4180-9fc2-72fe1d4be2d4,Visit,24:01.5,Mobile,West,Organic,0,Yes,
1301,3ddd3863-4dea-4230-8c29-0ad44b65e3b0,Visit,40:58.3,Desktop,North,Referral,0,Yes,
1302,1e61f098-20e2-448c-aa5d-6b4f5ea0b8a8,Visit,45:57.0,Mobile,South,Organic,0,Yes,
1303,05c96adf-f614-4fb3-91a2-add5bfa3601a,Visit,25:55.0,Mobile,South,Paid,0,Yes,
1304,d36efe05-e659-4646-8a4e-28676f7b5fbe,Visit,34:19.4,Tablet,South,Organic,0,Yes,
1305,b157a0df-4c0c-4974-b839-c24ebfaf1aef,Visit,07:28.1,Mobile,North,Paid,0,Yes,
1306,d5581388-b24f-4076-b0dc-f88d5c764a44,Visit,42:07.5,Mobile,West,Referral,0,Yes,
1307,d95bf79e-e47f-4b7f-8f81-95f07ca23f01,Visit,56:51.8,Desktop,South,Paid,0,Yes,
1308,5a5e7e39-08ad-49c8-8324-959e52222e1b,View Product,31:29.9,Desktop,West,Paid,0,Yes,
1309,ebfc8bd7-a3eb-482d-bd8f-01772641b321,Visit,51:17.2,Mobile,East,Organic,0,Yes,
1310,f4511afb-1bfe-427b-856e-fccb667895bd,Visit,30:40.9,Desktop,East,Referral,0,Yes,
1311,0fe2c12d-9560-4c68-9790-4dc9a6e3272b,Visit,52:22.2,Desktop,East,Referral,0,Yes,
1312,bd7c4b90-4406-4960-b466-d0f090c46379,Visit,17:09.1,Mobile,South,Organic,0,Yes,
1313,25b70c6a-0868-4d59-98cf-665451589428,Visit,28:24.0,Desktop,North,Paid,0,Yes,
1314,06342311-1276-4067-8ec8-fce5a5757ae7,Visit,35:01.6,Mobile,East,Paid,0,Yes,
1315,456687bb-7aea-449a-9792-379de32b68b8,Visit,21:23.8,Desktop,North,Referral,0,Yes,
1316,2c918038-f807-4316-a5c8-6387666bddd8,Visit,58:30.3,Tablet,West,Referral,0,Yes,
1317,2c4b21e6-9647-4d4d-889d-077bce87e960,Visit,19:43.0,Mobile,West,Paid,0,Yes,
1318,283824fa-55e3-4d85-b10a-8b718674f951,Visit,54:34.1,Desktop,West,Referral,0,Yes,
1319,5eac8fc5-a4cd-4d08-88e8-6307e1adf656,Visit,29:58.6,Tablet,West,Referral,0,Yes,
1320,5cc44965-e422-4f09-b573-143bba725781,Visit,56:29.2,Desktop,South,Paid,0,Yes,
1321,88259dcc-93a7-4fc8-8ae7-7a38347ab5f4,Visit,05:28.0,Tablet,West,Paid,0,Yes,
1322,79124b6c-aa83-4fb1-90e8-f56ec3e508ba,Visit,20:32.4,Desktop,South,Organic,0,Yes,
1323,2ba67725-2177-4d3f-b506-ffa2b4da0f0a,View Product,08:18.5,Mobile,South,Referral,0,Yes,
1324,c70ae8d1-e248-484d-9e40-5bcb08a7b2d3,Visit,54:51.2,Mobile,East,Organic,0,Yes,
1325,3bb30805-14c3-4092-bef0-705ccaa1ab6e,Visit,59:00.4,Mobile,South,Referral,0,Yes,
1326,44cf129e-543e-4f0b-b8fe-11322595e281,Visit,38:11.5,Mobile,South,Referral,0,Yes,
1327,6a8e02d1-bac2-4806-8dcc-a6c8b7cd7d67,Visit,22:13.6,Mobile,West,Referral,0,Yes,
1328,8668d57d-2a8c-4a20-8c14-0d90f4431710,Visit,49:06.0,Tablet,West,Organic,0,Yes,
1329,000fd57d-23e2-48d5-9993-a54f6ed0038a,Visit,58:56.8,Mobile,West,Referral,0,Yes,
1330,3831267a-309f-40ff-b02b-16e1ec714af4,Visit,46:42.4,Mobile,East,Organic,0,Yes,
1331,94e1c355-5d4e-4a0c-815a-1b716889d9a8,Visit,27:17.0,Desktop,South,Paid,0,Yes,
1332,e18e21b3-932c-4551-b37d-a33bb32528ed,Visit,10:43.2,Desktop,West,Paid,0,Yes,
1333,f16f19e6-4532-4443-b40e-6db6669c1bce,Visit,13:51.8,Mobile,East,Referral,0,Yes,
1334,a53b34f1-95d9-4716-a48f-35fc7e1d4463,Visit,12:58.2,Desktop,North,Referral,0,Yes,
1335,65c63027-5667-4b95-848c-04a50e8b34ca,Visit,55:35.6,Desktop,West,Paid,0,Yes,
1336,f6c32b0e-2882-409b-b6c7-f73211fd179c,Visit,22:22.4,Mobile,South,Referral,0,Yes,
1337,438df4e2-de41-4d1a-807d-83b275f59380,Visit,18:20.7,Mobile,South,Paid,0,Yes,
1338,14996620-3e26-4d06-9d1f-2db33e489a50,Visit,16:05.4,Mobile,North,Referral,0,Yes,
1339,fcc2d0da-ebb8-4238-b70c-05522e88957f,Visit,49:30.8,Mobile,South,Organic,0,Yes,
1340,21dc7aea-13bd-4cd0-966c-fec8279b0c03,Visit,26:46.4,Tablet,East,Organic,0,Yes,
1341,5ad3892a-0dfa-426d-a0c2-02e40a2b306e,Visit,23:50.8,Mobile,North,Paid,0,Yes,
1342,01d807d3-9934-420c-acf7-378bcd239a68,Visit,21:22.7,Desktop,West,Paid,0,Yes,
1343,7f60e71d-17a6-4e3c-97cb-102301d48daa,Visit,46:23.7,Desktop,North,Referral,0,Yes,
1344,80e84b04-f261-40e0-931d-e49ccd458309,Visit,36:31.5,Mobile,South,Organic,0,Yes,
1345,b106c949-9894-4b61-8271-104806aa7791,View Product,28:40.8,Mobile,East,Referral,0,Yes,
1346,f19cb9b9-734c-4109-b051-c427ac8718ae,Visit,34:53.0,Mobile,South,Organic,0,Yes,
1347,644afc1f-2558-4c2d-a9ce-debf4d7ffa9d,Visit,58:46.1,Mobile,South,Paid,0,Yes,
1348,41e49a9f-0aff-41c8-a3d1-0a27bafb838c,Visit,28:05.9,Mobile,North,Paid,0,Yes,
1349,f9bb6ccd-2b84-4e96-bdb5-438250115f08,Visit,55:03.7,Tablet,North,Paid,0,Yes,
1350,0ba5d2c2-89b2-456a-8a00-de01bf817181,View Product,52:47.8,Mobile,North,Paid,0,Yes,
1351,ed03cea1-105e-4238-909c-4e2339b0162e,Visit,48:08.7,Mobile,West,Organic,0,Yes,
1352,00e90555-03be-4db0-a3cf-df45727b6b6a,Visit,19:53.1,Mobile,West,Referral,0,Yes,
1353,cfff569e-305a-4db1-9591-60ed7ca5ea92,Visit,40:04.9,Tablet,North,Organic,0,Yes,
1354,ce549001-f956-4441-a293-f4bae58f4569,Visit,40:21.1,Mobile,South,Organic,0,Yes,
1355,e8c16e15-4f52-4f2d-941e-a244ea1945fe,Visit,11:34.4,Mobile,West,Organic,0,Yes,
1356,cf462876-3fd6-435a-ad1a-1233773682f0,Visit,04:53.7,Tablet,West,Referral,0,Yes,
1357,71a9af02-ff63-488f-ba9d-275df96da3e0,Visit,58:55.3,Tablet,North,Organic,0,Yes,
1358,33b54016-f426-4d84-9527-750f7c408e99,Visit,56:06.5,Tablet,North,Paid,0,Yes,
1359,0dac08d6-c396-4dd0-a1c1-3e3494c19ad2,Visit,31:06.3,Tablet,North,Referral,0,Yes,
1360,fcb39160-14c8-47ad-8889-b4820a539470,Visit,02:44.1,Mobile,West,Paid,0,Yes,
1361,d34d713c-c082-4f5e-8c43-fb9a27084f87,Visit,30:17.5,Tablet,North,Organic,0,Yes,
1362,2a0288e8-c65b-4949-bc60-9dca704cd14f,Visit,33:43.8,Desktop,West,Organic,0,Yes,
1363,9271a47a-7772-4430-ba61-cff3b7fb732f,Visit,35:07.1,Mobile,East,Paid,0,Yes,
1364,df4bc973-9865-4c91-b552-6410b081762e,Visit,43:11.7,Desktop,North,Referral,0,Yes,
1365,44ce4d7b-4708-4914-b825-449430cdddee,Visit,09:44.3,Tablet,East,Referral,0,Yes,
1366,2fb5c5bd-fb18-4b40-b2da-7c77e930dc64,Visit,07:59.9,Desktop,West,Referral,0,Yes,
1367,27ea4052-9865-4fb5-a9b7-168a425f7dfb,Visit,00:34.4,Desktop,North,Organic,0,Yes,
1368,7100bb1d-ba8a-4f91-8c48-eaf855f25fa2,Visit,55:13.8,Desktop,North,Referral,0,Yes,
1369,5d912203-6b3a-42e9-9645-72329bcf6b32,Visit,59:31.7,Tablet,East,Referral,0,Yes,
1370,2195f2d5-daee-40c9-8b1a-8428581421b4,Visit,07:21.5,Tablet,North,Organic,0,Yes,
1371,3f0ec35e-8f79-4931-b71a-1ad9baa790f3,Visit,24:29.1,Tablet,West,Paid,0,Yes,
1372,9021470b-1cae-41b3-a40d-178f0ee21a7d,Visit,26:12.3,Mobile,North,Paid,0,Yes,
1373,925d4fce-e8c8-4bae-b72d-31f1877799e1,Visit,57:34.6,Tablet,West,Organic,0,Yes,
1374,054c48cf-f94d-4bc7-b803-d7f81541cc03,Visit,48:48.6,Tablet,North,Organic,0,Yes,
1375,a85c6220-5005-4e71-9751-62d9e8a897fa,Visit,52:55.4,Tablet,West,Referral,0,Yes,
1376,7cd30296-2e2a-44c2-aa6d-89656e958155,Visit,41:40.3,Desktop,East,Referral,0,Yes,
1377,7b268541-3e46-4fc3-b197-16fe4d30ba29,Visit,03:29.9,Tablet,East,Organic,0,Yes,
1378,8a9d85c8-df6c-446d-b335-a62295707057,Visit,20:25.4,Desktop,West,Referral,0,Yes,
1379,fb87c95e-17d9-49e2-b70f-4d02d246c2f5,Visit,45:22.4,Desktop,West,Paid,0,Yes,
1380,c3769e2d-3716-41f1-a1bc-a794ac00e1f1,Visit,51:13.7,Desktop,South,Organic,0,Yes,
1381,779a9815-fbc5-4902-af25-5611ba83ddfb,Visit,43:46.2,Desktop,West,Organic,0,Yes,
1382,581ea9de-c91a-4cc5-bb7e-26eed049b5f9,Visit,36:21.6,Tablet,West,Organic,0,Yes,
1383,ef35c26b-f259-4b19-9b1c-c8b328015275,Visit,55:28.0,Tablet,West,Organic,0,Yes,
1384,42db67f4-2c99-4a62-8a1c-0b411f43b22b,Visit,14:26.4,Tablet,South,Organic,0,Yes,
1385,ed85691b-ba12-4fdb-8d3a-95cde6ee631c,Visit,27:50.2,Desktop,East,Paid,0,Yes,
1386,bd57fbfa-14c4-4a88-ad57-0e49f06a9a4b,Visit,27:09.4,Tablet,West,Organic,0,Yes,
1387,95d91ff9-b85b-4172-92c6-239a017a03ae,Visit,55:52.2,Desktop,North,Paid,0,Yes,
1388,c8c13201-3538-4626-9f24-ff5b5757a3a8,Visit,44:29.7,Tablet,South,Referral,0,Yes,
1389,0e790bce-2a93-4b95-bfa2-798dc6d10c1f,View Product,15:41.3,Mobile,East,Paid,0,Yes,
1390,7b349ea5-9ace-422b-9506-2350865a7ba6,Visit,11:03.8,Mobile,West,Referral,0,Yes,
1391,11d9014b-f495-4d0b-8265-afbc72adb2cc,Visit,45:12.9,Desktop,West,Referral,0,Yes,
1392,1ec1ea15-d893-45d1-bbe3-4ece2566fb13,Add to Cart,50:51.3,Desktop,West,Organic,0,Yes,
1393,39e74790-3940-41d5-bbf1-5d3c12824de9,Visit,55:50.5,Tablet,East,Organic,0,Yes,
1394,70a48172-a80e-4f58-b524-fe189a9d02a8,Visit,47:44.1,Desktop,East,Paid,0,Yes,
1395,3c8d98e4-855a-4e5c-8113-5a58008ca16b,Visit,40:40.7,Tablet,West,Referral,0,Yes,
1396,6b1c0c57-3a46-42b4-94ee-011ea65046e5,Visit,02:19.0,Mobile,West,Paid,0,Yes,
1397,a1efa368-2484-49f0-9256-89b501739035,Visit,57:31.9,Desktop,North,Organic,0,Yes,
1398,9dcea41b-1285-426e-aa4c-a36d6461d07d,Visit,47:21.7,Mobile,North,Referral,0,Yes,
1399,e07342d3-71f6-44de-bef8-9bf4c809be0f,Visit,28:04.3,Mobile,East,Paid,0,Yes,
1400,8fcdfba9-0e48-4eb6-aedd-e3a466bd63e8,Visit,59:09.1,Tablet,East,Paid,0,Yes,
1401,fc01343f-a4dc-4329-b27f-780196fd71b7,Visit,08:23.1,Desktop,South,Organic,0,Yes,
1402,b6b49d16-2d43-431b-b089-57311f5fff00,Visit,19:58.6,Desktop,North,Referral,0,Yes,
1403,26354108-f38a-4115-aed4-d021c5bb23cc,Visit,23:23.5,Desktop,South,Referral,0,Yes,
1404,0db5ce5a-663e-49e4-ba71-8c148e7de510,Visit,23:20.1,Tablet,South,Referral,0,Yes,
1405,8234b131-bc9e-4d4c-a5f7-8dbdf9d4cbfd,Visit,05:21.1,Desktop,South,Referral,0,Yes,
1406,ca1329fc-ea9f-4333-89e3-0d58874a14d4,Visit,41:30.7,Desktop,West,Referral,0,Yes,
1407,9541bda5-e746-4020-8f4d-9f6f3e8c9cd7,Visit,43:42.6,Desktop,West,Referral,0,Yes,
1408,2e963159-2f72-44ca-b86b-c6c9ba156558,Visit,40:46.8,Mobile,West,Referral,0,Yes,
1409,27bbbf0a-98e0-4929-af00-d9d402a334de,Visit,01:53.4,Tablet,East,Paid,0,Yes,
1410,2485cf41-bbf0-4b10-9b3a-b764062771d8,Visit,34:32.4,Tablet,South,Organic,0,Yes,
1411,1a2d1b9e-4570-4ae1-abd0-af115ec9ec80,Visit,41:50.7,Mobile,North,Organic,0,Yes,
1412,d567a53f-4b1f-43c5-a9f6-af91c0733bc6,Visit,53:09.6,Tablet,North,Organic,0,Yes,
1413,05c7ded8-9915-4baf-a9b2-d8fe9d8e2f2d,Visit,32:38.8,Mobile,East,Organic,0,Yes,
1414,a26f9d5f-9b0d-441f-a064-c41302c364cf,View Product,58:12.0,Desktop,North,Paid,0,Yes,
1415,b7374da9-18d5-4cde-9fc0-473a205c0fda,View Product,28:23.6,Desktop,North,Referral,0,Yes,
1416,d38f9161-38cd-4fb2-a3cd-1735729c98fc,Visit,32:32.7,Mobile,West,Paid,0,Yes,
1417,484f7020-b212-4d31-8638-dfb298a9d718,Visit,20:36.4,Desktop,North,Paid,0,Yes,
1418,7dc2ea4f-60ce-47c4-a6e1-2b7159206e91,Visit,43:54.9,Mobile,North,Referral,0,Yes,
1419,ef767d77-5cf1-413e-951a-27a53bef9b16,Visit,32:08.7,Mobile,East,Organic,0,Yes,
1420,191dfe17-56ee-4fa5-9bee-cb3398ad2e20,Visit,28:01.8,Mobile,South,Referral,0,Yes,
1421,10010e95-4038-449b-8472-e2b4f757040f,Visit,16:51.4,Desktop,West,Organic,0,Yes,
1422,9aeca715-41f8-4d46-8ce7-33434ef2c06a,Visit,55:24.2,Tablet,South,Organic,0,Yes,
1423,c737b642-372f-4f4f-ac10-3c864843e14d,Visit,57:06.8,Desktop,East,Paid,0,Yes,
1424,a903d9eb-df2a-494f-82ea-b10a9ea20a8e,Visit,03:48.4,Desktop,South,Paid,0,Yes,
1425,0e76bc8a-595f-4733-9b3a-a47aeb0799ea,Visit,58:53.9,Mobile,South,Organic,0,Yes,
1426,7c7fdc47-85d0-43d1-a06a-d0f3e5fa110f,Visit,38:03.6,Desktop,West,Referral,0,Yes,
1427,1be0df5e-7801-49b6-bf77-c194e8f12de8,Visit,13:25.9,Tablet,West,Organic,0,Yes,
1428,06545e03-6f5f-43f6-8e28-4ff46cf7d288,Visit,57:31.1,Desktop,East,Paid,0,Yes,
1429,efd46bc9-d3a0-4ae1-803c-2a701aa00b34,View Product,49:24.5,Tablet,North,Referral,0,Yes,
1430,7017b742-e298-48dc-84b0-cb922c90e09d,Visit,25:22.1,Tablet,West,Paid,0,Yes,
1431,57d737a8-faf9-42a7-aef4-22e3e9c482e5,Visit,27:00.7,Mobile,East,Paid,0,Yes,
1432,24af7fed-1b5e-4d76-b430-f0d69f9e13f5,Visit,22:21.4,Tablet,West,Organic,0,Yes,
1433,1701215f-807f-40e7-833a-4692d4bd332f,Visit,41:17.5,Tablet,South,Organic,0,Yes,
1434,0bbafb56-4cdc-4955-b99f-482e06865d78,Visit,28:33.4,Tablet,South,Organic,0,Yes,
1435,a32dde8f-a8be-4b4a-9d53-71a375bf1955,Visit,22:08.0,Tablet,East,Paid,0,Yes,
1436,baa8dedb-13b7-4f6d-93d8-5b3dc77ecb9a,Visit,20:42.3,Desktop,West,Organic,0,Yes,
1437,1d513830-88fe-4227-8029-fea72f4ab282,Visit,23:05.3,Tablet,South,Paid,0,Yes,
1438,de7fbdb5-9328-4ac6-a433-00513fe2b10d,Visit,33:36.7,Mobile,North,Organic,0,Yes,
1439,142384ab-f825-441d-9864-e2013ddfede3,Visit,34:15.5,Mobile,East,Paid,0,Yes,
1440,65570de3-ce28-45ee-8d43-cfcfb130aade,Visit,45:52.9,Desktop,North,Paid,0,Yes,
1441,2753c730-e644-461d-ba77-73e630748a56,Visit,41:31.4,Tablet,North,Paid,0,Yes,
1442,e3a64d9e-bda0-425c-b1d4-ec9926493360,View Product,22:01.1,Mobile,North,Organic,0,Yes,
1443,0b8c6451-3408-4682-8205-2b01d4c844b3,Visit,32:24.5,Tablet,East,Organic,0,Yes,
1444,f9e63590-fe57-4daa-b20e-64c89624d689,Visit,22:31.0,Desktop,West,Organic,0,Yes,
1445,67e22b00-2668-4e69-8577-8ce5ee04421e,Visit,17:09.9,Tablet,North,Paid,0,Yes,
1446,058a1bf2-f0c4-4916-964f-c5ac7470bb5d,Visit,32:48.9,Tablet,North,Organic,0,Yes,
1447,5985d753-0b10-4902-813b-32bc16ded442,View Product,53:26.9,Desktop,East,Referral,0,Yes,
1448,4cbe814f-8ea6-4dd6-88fe-95ef1647ad9f,Visit,51:39.2,Mobile,North,Organic,0,Yes,
1449,523ab920-3e1e-4016-9d8e-1635a2dd0038,View Product,31:14.3,Mobile,West,Paid,0,Yes,
1450,7f80353e-6b6b-489a-a978-5c78c62f99f7,Visit,42:14.7,Desktop,South,Referral,0,Yes,
1451,526c674e-d843-4a7f-aadd-81208bd4a301,View Product,38:04.1,Mobile,West,Paid,0,Yes,
1452,be570e56-f651-41ea-b3b7-ca4a2b7f8e35,Visit,39:18.6,Mobile,North,Paid,0,Yes,
1453,2d784e05-4912-43b1-a0e5-a06092fe168b,Visit,37:58.6,Desktop,North,Organic,0,Yes,
1454,92258cc0-b8a2-4e36-86ed-5a39f54881dd,View Product,53:55.8,Mobile,East,Paid,0,Yes,
1455,501cf0d1-5e5e-4714-b6d4-86d72afa35c9,Visit,07:27.2,Mobile,North,Paid,0,Yes,
1456,16512590-44ef-4f73-8cce-2fabe8cba6a0,Visit,16:14.9,Mobile,North,Organic,0,Yes,
1457,ff56ce45-2d01-471a-928a-0efa3ee2efdf,Visit,23:44.6,Tablet,East,Organic,0,Yes,
1458,f4fc9766-552a-49d0-acfa-912ae4c7da3f,Visit,20:12.0,Mobile,East,Paid,0,Yes,
1459,e8b243bb-6468-40dd-b527-8be0791a23c6,Visit,00:03.2,Tablet,North,Paid,0,Yes,
1460,7860957a-59ac-43d6-8bc0-385f33f54d7d,Visit,12:50.4,Desktop,South,Referral,0,Yes,
1461,ef3be700-9cc3-410b-ac5b-17f9e420fef7,View Product,43:45.0,Mobile,South,Referral,0,Yes,
1462,1006227d-4730-4d93-a7a8-ae69d7a01dfb,Visit,36:13.9,Desktop,West,Paid,0,Yes,
1463,565faec5-4518-4386-9023-5eb60d4cd68c,Visit,33:20.9,Mobile,East,Paid,0,Yes,
1464,953fd82e-7812-4e33-ac56-a87608a1ecd8,Visit,45:58.5,Mobile,North,Referral,0,Yes,
1465,a9966ad0-30a0-4bf0-8c18-d3c6d503c285,Visit,44:31.9,Desktop,South,Paid,0,Yes,
1466,b6452915-1cf5-419f-9885-1faf184c2784,Visit,13:07.3,Mobile,West,Organic,0,Yes,
1467,2ae47df2-e8bd-43e0-ae25-353f1c6c8d11,Visit,20:53.4,Desktop,West,Paid,0,Yes,
1468,c43742f1-c028-4c5d-811f-a030598aa17e,Visit,02:03.1,Tablet,East,Paid,0,Yes,
1469,570f218d-782a-4273-9832-fbfe654e4d4a,View Product,32:03.5,Tablet,South,Organic,0,Yes,
1470,44c4a7dd-d7d4-4552-ba24-b322a17220ef,Visit,32:07.0,Desktop,North,Organic,0,Yes,
1471,f359d531-8ac9-4fb0-83f1-109b319d18c1,View Product,35:20.5,Desktop,South,Referral,0,Yes,
1472,435a4dc3-ea98-40b9-83f2-8b8eb566a22c,View Product,47:11.2,Tablet,South,Organic,0,Yes,
1473,7b3921a4-572b-45b4-80c8-0c84999e66c8,Visit,30:39.9,Mobile,North,Referral,0,Yes,
1474,c4f595ef-a46c-4832-85ab-481abd1bcf33,Visit,09:40.2,Desktop,West,Organic,0,Yes,
1475,b21d7a3c-bdd6-4656-8d01-87efe4e67492,Visit,03:28.5,Mobile,South,Referral,0,Yes,
1476,93311ae3-54b8-4b0c-b15c-285ecd0eac58,Visit,37:15.7,Desktop,South,Paid,0,Yes,
1477,3e8f145e-069c-44a1-a75c-6e0d56239e44,Visit,33:43.0,Desktop,South,Organic,0,Yes,
1478,4bbc0e48-2841-4a21-9793-844af3c47092,Visit,01:37.9,Desktop,West,Paid,0,Yes,
1479,a8224b1d-4bad-409d-a2e7-734410de9b8a,Visit,49:36.1,Tablet,South,Organic,0,Yes,
1480,2d8fca6f-46aa-47c5-a498-feffe0bf5cbc,Visit,01:58.5,Desktop,West,Paid,0,Yes,
1481,3e06189b-458d-4a15-9268-8efaf5bf7a2b,Add to Cart,42:23.3,Desktop,East,Organic,0,Yes,
1482,037cbcd1-e646-4d46-a684-87c5204851a7,Visit,58:11.7,Mobile,West,Referral,0,Yes,
1483,da69c3c3-70f4-48da-aa9b-765f7f483a4a,Visit,21:58.2,Desktop,East,Referral,0,Yes,
1484,979134c6-1a30-422d-8747-52a50f480d99,Visit,58:09.2,Tablet,South,Referral,0,Yes,
1485,34a709ff-dc8c-4828-b119-cdf0d18fe47d,Visit,25:20.4,Mobile,East,Organic,0,Yes,
1486,964f474a-ada8-47ef-9f46-4b6675484793,Visit,27:51.9,Mobile,South,Referral,0,Yes,
1487,52a6f1ad-09eb-4a87-82fc-4860f8a8b00f,Visit,20:34.9,Desktop,East,Organic,0,Yes,
1488,33a48269-44aa-459c-8f1e-f025da0525c4,Visit,41:07.2,Tablet,North,Paid,0,Yes,
1489,a40de9fb-7ef2-49d4-8c38-3f473488dd34,Visit,46:21.4,Mobile,West,Referral,0,Yes,
1490,8919975a-caba-45b3-9f1d-48250f06cfa1,View Product,51:38.1,Desktop,North,Paid,0,Yes,
1491,892b9de3-afff-4223-a0b4-376afd56f459,Visit,28:56.9,Desktop,East,Paid,0,Yes,
1492,61700162-e251-4c85-a29b-48452f312087,Visit,57:22.3,Mobile,North,Organic,0,Yes,
1493,8f42e517-8a2e-4675-892c-bb59a11b6c1f,View Product,12:28.1,Desktop,East,Paid,0,Yes,
1494,ae3a9327-a1e3-4048-9304-64c5ff46f148,Visit,25:05.5,Tablet,North,Referral,0,Yes,
1495,d3337124-c0af-4e65-9722-78059f146606,Visit,22:35.6,Mobile,South,Organic,0,Yes,
1496,2ef2b18c-408f-45e8-93de-3cd72d41f196,Visit,01:49.0,Mobile,East,Organic,0,Yes,
1497,18ddc05f-4bf3-47df-8df3-fc391eff68f6,Visit,13:15.0,Mobile,East,Referral,0,Yes,
1498,0563c640-e944-4b5e-8bd8-246fb8e1c436,Visit,34:00.3,Mobile,North,Referral,0,Yes,
1499,cda35fbf-8c34-45e0-b6b4-54938ada531e,Visit,37:21.4,Desktop,South,Organic,0,Yes,
1500,f3305dec-c82b-4e77-ba3f-18cb384ea2c2,Visit,54:42.5,Mobile,East,Paid,0,Yes,
1501,34f77b9d-4cc1-4c62-8656-7f7de3aa7cc4,Visit,03:25.6,Tablet,North,Referral,0,Yes,
1502,d142f50a-9de7-46e5-a511-3bd44ab075f9,Visit,39:50.5,Desktop,South,Organic,0,Yes,
1503,95763f39-cf5c-4fc5-9ca9-f463d29b738a,Visit,07:02.1,Mobile,South,Paid,0,Yes,
1504,a5831a48-3ad5-429c-b6ca-44829b1202ca,Visit,54:11.1,Desktop,East,Paid,0,Yes,
1505,a95417ea-b4bb-423a-bf8c-96a3e5ffa806,Visit,43:12.5,Desktop,North,Paid,0,Yes,
1506,23d17dc8-0121-4729-a8d4-27ce661d60b9,Visit,22:36.4,Mobile,West,Organic,0,Yes,
1507,ec69c954-fab1-4aa9-928f-9ea845c00101,Visit,18:36.5,Tablet,East,Paid,0,Yes,
1508,0a7be660-7679-4029-88bc-c734c40c65ec,Visit,39:05.2,Mobile,South,Paid,0,Yes,
1509,1d760745-7ec9-46c2-b2d9-4d08d092e623,Visit,47:00.6,Desktop,South,Organic,0,Yes,
1510,9c19bc7d-f642-4470-bb58-9503de814b42,Visit,56:40.3,Tablet,West,Organic,0,Yes,
1511,abab40f9-fa96-40f5-981e-fec178e63498,Visit,02:10.9,Desktop,North,Organic,0,Yes,
1512,35404970-4009-44ae-9a0a-7da0e248894b,Visit,47:53.2,Mobile,West,Referral,0,Yes,
1513,06b49836-0dc6-42f1-a217-6f278ab4fa08,Visit,44:02.7,Desktop,North,Organic,0,Yes,
1514,c989bc91-1a4b-438d-b269-e94e9f8efef6,Visit,09:30.9,Tablet,West,Referral,0,Yes,
1515,a52edbb2-9586-4556-9a3b-9316042ab02b,Visit,12:58.3,Desktop,North,Referral,0,Yes,
1516,34797607-8279-48c3-ae2e-0bbb61f98226,Visit,12:56.5,Mobile,East,Organic,0,Yes,
1517,e7d6283e-9b5b-4057-b875-921e6e65f0e4,Visit,22:00.9,Tablet,West,Referral,0,Yes,
1518,2bc6a3fa-1929-4ca4-a986-1d2913d0ada8,Visit,46:20.0,Mobile,South,Paid,0,Yes,
1519,2ff0f992-f60c-43ab-8885-dce262e0ba3d,Visit,21:57.4,Mobile,East,Organic,0,Yes,
1520,7f8ae5b4-6bfc-41f9-b18f-557de186ad2f,Add to Cart,03:48.8,Tablet,South,Organic,0,Yes,
1521,275cd2ff-7182-44e0-8960-9b258327db67,Visit,16:21.0,Mobile,North,Paid,0,Yes,
1522,dd60a31e-469d-47da-94a0-ebb263800ff9,Visit,28:45.3,Mobile,South,Organic,0,Yes,
1523,b8252416-95fc-4a7c-861b-c0456774f1da,Visit,43:20.8,Mobile,West,Organic,0,Yes,
1524,4c084e8d-7260-4320-8b28-3ec035a49a73,View Product,02:20.7,Desktop,West,Referral,0,Yes,
1525,350a07df-3716-4d82-b9f2-618b914d6d58,Add to Cart,40:38.7,Desktop,East,Referral,0,Yes,
1526,f59f863e-5e8b-4075-8448-4738e53ebb59,Visit,58:35.3,Desktop,North,Paid,0,Yes,
1527,0aff4a82-b35f-4e28-9a73-ddfff8d78474,Visit,46:15.5,Desktop,North,Referral,0,Yes,
1528,3f016e90-3040-4819-942b-b15c3ef47487,Visit,18:01.0,Tablet,North,Organic,0,Yes,
1529,98a91ee6-4c70-43b7-9c56-f232e72b879e,Visit,13:35.3,Tablet,North,Organic,0,Yes,
1530,6b556759-4d64-4a82-841f-d84dac3c0fd8,Add to Cart,07:19.6,Tablet,South,Paid,0,Yes,
1531,363bd61b-0d6e-4586-acdc-74dbeda2a057,Visit,05:21.5,Desktop,North,Paid,0,Yes,
1532,4a717f27-a7e8-4e51-bc69-5e33d6d08346,Visit,40:16.5,Tablet,East,Organic,0,Yes,
1533,0d3d2189-5c5b-42a9-ab4d-5bd9186b7328,Visit,40:21.3,Desktop,West,Paid,0,Yes,
1534,e311cdce-320a-42d1-a0b7-495bf3c9440d,Visit,35:57.1,Tablet,South,Organic,0,Yes,
1535,8e58a63b-e5a3-4b6e-9c26-952f0bc6a49b,Visit,11:00.1,Tablet,East,Paid,0,Yes,
1536,f23a42ef-6c42-43a2-8c49-df8d75861195,Visit,17:39.9,Desktop,East,Organic,0,Yes,
1537,f8242dd4-5d4e-4c0b-8ebf-f93ec8b4753d,View Product,29:10.8,Tablet,North,Referral,0,Yes,
1538,bd2d4432-9e6b-4666-a61f-d84b64ef6152,Visit,49:39.4,Tablet,East,Paid,0,Yes,
1539,3a5dcb40-b458-4194-9b88-750b2095153f,Visit,09:34.9,Desktop,East,Paid,0,Yes,
1540,55a0ed2f-a2a5-48c2-beb6-93f1d0875994,Visit,52:33.8,Desktop,North,Organic,0,Yes,
1541,d71c1d45-eed5-4763-bb20-3b9f2839fa18,Visit,40:47.6,Tablet,South,Organic,0,Yes,
1542,2d4c69d1-df5e-496a-9fe5-589f864cb94d,Visit,24:28.2,Mobile,East,Organic,0,Yes,
1543,9bab9b4a-5585-40cf-a021-d25f4f1d29c2,Visit,32:20.1,Tablet,North,Referral,0,Yes,
1544,4ed0176d-9287-4646-ac3c-1e5c38aae05e,Visit,34:00.3,Mobile,West,Paid,0,Yes,
1545,2260b733-1ed4-4ec0-8627-e603dee58a86,Visit,14:49.6,Desktop,South,Referral,0,Yes,
1546,8f92e809-b6fa-4b72-b931-85288a5fbefa,Visit,38:53.9,Tablet,South,Paid,0,Yes,
1547,abdae6f8-ad43-41d8-87ef-5d4b61e98404,Visit,42:02.8,Mobile,West,Referral,0,Yes,
1548,db03c520-4b40-441f-838c-8ddc799d8157,Visit,31:24.2,Desktop,North,Referral,0,Yes,
1549,1e236099-dfe6-4896-a169-0c7a85aca638,Visit,15:49.3,Mobile,North,Organic,0,Yes,
1550,7c0cc2ff-a03b-4566-831a-bf3935c8938f,View Product,27:21.8,Tablet,North,Organic,0,Yes,
1551,ea48fad7-1b0a-4340-a30d-652084e1062a,Visit,12:31.4,Mobile,East,Paid,0,Yes,
1552,99b5d534-6076-47de-9eef-b05b958adf5e,Visit,23:16.7,Tablet,South,Paid,0,Yes,
1553,8f0c3176-b0e8-4194-8cb0-45dab339c47d,Visit,29:02.3,Desktop,East,Organic,0,Yes,
1554,e2e4f445-1dce-4c85-89c3-6644ca5cd57d,Visit,21:45.4,Mobile,East,Organic,0,Yes,
1555,6e3e234e-034a-48fa-8306-fcfecd5c1f5f,View Product,00:09.9,Tablet,North,Paid,0,Yes,
1556,515e4593-eb92-4687-bc46-d640d58cf0b8,Visit,36:00.8,Mobile,North,Organic,0,Yes,
1557,707fda4a-d008-4001-be10-ac16f156c7b3,Visit,14:44.8,Desktop,South,Referral,0,Yes,
1558,bd46da9e-f3aa-42d8-be40-891916044c97,Visit,13:15.0,Mobile,East,Paid,0,Yes,
1559,ca2692a9-b088-45a8-b3ea-e1b20e68bfd6,Visit,11:05.3,Tablet,West,Organic,0,Yes,
1560,1459fb45-34de-4d3a-bf68-8e8347ee2064,Visit,31:54.1,Desktop,South,Referral,0,Yes,
1561,47780aad-ba0a-4855-b385-3406174f2875,Visit,04:42.4,Tablet,West,Paid,0,Yes,
1562,4f5e245d-99df-4fdd-9c3b-1a7b6cf2673c,View Product,52:43.0,Mobile,West,Organic,0,Yes,
1563,4264894d-963b-4351-ae61-9efc39e1aa9b,View Product,00:39.7,Desktop,South,Referral,0,Yes,
1564,695c112e-f2c5-4ad9-9040-8c59c9cb50cf,Visit,08:13.2,Mobile,West,Referral,0,Yes,
1565,70f5f34d-71a9-4bb0-ace2-c61a82bd6c7b,Visit,28:11.7,Tablet,North,Referral,0,Yes,
1566,41be85e0-b787-428f-9fa7-480f31b7bb3a,View Product,07:37.3,Mobile,West,Paid,0,Yes,
1567,d1f685dd-c560-40bd-8253-841612a06150,Visit,48:26.8,Mobile,South,Paid,0,Yes,
1568,fd96041b-1760-4ea4-9d17-de0c69ccca48,Visit,23:47.5,Mobile,North,Referral,0,Yes,
1569,2d86d4ff-634d-4e5c-8ead-dfd3be47c554,Visit,38:01.1,Desktop,West,Referral,0,Yes,
1570,0667106e-946a-4be3-aaea-86c0e9508e3a,Visit,42:33.9,Tablet,North,Paid,0,Yes,
1571,00cf0a6d-7a07-4722-a1d1-fda52e20d859,Visit,32:23.5,Desktop,East,Paid,0,Yes,
1572,577a427f-5d38-43f3-8959-07ee59525f90,Visit,31:04.1,Mobile,North,Referral,0,Yes,
1573,035d176a-a11e-464d-9128-64309df98f21,View Product,18:10.1,Tablet,South,Organic,0,Yes,
1574,78b0ac85-9049-4805-a846-4679568e3a60,Visit,19:53.5,Tablet,North,Paid,0,Yes,
1575,b743aaeb-b4d3-43da-a140-6d095f165ca7,Visit,37:51.3,Mobile,East,Organic,0,Yes,
1576,f967d398-0190-459e-af78-7aed9600cd75,Visit,57:40.8,Tablet,South,Organic,0,Yes,
1577,d1d6274b-9b14-416e-8430-60310404b47a,Visit,56:04.7,Desktop,East,Organic,0,Yes,
1578,5985ace7-f08e-428d-8c8b-1b9dbd62aef5,Visit,31:19.0,Desktop,East,Referral,0,Yes,
1579,68cd11c3-ca66-4d86-bc53-0ada80e9f6fa,Visit,08:02.5,Tablet,North,Referral,0,Yes,
1580,2025823f-a88f-4e76-8ef7-57d8fb5b4bf4,Visit,32:10.8,Mobile,East,Referral,0,Yes,
1581,e035e1c1-c3d4-48a2-b3a2-8245e1e39d42,Visit,30:29.0,Desktop,North,Referral,0,Yes,
1582,e0eed315-47f2-47ff-9293-1a1b80b37161,View Product,11:41.0,Desktop,South,Paid,0,Yes,
1583,2dd87a18-f663-42b0-b647-705f64e32e0c,Add to Cart,22:23.1,Mobile,North,Referral,0,Yes,
1584,7cdbba22-afec-4190-b2f1-a5ce26618550,Visit,16:52.7,Desktop,East,Referral,0,Yes,
1585,73667abf-141d-4604-8f45-c42bb9f137fc,Visit,33:24.2,Mobile,East,Organic,0,Yes,
1586,348f239c-07de-4d90-9709-09ef0a721cd8,Visit,12:19.0,Tablet,South,Referral,0,Yes,
1587,b68aa04f-1433-4cf1-964a-d40724057254,View Product,02:44.5,Desktop,West,Referral,0,Yes,
1588,23d1e80d-978c-480e-b723-0ab015b39b60,Visit,07:25.7,Mobile,North,Organic,0,Yes,
1589,a1210e7b-d171-46bb-842e-1bcc0d533ea5,Visit,58:40.8,Tablet,South,Referral,0,Yes,
1590,68df90ac-78b1-4d10-8b06-1f4963b39c97,Visit,50:20.2,Mobile,South,Paid,0,Yes,
1591,622ec667-9fe6-46ce-b4ba-61be94b96277,Visit,06:56.8,Desktop,North,Organic,0,Yes,
1592,63fa8d59-eb24-4175-95f9-bc1adf1b97ca,View Product,06:43.5,Mobile,North,Paid,0,Yes,
1593,a77802d3-ccab-42de-891c-04120d08f119,Visit,28:16.7,Desktop,West,Referral,0,Yes,
1594,0fe30603-3eff-41f5-97c5-1215f9a21048,Visit,20:27.2,Tablet,West,Paid,0,Yes,
1595,82ddc19a-b4f7-49b5-82e7-c81de619cc77,Visit,46:11.4,Tablet,South,Referral,0,Yes,
1596,f5ac83ff-3bb9-4a3e-9096-9c5f05f53745,Visit,53:51.1,Mobile,East,Paid,0,Yes,
1597,a5f2b9ff-6bc1-4d3a-8bed-89c7098d0a6b,Visit,23:46.8,Mobile,North,Organic,0,Yes,
1598,4ff9a609-e359-47d8-afb9-4bfb41f3a827,Visit,26:06.4,Tablet,East,Referral,0,Yes,
1599,004d21a6-3bde-4a39-a901-77790e30a984,Visit,08:40.9,Tablet,North,Paid,0,Yes,
1600,2d35b1af-4789-4770-8178-03d10b5e0bb2,View Product,01:05.8,Mobile,South,Referral,0,Yes,
1601,9b15b80a-38a5-4980-8532-0dc297a4d326,Visit,24:05.6,Mobile,West,Referral,0,Yes,
1602,ee60b6c5-b2c6-450d-bc1e-9028ee176189,View Product,47:14.6,Tablet,North,Paid,0,Yes,
1603,0c75faa7-2b4c-4341-bd8a-b28e767054e8,Visit,12:38.2,Desktop,South,Referral,0,Yes,
1604,744054f4-c63e-4c90-8b3d-bedfc331c508,Visit,08:56.5,Desktop,West,Paid,0,Yes,
1605,dea8a358-922d-467b-8876-00d1c8454cae,View Product,22:04.5,Desktop,South,Referral,0,Yes,
1606,64a83d8a-c054-4a0f-b526-1bfb613c8907,Visit,04:37.4,Desktop,North,Paid,0,Yes,
1607,23820915-3fb6-4441-8895-8623874ea106,Visit,24:26.2,Mobile,South,Paid,0,Yes,
1608,36679139-b92e-4e28-beb5-c2493c11f3e6,Visit,00:58.9,Tablet,North,Paid,0,Yes,
1609,b0279f3a-7b0a-4783-bd6a-393a0eaa2792,Visit,03:24.9,Desktop,South,Organic,0,Yes,
1610,91a8e4cc-1718-40b0-8527-db4db45d7292,Visit,53:06.7,Desktop,East,Paid,0,Yes,
1611,101eecfa-4e8f-49f0-b6d8-75b7d59d98d8,Visit,22:23.1,Desktop,West,Paid,0,Yes,
1612,4d9fd604-2e48-46c4-861a-de8ae2eb87d6,Visit,52:37.1,Tablet,East,Organic,0,Yes,
1613,4bdda42f-91e3-4206-b6b1-63fa6149a854,Visit,25:01.8,Tablet,West,Organic,0,Yes,
1614,6cc36264-9f15-4b79-bd8c-5b20bfdb6e6f,View Product,24:04.5,Desktop,West,Referral,0,Yes,
1615,b98c472f-ddcd-4584-8e7e-525508f42ee3,Visit,57:16.9,Mobile,North,Organic,0,Yes,
1616,723d097d-3faa-4a35-bf04-2f7048cb8ad5,Visit,43:29.9,Desktop,West,Organic,0,Yes,
1617,677d8097-2446-4fa5-b52d-c294b42f16dd,View Product,41:46.7,Tablet,South,Referral,0,Yes,
1618,d578bfe1-6138-4c88-844f-720909cef9fc,Visit,53:58.6,Mobile,North,Referral,0,Yes,
1619,cc9cbbdd-763e-417f-ac65-23dc99b4fb45,View Product,36:44.9,Desktop,West,Referral,0,Yes,
1620,a177d5fb-2a43-4d3b-a24e-92b7c2000227,Visit,19:08.6,Tablet,North,Referral,0,Yes,
1621,378f6b4b-8a44-4e93-93c1-3d9128984460,Visit,00:13.5,Mobile,West,Organic,0,Yes,
1622,238e3c96-ae55-4f8d-a713-ff5866bae378,Visit,51:57.6,Tablet,South,Paid,0,Yes,
1623,52fb37c1-9b78-4546-9ea6-36f79dc2e262,Visit,50:02.6,Tablet,North,Referral,0,Yes,
1624,e4d1e277-222a-4bd7-965b-85f2608e1048,Visit,53:43.1,Tablet,East,Referral,0,Yes,
1625,ac2461bf-0216-48fc-a150-c5e93c5a3234,Visit,50:20.3,Tablet,North,Paid,0,Yes,
1626,975bcc78-a997-4476-8048-56c85d356bf8,Visit,57:53.0,Desktop,West,Organic,0,Yes,
1627,af071417-3a6c-4867-974a-253dc3f3a21a,Visit,58:45.2,Tablet,East,Referral,0,Yes,
1628,38b0af69-d03f-44da-8930-27e53c47e955,Visit,15:38.1,Tablet,West,Organic,0,Yes,
1629,251398fa-d293-4f0f-bd0b-a2df7bb43046,Visit,56:38.7,Mobile,South,Organic,0,Yes,
1630,fc280e93-be83-43eb-b4ac-00bc421a5f3e,Visit,58:46.9,Tablet,North,Organic,0,Yes,
1631,94b5a4d5-9f1f-40dd-b16e-7459935862bb,Visit,06:32.9,Desktop,North,Paid,0,Yes,
1632,2e5f909b-e27f-49cc-b3c7-d0ffdf3dff80,Visit,29:37.2,Tablet,East,Organic,0,Yes,
1633,9b118891-5aba-4ae5-b928-6f1e0325f33e,View Product,09:39.3,Desktop,West,Paid,0,Yes,
1634,5e0bbfc5-85ba-4575-ac75-c7e0bbfce7e9,Visit,27:31.6,Mobile,West,Organic,0,Yes,
1635,11eeace7-a3ef-45bb-9944-cafcf2373c0e,Visit,14:04.4,Desktop,West,Organic,0,Yes,
1636,7f7a6fa2-56bf-4a45-a352-e986f08594e0,Visit,52:54.5,Tablet,South,Paid,0,Yes,
1637,02adbb18-6f35-4fd2-86a9-4732ae605bed,Visit,55:17.7,Mobile,East,Paid,0,Yes,
1638,555b86f4-63cd-4814-955a-682d86fef70b,Visit,23:58.1,Tablet,West,Referral,0,Yes,
1639,74e9a86b-c7af-41fb-92ad-138142c04cad,Visit,17:42.7,Desktop,South,Referral,0,Yes,
1640,b2cc82d8-00f7-4a10-bda6-e34502656c39,Visit,26:56.0,Desktop,North,Referral,0,Yes,
1641,8cce1648-c842-4704-a655-89abe8d4b398,Visit,01:17.0,Desktop,West,Paid,0,Yes,
1642,a33d8dc4-1dd8-476e-bca6-27c8242ce1b4,Visit,48:14.5,Desktop,South,Paid,0,Yes,
1643,7343348b-804c-4683-b7c4-b489c8824958,Visit,30:10.3,Tablet,South,Paid,0,Yes,
1644,84bc4513-dd13-4e07-b7d9-b250b34dbc06,Visit,37:10.0,Tablet,North,Paid,0,Yes,
1645,c4c5e1a1-d67e-40ab-ae0c-de8d65cf3f57,Visit,48:38.4,Desktop,North,Organic,0,Yes,
1646,e2a33414-7fa1-4289-8f16-91b8ff140c12,Visit,38:35.5,Tablet,South,Paid,0,Yes,
1647,2d37c67e-0660-447b-970e-0a9cde15c10e,Visit,57:40.4,Tablet,West,Organic,0,Yes,
1648,4c98858a-077b-421d-938a-a1270ef26298,Visit,42:05.5,Desktop,West,Referral,0,Yes,
1649,0cfc6c20-6d64-44b1-9d55-d9b5cd943568,Visit,19:38.0,Desktop,East,Referral,0,Yes,
1650,4325243c-1e5a-4b0a-a094-6f15653687ba,Visit,49:26.4,Mobile,West,Paid,0,Yes,
1651,f0fd4701-18cb-476d-a957-7c265f772e9a,View Product,45:30.2,Mobile,West,Referral,0,Yes,
1652,719b1ff5-9b5d-4b3a-997b-cd0c5f3548d1,View Product,34:24.2,Mobile,East,Paid,0,Yes,
1653,b8af4e65-f286-476c-a762-001192551206,View Product,52:01.0,Mobile,West,Organic,0,Yes,
1654,66f5d7ac-213c-4e43-a1b2-564eb0d9dbf1,Visit,53:25.6,Tablet,East,Organic,0,Yes,
1655,dceb9349-5878-4e34-afac-6257984ecab4,Visit,17:49.8,Desktop,South,Referral,0,Yes,
1656,12d01eda-5719-47dc-afd9-b0110ea0fb42,Visit,55:38.3,Tablet,South,Referral,0,Yes,
1657,58995ed9-de3f-4b6f-a096-5ecbf2c7d7c6,Visit,13:33.5,Mobile,North,Organic,0,Yes,
1658,92bf4d57-f395-4f74-a6d4-5b2c94a5f55e,Visit,46:22.8,Mobile,East,Organic,0,Yes,
1659,5f3257f8-eaa5-4568-974b-85c4e7a57b57,View Product,19:25.0,Mobile,North,Referral,0,Yes,
1660,2afeb307-7280-4137-9a6e-2472270932ff,View Product,37:33.4,Tablet,South,Organic,0,Yes,
1661,4a7829de-e769-4ccf-839b-44f6c965c307,Visit,14:52.2,Tablet,East,Paid,0,Yes,
1662,e95013b4-b63c-48a2-a4a6-4ca4b6ec3b92,View Product,30:13.7,Tablet,West,Paid,0,Yes,
1663,31881f9b-c297-4203-b830-f2303017cf1c,View Product,32:46.4,Desktop,East,Referral,0,Yes,
1664,9aa63381-a08e-4f2d-b751-1a8144c85b04,Visit,31:58.8,Tablet,South,Referral,0,Yes,
1665,dc4fa8de-cf7a-4838-bd8c-97344e7c4b8a,Visit,20:19.7,Mobile,South,Paid,0,Yes,
1666,a8b6e18a-b3ef-46fb-9b85-5f286abafcfd,Visit,36:05.9,Desktop,North,Paid,0,Yes,
1667,f96fd3bc-92a1-49b5-8843-ff14c68df2c5,Visit,57:40.6,Tablet,East,Organic,0,Yes,
1668,7cde57ad-4d0f-4e6f-ab56-28e35a299a30,View Product,42:23.4,Desktop,North,Paid,0,Yes,
1669,8945e4a0-0cf9-497e-a600-34becced5528,Visit,18:09.1,Tablet,West,Paid,0,Yes,
1670,fff61954-ba49-4e99-b0f0-c611fcf71540,Visit,50:27.7,Tablet,South,Referral,0,Yes,
1671,dce32246-5e72-4919-a294-8015b4d1aea1,Visit,58:47.4,Mobile,West,Paid,0,Yes,
1672,a1cfafa8-f998-4357-ac3d-bfaaf75c65ce,Visit,45:28.4,Desktop,South,Organic,0,Yes,
1673,3d8f3ab2-a6ea-4b69-b08f-feaddfb3d434,View Product,01:36.0,Mobile,West,Paid,0,Yes,
1674,99a0c10b-2d3b-4b40-821c-3451a8c181df,Visit,59:24.1,Tablet,North,Paid,0,Yes,
1675,432e4938-5b0d-4ddf-825b-4dd13ec22ac9,Visit,50:36.6,Mobile,South,Paid,0,Yes,
1676,17281f5c-32c9-49c9-824c-6f6a72caaf15,Visit,34:00.5,Mobile,South,Referral,0,Yes,
1677,c992f832-6ff5-4d7b-aa75-9841676d2a4c,Visit,12:16.4,Tablet,West,Referral,0,Yes,
1678,7bb46fc9-d39c-4b98-a11b-dce9ae1fc99f,Visit,35:16.3,Desktop,West,Referral,0,Yes,
1679,de9fe7a7-229b-4280-a867-bcb315f9f3ac,View Product,19:03.2,Desktop,West,Paid,0,Yes,
1680,0d5c67d7-ab1c-496c-80c3-431c8f5e4f6f,View Product,41:40.1,Desktop,North,Referral,0,Yes,
1681,49776cdb-d3fa-4df3-a996-efe0f24e2d7c,Visit,40:35.5,Mobile,East,Paid,0,Yes,
1682,d5b19ed2-7225-4476-b2a7-533d31e4df09,Visit,58:47.2,Tablet,North,Referral,0,Yes,
1683,e4c06b81-6002-4421-be2d-cdb9d5d4131c,Visit,53:42.0,Desktop,West,Referral,0,Yes,
1684,3dc8e5bd-cc49-427c-8ed4-94f7efe402f6,Visit,04:26.4,Mobile,East,Organic,0,Yes,
1685,59879c56-b62e-4d5e-8962-9b1908cbbe32,Visit,45:13.9,Desktop,North,Organic,0,Yes,
1686,821015ab-151c-4ffc-a662-719a3eb3cdbf,Visit,04:50.0,Mobile,South,Organic,0,Yes,
1687,e3ac177d-43de-4b96-aed7-13c92d02e78e,Visit,12:23.9,Tablet,South,Organic,0,Yes,
1688,06f7988d-3b72-48ea-b271-f8bcee82cca9,Visit,44:13.2,Mobile,West,Organic,0,Yes,
1689,6c5d0186-3000-48c4-8f22-869fdeb1fea2,Visit,18:13.1,Tablet,North,Paid,0,Yes,
1690,fb33b057-0eac-4fee-b6d6-8ae278ec523f,Visit,58:02.7,Mobile,East,Referral,0,Yes,
1691,2e805364-21fe-42ce-a69f-0e9d064df899,Add to Cart,06:36.3,Tablet,North,Paid,0,Yes,
1692,3a334843-189e-4143-ab4e-8e203dafb6f5,Visit,40:40.8,Mobile,North,Organic,0,Yes,
1693,9e7e602b-bab8-404d-8c16-c6d5c7cf91a5,Visit,32:05.7,Mobile,East,Paid,0,Yes,
1694,1a902a5a-a779-423d-8e64-6d1df3e0f1db,Visit,12:58.6,Mobile,South,Referral,0,Yes,
1695,aa45487b-6205-4608-ac11-eabfbf654b7f,View Product,03:07.9,Mobile,South,Paid,0,Yes,
1696,220a5e31-7f1c-4065-bf10-648b7903f16b,Visit,28:07.6,Tablet,North,Organic,0,Yes,
1697,05bca1a0-8802-43bb-82d2-8fc6604f5b26,Visit,48:22.2,Desktop,South,Organic,0,Yes,
1698,fcc6bea4-7e7c-4d53-a205-b2b3debdefb4,Visit,39:25.1,Mobile,South,Organic,0,Yes,
1699,b41efcf8-673f-4b59-b98a-3933e2f444b6,Visit,52:49.3,Desktop,South,Organic,0,Yes,
1700,6f00ce9a-c999-41cc-876b-1fd6119cd41e,Visit,13:13.3,Tablet,East,Paid,0,Yes,
1701,c233a083-1f26-49f8-9a0f-c74028e1669a,Visit,28:27.7,Tablet,West,Paid,0,Yes,
1702,7c3e7935-e780-4eba-bd71-1655021f67d1,Visit,25:39.1,Mobile,East,Referral,0,Yes,
1703,20d014ba-89db-4568-9a64-86989f0a7d49,Visit,06:52.2,Tablet,West,Referral,0,Yes,
1704,b720348d-aa76-44cb-a2d8-9036a8cfdeb4,Visit,48:47.6,Tablet,West,Organic,0,Yes,
1705,8a474178-d539-4347-b6f3-e3355e21fd4b,Visit,36:59.8,Desktop,West,Paid,0,Yes,
1706,653a21ca-4b46-4cec-9554-0ceed2aa30cb,Visit,08:08.5,Desktop,North,Paid,0,Yes,
1707,6093f055-4ea6-404c-859e-d6276c5e29df,Visit,23:13.0,Desktop,South,Paid,0,Yes,
1708,39d13648-c462-4f0a-a4b1-aa68c1d7e519,Visit,19:16.2,Mobile,South,Organic,0,Yes,
1709,dd0db486-5174-4293-becf-e9076a16b253,View Product,03:47.4,Tablet,North,Organic,0,Yes,
1710,7e7233cb-f134-448f-9ccc-738f3dcd6146,Visit,44:06.8,Desktop,North,Organic,0,Yes,
1711,0d5075ab-94e3-4d53-9eb2-a9a9b5a42c64,View Product,28:24.3,Tablet,South,Organic,0,Yes,
1712,f3194742-fc9e-4b5d-96d3-e802b74d86f7,Visit,56:04.6,Desktop,East,Referral,0,Yes,
1713,30e4b16e-4a56-4b76-9b02-713c74f1b602,Visit,06:20.9,Desktop,North,Referral,0,Yes,
1714,1338fe19-6122-4e44-8910-7004e8f37c8e,Visit,35:55.6,Desktop,West,Referral,0,Yes,
1715,3e656210-7c9d-4906-886c-15744a845974,Visit,36:10.7,Mobile,North,Referral,0,Yes,
1716,f3889186-9e0c-499f-a7e7-9dad0e3204ec,Visit,33:35.6,Mobile,North,Referral,0,Yes,
1717,fdc7574a-bd65-4035-9f20-ee18def7d6f5,Visit,04:24.3,Tablet,West,Organic,0,Yes,
1718,7645eb4f-5eaa-4a80-a3b1-981931da80f2,Visit,19:19.5,Mobile,South,Referral,0,Yes,
1719,48c6442a-583d-4866-88c6-82ceb849bbf2,Visit,24:42.4,Mobile,North,Paid,0,Yes,
1720,dfbcba35-2f4c-435d-8405-eed1b0097f8e,Visit,13:28.7,Desktop,North,Paid,0,Yes,
1721,5679b754-6a54-4480-a1ac-8210d5739808,Visit,35:37.4,Tablet,South,Referral,0,Yes,
1722,4aa7dca2-9133-461c-9813-b1c050b0ab2a,Visit,06:26.2,Mobile,South,Paid,0,Yes,
1723,77842726-209f-4aed-9da7-35c47d7b2b3d,Visit,11:31.9,Desktop,South,Referral,0,Yes,
1724,c83076b5-d0f7-4308-857a-c5b92de61769,Visit,08:08.5,Mobile,North,Paid,0,Yes,
1725,e61290a1-8e5c-421c-8c86-a6c1c2ba316b,Visit,42:33.3,Mobile,South,Referral,0,Yes,
1726,dd6ca5e8-e832-410f-94d3-3047f4e2ca1f,Visit,07:52.3,Desktop,North,Organic,0,Yes,
1727,410a7403-f6f5-4b53-8eb8-baa64ab4e2d5,Visit,22:54.1,Mobile,East,Organic,0,Yes,
1728,105da104-1cae-4198-8a9b-a7441fcd9cdf,Visit,16:19.8,Desktop,West,Referral,0,Yes,
1729,79c366cf-fcf5-4f22-a54b-db9f28282eae,View Product,12:01.6,Tablet,South,Referral,0,Yes,
1730,0abb910d-73c2-4221-9293-7009fc0eb41d,Visit,56:35.3,Tablet,East,Referral,0,Yes,
1731,f86e0a0b-f902-439f-a99b-bafb16c5149f,Visit,54:55.9,Mobile,North,Paid,0,Yes,
1732,1b9f1aff-5c6e-4f4e-9ccb-61fb5fdc0be7,Visit,03:46.5,Tablet,North,Organic,0,Yes,
1733,9eb8931a-318e-4e9f-8731-27195a8cb9df,Visit,39:20.6,Desktop,East,Referral,0,Yes,
1734,e4e37544-6732-43f3-a68f-38e463bed5e2,Visit,07:50.6,Tablet,West,Referral,0,Yes,
1735,30895257-c96d-4b21-bd51-11e29ebf845c,Visit,52:42.7,Desktop,West,Organic,0,Yes,
1736,cf7fcc33-5e42-4a83-aeaf-2d0ed6155830,Visit,32:50.1,Mobile,West,Referral,0,Yes,
1737,6da8de70-3aa9-4d3f-94a8-81593703773b,Visit,06:18.9,Tablet,South,Organic,0,Yes,
1738,6cd650f4-c3fe-4046-ba27-f6a72a4ee7a1,Visit,12:17.2,Tablet,West,Paid,0,Yes,
1739,855f96a0-39c4-4a79-ac6b-138bc5b6bfb8,Visit,53:15.6,Mobile,East,Referral,0,Yes,
1740,ec81ca7f-7889-486f-a535-916292b3d4c5,View Product,09:20.3,Tablet,West,Paid,0,Yes,
1741,7f2b1ace-6757-410b-949b-e8be0483fb24,Visit,49:59.7,Desktop,South,Referral,0,Yes,
1742,34a8d8e2-3f55-47c1-a866-78b5de2c283f,Visit,25:37.0,Desktop,South,Organic,0,Yes,
1743,3d18ce4c-4607-4c80-a77a-6bdf3fed2a67,Visit,09:58.7,Desktop,East,Paid,0,Yes,
1744,8abc10e6-97b1-47d4-a219-afa466abba4e,Visit,01:39.1,Mobile,East,Paid,0,Yes,
1745,cc815d0d-1620-4b84-aebd-5a899246f307,View Product,04:56.8,Tablet,East,Referral,0,Yes,
1746,1df6c557-fca0-4018-a53d-261892df7e8a,Visit,31:47.1,Tablet,West,Organic,0,Yes,
1747,5df97cce-4ced-455a-8a5e-db11de03c188,Visit,31:37.3,Desktop,South,Organic,0,Yes,
1748,ce5244d4-6231-4bc5-aa7f-b63c9aec011d,Visit,11:58.9,Desktop,South,Paid,0,Yes,
1749,36a132fe-3a3e-4438-bcc6-e589dbc5bbf3,Visit,22:12.4,Desktop,West,Referral,0,Yes,
1750,e4b56831-96ff-4565-a874-50972d7a47df,Visit,44:01.8,Mobile,South,Paid,0,Yes,
1751,79a1e37c-5691-42aa-9d99-81fd535a0945,Visit,30:01.2,Desktop,West,Paid,0,Yes,
1752,15f8388d-dcf2-4af4-b6e8-bfdefa546f77,Visit,25:17.5,Tablet,North,Referral,0,Yes,
1753,238c7d1c-efc3-417f-81b2-a4f06c5b0e40,Visit,28:13.7,Tablet,South,Referral,0,Yes,
1754,ef3d5e0d-013f-4a11-a301-d0dbacb9c8e2,Visit,20:35.1,Tablet,South,Paid,0,Yes,
1755,6b409f44-6cee-431f-9ae5-84ba22476eb8,Visit,33:46.4,Tablet,North,Referral,0,Yes,
1756,7d3c369a-be6c-4c4c-b227-7e15a8fa03e2,Visit,05:32.2,Tablet,East,Referral,0,Yes,
1757,3c177b2c-0648-462e-be52-7012b7ddc9ac,View Product,17:13.8,Mobile,East,Paid,0,Yes,
1758,39f5aa65-147f-4ec4-b9db-84fef79130ec,View Product,44:49.6,Mobile,North,Organic,0,Yes,
1759,151f0a08-2af8-468d-821a-b206bf5dc472,Visit,51:19.9,Mobile,West,Organic,0,Yes,
1760,3d5af40d-1b84-4c5d-adc3-54ad68b429da,Visit,56:20.5,Desktop,North,Referral,0,Yes,
1761,e158a03f-2f20-4df9-971a-397c119ae975,Visit,23:42.8,Mobile,East,Organic,0,Yes,
1762,8ad8c7a0-a2c9-44f7-8001-8abd16b3210e,Visit,29:29.4,Mobile,East,Referral,0,Yes,
1763,2cf5232d-1d1e-4378-b793-26866159bd74,View Product,03:25.1,Desktop,West,Organic,0,Yes,
1764,a1b868b1-5b1a-41e0-8092-ed6523dbd1f8,View Product,11:38.7,Desktop,North,Referral,0,Yes,
1765,40ef6297-d134-4dac-af6c-62ff35e93a7a,Visit,58:22.9,Mobile,South,Paid,0,Yes,
1766,3c8ea17d-fd58-43fc-953e-7d63b879e87a,Visit,18:41.2,Desktop,North,Paid,0,Yes,
1767,30e87350-182b-4b09-b6d8-0833fbfb5264,View Product,29:51.4,Mobile,West,Organic,0,Yes,
1768,2d151a6e-a368-49ed-9f74-130b9f2ea58c,Visit,25:27.0,Tablet,North,Organic,0,Yes,
1769,3d10228f-7fca-4544-8bf3-6e19f922f73e,Visit,43:28.8,Tablet,South,Referral,0,Yes,
1770,7808a1e6-9388-41a0-852b-241fc8ac5d0f,Visit,15:32.7,Desktop,South,Paid,0,Yes,
1771,17a0962c-16d4-4e32-84d9-f80442a3b1ff,Visit,53:47.4,Desktop,South,Paid,0,Yes,
1772,2d226604-b1f5-4585-9881-4ec09476fd88,Visit,12:23.4,Tablet,West,Referral,0,Yes,
1773,c0b9c4df-17a8-41ee-9c1b-6b5c32898442,Visit,01:58.8,Desktop,West,Organic,0,Yes,
1774,9fa33de6-80bb-419f-9216-c153686bbda0,Visit,32:56.0,Desktop,South,Paid,0,Yes,
1775,84f69ac3-0683-46cc-921b-791173f4c8d6,Visit,57:42.3,Mobile,South,Paid,0,Yes,
1776,2402015a-ee6a-423f-9624-47e87f3024f0,Visit,20:18.2,Desktop,South,Paid,0,Yes,
1777,ef754c4e-a834-4352-94ea-81d2287a3701,Visit,38:41.6,Mobile,West,Paid,0,Yes,
1778,1f3304d0-aca6-444e-b3c5-333b4dd971fb,Visit,42:13.7,Desktop,West,Paid,0,Yes,
1779,5a6d0c62-8cdd-4343-9d49-6a4b6ee2cc0a,Visit,12:53.6,Mobile,South,Referral,0,Yes,
1780,9703f341-6c4b-4611-916d-52323c7e0e0f,Add to Cart,39:51.8,Mobile,South,Organic,0,Yes,
1781,b6ff5871-f8b9-4ac6-bcac-00e9fe5d81f8,Visit,58:26.4,Desktop,East,Organic,0,Yes,
1782,a562743e-8a7f-4144-8f18-938139456ae4,Visit,08:57.3,Mobile,West,Paid,0,Yes,
1783,92cee3da-b676-4bb0-be19-90507a56bc66,Visit,07:13.9,Tablet,West,Referral,0,Yes,
1784,48172f0c-c070-4076-9946-00749a522c1c,Visit,07:04.9,Tablet,West,Referral,0,Yes,
1785,7df31844-5936-4677-a33c-1621190cc447,Visit,26:52.3,Tablet,West,Organic,0,Yes,
1786,89f2f32e-1cdd-4828-baf3-2903318b620b,Visit,03:03.5,Tablet,South,Organic,0,Yes,
1787,62cb8e21-a86a-451d-939d-e800b0ac2b0a,Visit,33:56.9,Desktop,North,Referral,0,Yes,
1788,2fa209f1-280a-4fb9-b10d-e8e748e9bed8,Visit,50:19.8,Tablet,West,Referral,0,Yes,
1789,d515afbe-5195-41aa-8633-2ba8900d6b31,Visit,20:55.4,Desktop,East,Organic,0,Yes,
1790,6942d2bd-473e-4a22-b7a5-ccf5800386e5,Visit,23:01.3,Mobile,East,Paid,0,Yes,
1791,3917afff-ee2d-4c3f-9a11-2cb2a75e0475,Visit,58:14.9,Mobile,West,Paid,0,Yes,
1792,99ad518d-9ae0-43e2-a8c4-e3bdc896cd67,Visit,55:53.6,Tablet,South,Organic,0,Yes,
1793,4561b28f-5b40-4a4c-9660-1b9705165164,Visit,08:21.7,Desktop,South,Referral,0,Yes,
1794,6e73d6db-2cf4-442c-a339-3c7bb0b950d9,Visit,32:16.5,Desktop,North,Referral,0,Yes,
1795,dec16c47-6074-4156-9839-98aaa9d992ed,Visit,39:25.2,Desktop,West,Referral,0,Yes,
1796,4ba57825-2915-4cfa-ab81-93895d2f1633,View Product,49:44.5,Desktop,North,Referral,0,Yes,
1797,26276b0f-2d85-4af4-8069-c6d1f30255e1,Visit,15:57.5,Mobile,South,Organic,0,Yes,
1798,4e962704-a065-48bd-b362-4355224d9c45,View Product,00:43.7,Mobile,West,Referral,0,Yes,
1799,258833b6-261a-481a-b79f-319b8a469a36,View Product,11:27.8,Desktop,West,Organic,0,Yes,
1800,72b10c65-1f29-4545-a31d-93d327cad728,Visit,20:27.3,Mobile,East,Paid,0,Yes,
1801,2bc76ebb-bc62-46af-b4c3-9512cb1c129c,Visit,59:29.7,Tablet,North,Referral,0,Yes,
1802,045c19c8-46c1-41ac-a035-174dad69f2cb,Visit,44:17.3,Tablet,South,Paid,0,Yes,
1803,01ae4342-3635-4a1e-81e9-3819a3a2eb6d,Visit,06:59.6,Desktop,East,Referral,0,Yes,
1804,1945181d-3672-4def-846b-09ac4608f7a8,View Product,20:23.7,Tablet,East,Organic,0,Yes,
1805,7afecd12-689f-49c3-930e-72989807a3a5,Add to Cart,24:01.8,Desktop,East,Paid,0,Yes,
1806,73a994a3-49de-4cc1-aff4-8de72f490e89,Visit,37:54.1,Tablet,East,Organic,0,Yes,
1807,508539ae-d594-4220-b25d-fd671bf13a59,View Product,49:00.7,Mobile,East,Referral,0,Yes,
1808,92903304-4c83-4126-947c-c2f62bc286ac,Visit,04:38.2,Tablet,North,Paid,0,Yes,
1809,fe29b25e-9aac-4992-9dff-0af503323efa,Visit,37:40.6,Tablet,East,Referral,0,Yes,
1810,4b6699d3-020c-408d-b376-3a3251450cac,Visit,24:49.3,Desktop,South,Referral,0,Yes,
1811,a9d4165b-6156-44dc-8f7a-5f68a36c5f21,Visit,17:55.6,Mobile,North,Organic,0,Yes,
1812,27c39632-1d44-4c41-bd6c-4d632c677e6d,View Product,49:40.9,Desktop,East,Referral,0,Yes,
1813,6500a130-1171-4f00-a868-a79152f1b771,Visit,18:44.8,Mobile,East,Paid,0,Yes,
1814,b1a04dd2-f673-4364-969a-38e20c674626,View Product,41:19.4,Mobile,North,Paid,0,Yes,
1815,10351ae8-4037-4468-9a18-1665d208e628,Visit,53:43.0,Desktop,South,Organic,0,Yes,
1816,4ea614b3-4b9c-4d39-8a15-6b5f99f44fa5,Visit,19:12.6,Desktop,East,Organic,0,Yes,
1817,d5f04b8c-ccf7-47e6-8914-c6004dfaddd0,Visit,06:22.9,Desktop,South,Paid,0,Yes,
1818,f7607b7c-675f-42b4-9973-995929fd6d36,Visit,46:56.6,Desktop,East,Organic,0,Yes,
1819,286f1537-d4ff-4675-a768-1b2be4cb7c87,View Product,24:47.3,Mobile,North,Paid,0,Yes,
1820,ef3a7f87-871a-465b-b4e9-b1a6fbd9b4d2,Visit,48:55.4,Tablet,East,Referral,0,Yes,
1821,827a0d08-db7c-4c22-9dcf-67e8f087ab1f,Visit,41:05.7,Desktop,East,Referral,0,Yes,
1822,04acecd6-e378-4b38-b550-3662749bd639,Visit,43:36.1,Tablet,South,Referral,0,Yes,
1823,fa220fcc-5954-4ea0-ac02-c44efb0db0db,View Product,13:26.2,Desktop,South,Referral,0,Yes,
1824,8ef82227-9f7a-44e1-b6bf-423e1aff92e8,Visit,59:45.4,Desktop,West,Organic,0,Yes,
1825,57d62cc0-8aaf-45dd-a5f8-717a66359497,Visit,10:58.6,Desktop,North,Referral,0,Yes,
1826,cb8aa8b5-9b13-4318-a637-c91ef10a974d,Visit,28:39.8,Desktop,South,Paid,0,Yes,
1827,4cda0183-422b-439b-bf85-06829449bf20,Visit,13:58.4,Tablet,North,Paid,0,Yes,
1828,fb764dce-886e-44ea-80c8-7d0553567b33,Visit,55:26.0,Desktop,East,Paid,0,Yes,
1829,e5c19516-e5a5-4501-adec-9983955df0d8,Visit,52:04.7,Desktop,North,Referral,0,Yes,
1830,520f645e-0cc8-4404-9733-a5d7fa710969,Visit,30:04.1,Tablet,East,Referral,0,Yes,
1831,71617b2a-89fb-4680-b07b-f275e981d5a2,Visit,00:56.2,Tablet,South,Organic,0,Yes,
1832,4b8cf603-9b29-4dc4-a577-59d56c3b4083,Visit,53:17.6,Desktop,East,Paid,0,Yes,
1833,5e27a989-f8d7-445d-9e4b-d3160f9a882d,Visit,45:49.7,Desktop,West,Referral,0,Yes,
1834,3008b2bb-7838-45d3-9b52-3343c9793021,Visit,20:54.7,Desktop,West,Paid,0,Yes,
1835,454d9099-ff0b-4605-9d5c-80a4cf29080f,Visit,52:39.1,Tablet,South,Organic,0,Yes,
1836,621c6663-7a40-4574-ba62-421f7e281e6a,Visit,12:32.5,Desktop,South,Referral,0,Yes,
1837,49cf2d34-485e-4ad0-98f7-d6962a2a90dc,View Product,42:55.4,Tablet,North,Paid,0,Yes,
1838,648ab1ed-8c57-48e2-a867-c049e314affb,View Product,22:15.7,Mobile,North,Referral,0,Yes,
1839,ecb2283a-2e84-4d91-b3aa-ed60138bcb52,Visit,44:09.2,Desktop,West,Paid,0,Yes,
1840,e5d6c9cf-eef7-40dd-a0a9-2f360cc38e62,Visit,56:55.3,Mobile,North,Referral,0,Yes,
1841,5f7a21e2-c60e-44a7-914c-9f4a955e9e84,Visit,50:29.6,Tablet,East,Referral,0,Yes,
1842,ee5f4783-d394-4f09-a5b6-784b7a1436ed,Visit,13:08.8,Mobile,North,Organic,0,Yes,
1843,97b6ab64-2703-491f-90e2-98916c95cd76,Visit,36:36.7,Mobile,South,Referral,0,Yes,
1844,fa0587b3-0a13-42eb-823c-2116381d4dca,Visit,03:16.2,Desktop,East,Paid,0,Yes,
1845,f283948b-0d91-4d69-8547-bab25c9e641b,Visit,53:07.8,Desktop,West,Organic,0,Yes,
1846,3c36006e-9b5b-4edb-8b06-09cdfee6c006,Visit,13:43.6,Tablet,West,Organic,0,Yes,
1847,730dbbaa-d7dd-4826-890d-3bba08ca1ef8,Visit,48:34.6,Mobile,South,Paid,0,Yes,
1848,9cc1cefc-30b7-4b0a-88f8-bf2c6012adfa,View Product,47:02.2,Desktop,West,Referral,0,Yes,
1849,276669a1-d19f-461f-94f2-aafa8d75a6f8,Visit,04:18.4,Tablet,West,Paid,0,Yes,
1850,bd81d0ab-5557-464b-aa95-2764a9a5a23a,View Product,08:49.3,Desktop,East,Organic,0,Yes,
1851,72e15500-ce4d-4772-b427-c5254d137ec5,Visit,48:39.5,Mobile,East,Organic,0,Yes,
1852,845679d6-ce8e-4cf0-92ec-e6ee6b67c90c,Visit,55:48.7,Tablet,South,Referral,0,Yes,
1853,137b233c-54bd-44a8-bb78-0f69e36a942c,View Product,32:42.2,Desktop,North,Referral,0,Yes,
1854,c430da0e-cce9-49ae-9e2f-04b819d29f22,Visit,57:44.4,Tablet,West,Paid,0,Yes,
1855,157b6a20-2e88-4b91-88fe-3ce37c9424ed,Visit,34:00.1,Tablet,North,Organic,0,Yes,
1856,04cad18b-5cfa-43a3-8b1b-da0800b13252,Visit,30:50.3,Tablet,East,Paid,0,Yes,
1857,0ff73fcc-9dd4-4f66-bfcd-683ec2bbb058,Visit,12:28.2,Mobile,East,Paid,0,Yes,
1858,db9a6fb3-055b-4237-bcd5-dd4e350f4912,Visit,06:21.1,Desktop,West,Referral,0,Yes,
1859,ed123ff7-15cf-4f2f-bfa0-e00709c5b32b,Visit,28:40.1,Tablet,North,Referral,0,Yes,
1860,d0352c20-3082-453e-a1b4-72e9b071762d,Visit,18:03.2,Mobile,West,Paid,0,Yes,
1861,d2d5cdd9-4636-47d4-a375-36f6765769d1,Visit,45:57.4,Tablet,West,Paid,0,Yes,
1862,12eb6ea9-f2b1-4e70-ba8b-64b0925f6b0b,Visit,37:03.8,Desktop,North,Paid,0,Yes,
1863,1169a12a-b282-43f2-a602-b16624f2f531,Visit,10:30.7,Desktop,North,Organic,0,Yes,
1864,49cd7b97-c95e-4424-91d6-b1f72e6909a7,View Product,43:42.7,Desktop,South,Referral,0,Yes,
1865,893575bf-9cd3-44bc-b920-af4886f60203,View Product,51:42.1,Tablet,North,Organic,0,Yes,
1866,f72736c5-ecf8-4a6f-bcae-fbf1ee506bf4,Visit,40:20.3,Tablet,South,Paid,0,Yes,
1867,c52563bb-e9b5-4603-9740-032e4d78a1de,Visit,40:05.7,Tablet,East,Paid,0,Yes,
1868,0e9f51ca-cfae-4699-9f9c-92c26ed8bd4d,Visit,14:15.7,Desktop,West,Paid,0,Yes,
1869,99b64934-0fbf-44cb-a9dc-f7708fde900e,Visit,36:09.3,Desktop,West,Organic,0,Yes,
1870,8ad53c8e-2ebb-48a8-9968-aec8e8ec82ec,Visit,15:55.4,Desktop,South,Paid,0,Yes,
1871,27218293-e401-4035-9f18-3bef91994629,Visit,21:26.6,Tablet,South,Referral,0,Yes,
1872,de9021dc-f84d-45b6-8de9-edfc15952f19,Visit,57:41.2,Mobile,West,Organic,0,Yes,
1873,e7eb68a9-1130-46ea-b5ae-393e031e2806,Visit,46:34.1,Tablet,North,Paid,0,Yes,
1874,2f95fcfc-6903-4256-81fc-59ba00f56619,Visit,15:23.0,Desktop,West,Organic,0,Yes,
1875,c33fd947-8291-4248-a157-cc9199e57ecb,Visit,39:57.5,Desktop,South,Organic,0,Yes,
1876,44dc574a-7c17-4525-852c-df0989055c61,View Product,05:58.4,Tablet,East,Organic,0,Yes,
1877,3251ff01-08f2-4712-b941-f3621be6b097,Visit,31:15.1,Tablet,South,Referral,0,Yes,
1878,ac764d81-925b-4de2-9206-8b79b4f8d800,Visit,44:58.7,Desktop,South,Organic,0,Yes,
1879,b721c8cb-8449-4218-bef6-e02fcd298611,Visit,58:48.0,Mobile,North,Referral,0,Yes,
1880,fd63e152-c80f-4bf3-8102-263e8f33bed3,Visit,07:22.9,Desktop,North,Paid,0,Yes,
1881,b0d24b5a-27e7-4d30-8256-e9255f0ff11e,Visit,02:55.2,Tablet,East,Paid,0,Yes,
1882,c6f40519-1211-4938-be93-81b8203b3bbb,View Product,23:38.5,Tablet,North,Referral,0,Yes,
1883,0c721455-569b-4cb1-a245-eeefb37aa8b8,Visit,33:33.4,Mobile,North,Paid,0,Yes,
1884,56c24848-f12f-4828-be0b-8c87cdb0bb14,Visit,33:07.9,Mobile,West,Paid,0,Yes,
1885,b4683ee0-189b-4a28-903e-c6e3c7217750,Visit,57:22.2,Tablet,North,Organic,0,Yes,
1886,547d2b87-23a3-4617-b3eb-7bb91f9a3e5e,Visit,16:50.7,Tablet,North,Organic,0,Yes,
1887,3d265592-86a9-4a26-981d-ee29f4a12885,Add to Cart,16:47.6,Tablet,East,Paid,0,Yes,
1888,bd14b996-b618-4c89-8280-a64297af3a78,Visit,47:43.7,Tablet,East,Paid,0,Yes,
1889,25b6ef40-c70b-42af-aa12-a2f87acac069,View Product,48:40.9,Desktop,North,Referral,0,Yes,
1890,31aa204f-96cc-4410-9f10-8f9172efddb8,View Product,24:53.8,Desktop,North,Referral,0,Yes,
1891,4995329d-1a45-4bb3-99f4-c4f00c723851,Visit,52:17.5,Tablet,West,Organic,0,Yes,
1892,177a2989-6ee2-40bf-a108-84cbdb3723e5,View Product,39:58.7,Desktop,South,Paid,0,Yes,
1893,75775332-da28-4d00-bc23-c41c72f37b3b,Visit,23:32.6,Tablet,South,Organic,0,Yes,
1894,fc42f3a2-2af0-4733-ba79-dbfce2fc75ff,Visit,12:30.0,Tablet,East,Referral,0,Yes,
1895,dc2ae479-153f-406a-a768-7a5a811d1a58,Visit,35:11.2,Desktop,East,Organic,0,Yes,
1896,81f22cb5-0eb2-4dc3-91c8-9477232b0a3e,View Product,08:58.8,Tablet,East,Paid,0,Yes,
1897,da519d58-d378-410f-80c7-fc6ad4541174,Visit,09:16.8,Tablet,North,Organic,0,Yes,
1898,e7dc7a10-3078-4619-a071-df83ce05c61f,Visit,22:32.9,Desktop,North,Referral,0,Yes,
1899,cc2a7ace-82c2-49e7-a9d1-cd01967ac5e7,Visit,41:30.9,Desktop,East,Paid,0,Yes,
1900,cfe1e530-7612-43f1-b456-b956cb71ec3a,Visit,40:34.7,Mobile,North,Paid,0,Yes,
1901,7b7d9be9-710c-4cb9-8775-2b050bf99cf4,Visit,05:17.6,Mobile,East,Referral,0,Yes,
1902,ba9dfb10-b32e-473f-8c6d-943af4d4ce31,Visit,48:46.7,Desktop,West,Paid,0,Yes,
1903,eab54ed8-0cc6-4ca9-86f4-2ab233ffd388,Visit,26:55.2,Mobile,West,Paid,0,Yes,
1904,8ecf7f7c-1157-477d-a435-48db3998877f,Visit,12:38.1,Desktop,West,Referral,0,Yes,
1905,96893b47-ae89-4ebc-8a7b-67eb54c3e75f,Visit,54:52.3,Mobile,South,Referral,0,Yes,
1906,96b3c448-83de-4b35-837c-4dea5f1b880a,Visit,32:28.2,Desktop,East,Paid,0,Yes,
1907,522fafbc-d77e-461b-b3d9-1cdbaaedae04,Visit,53:32.7,Mobile,East,Referral,0,Yes,
1908,85914b95-997c-4642-ab76-1d22623dec8f,Visit,46:44.4,Mobile,West,Paid,0,Yes,
1909,13655a4a-5650-4b10-8378-c450d0cceabe,Visit,17:23.8,Tablet,East,Referral,0,Yes,
1910,57e21d91-2d76-4941-a8c2-5e07fae052fa,Visit,10:50.8,Tablet,East,Organic,0,Yes,
1911,01c2595d-4855-4108-ba44-f39c598c96ce,Visit,10:49.3,Mobile,East,Referral,0,Yes,
1912,15e1529c-ec7a-4a9e-9fb3-bf794545a669,Visit,45:22.2,Desktop,East,Referral,0,Yes,
1913,63106bcc-0134-4a2f-a4f1-d00cd4c5daf9,View Product,11:06.8,Desktop,West,Referral,0,Yes,
1914,55cf7edb-108d-475b-a948-29f5e2e12104,Visit,31:26.9,Mobile,North,Referral,0,Yes,
1915,b85e9329-3ff8-4bfc-b3f3-e7d67b8c1d43,Visit,12:03.4,Tablet,South,Organic,0,Yes,
1916,b70a97f1-aad2-4600-aad7-9249fc3b48a3,Visit,31:07.3,Tablet,South,Paid,0,Yes,
1917,29cacae3-7810-4e76-befe-1c1b0480c8b7,Visit,55:35.3,Mobile,West,Paid,0,Yes,
1918,c2613cd8-3648-4a8c-9f27-880cbf5b8b43,Visit,43:09.4,Desktop,East,Referral,0,Yes,
1919,e1a6aaac-5a7c-428a-b6da-97443f3acecf,View Product,07:44.0,Desktop,West,Referral,0,Yes,
1920,6988943c-076b-4273-9890-41f732ff6ace,Visit,36:05.3,Mobile,North,Referral,0,Yes,
1921,63a7aeab-0f33-42b4-9cab-2dd98d79430b,Visit,17:33.8,Mobile,North,Paid,0,Yes,
1922,15bc13c7-fb53-497e-98dd-ea6c3396f46b,Add to Cart,02:40.5,Mobile,South,Paid,0,Yes,
1923,9d000f64-57dc-409b-b29b-34c49f390d53,Visit,41:00.9,Mobile,South,Referral,0,Yes,
1924,a4f8a2a4-46f7-4808-91ab-8c1b771f7c83,Visit,37:00.6,Desktop,North,Organic,0,Yes,
1925,5e16e399-ef7b-4707-a410-0ab6fc9186ce,Add to Cart,25:33.3,Tablet,North,Organic,0,Yes,
1926,7f143ffe-62c2-4094-b1ed-2d070d6fcda2,Visit,08:30.4,Tablet,North,Paid,0,Yes,
1927,6b4f7ecb-be26-4006-a786-53b6507f470d,Visit,36:56.7,Mobile,North,Organic,0,Yes,
1928,d62f8844-2965-47b9-b294-a159746ebb8f,Visit,29:42.9,Mobile,North,Referral,0,Yes,
1929,9d982751-6276-4cf6-aacf-d1aa8a1bdd09,Visit,37:02.7,Desktop,East,Referral,0,Yes,
1930,11d85fab-f948-4aee-b679-743edbcf76f3,Visit,24:42.2,Tablet,South,Organic,0,Yes,
1931,ce1df01f-e928-4576-b126-674289bb150b,Add to Cart,19:18.3,Mobile,North,Organic,0,Yes,
1932,b55cfbad-ac3d-4af4-83c4-270f83cd7b83,Visit,21:03.7,Mobile,South,Referral,0,Yes,
1933,59aaa619-fda9-43aa-9458-434ed38a1a1e,Visit,43:28.9,Desktop,South,Paid,0,Yes,
1934,b0f8206a-6e40-4a77-9c34-823049329bcd,View Product,17:45.6,Desktop,West,Organic,0,Yes,
1935,e7d257fd-b82a-4fb6-8660-d3b68a8fd444,Visit,53:55.1,Tablet,North,Referral,0,Yes,
1936,961c50dd-7985-42bf-bb20-4d81e46266c3,Visit,32:53.3,Desktop,East,Organic,0,Yes,
1937,4d72f8f1-d30c-474e-b913-fa279875122a,Visit,18:07.9,Desktop,North,Organic,0,Yes,
1938,7ae6a1dc-b174-4cc0-9486-1eb341850660,Visit,03:20.0,Mobile,West,Paid,0,Yes,
1939,7b26ce6f-7783-48b3-87dd-a1673e00e728,Visit,30:49.7,Mobile,North,Paid,0,Yes,
1940,c07e50fa-0db8-40ab-87b2-f3a362afb009,View Product,17:37.0,Tablet,East,Organic,0,Yes,
1941,650f2769-c416-4e5a-a422-3b33e8c014e3,View Product,41:25.8,Desktop,East,Organic,0,Yes,
1942,d8237502-14de-4916-b7bb-06fd32b89c50,Visit,31:32.6,Tablet,East,Organic,0,Yes,
1943,2b731ffc-c41d-43e9-a6f7-6bbb68f18245,Visit,36:24.0,Tablet,East,Paid,0,Yes,
1944,e9f160d6-3e9c-4a9e-9e3f-91fd3e2d8430,Visit,18:25.5,Desktop,North,Referral,0,Yes,
1945,dea63d03-da80-4ec0-8de8-bb2cf6ded11f,Visit,28:09.4,Tablet,East,Paid,0,Yes,
1946,175572b2-f821-4ff3-979d-e90c4c7c75f3,Visit,19:08.4,Mobile,West,Paid,0,Yes,
1947,fe7506e7-77ab-4134-9a1c-9dac698380fa,Visit,40:04.6,Desktop,East,Paid,0,Yes,
1948,a9e1f2f7-3e11-42bd-8b09-f46019f826c5,Visit,48:51.9,Mobile,North,Organic,0,Yes,
1949,471f8122-7271-4964-92be-91f414254d35,Visit,50:09.9,Tablet,South,Paid,0,Yes,
1950,91174300-6120-40dd-9beb-6f7567243893,View Product,47:51.5,Desktop,North,Referral,0,Yes,
1951,3b81afa7-8039-4dbb-8edc-cb7d0dc6f7b4,Add to Cart,21:45.1,Desktop,West,Paid,0,Yes,
1952,4f71f62f-513b-4f49-8f80-5782da5a0f38,Visit,46:12.4,Tablet,West,Organic,0,Yes,
1953,56367aec-15ee-4130-919b-0d5862ce00b3,View Product,25:15.1,Desktop,West,Referral,0,Yes,
1954,96fdc175-f10f-4c1c-8423-1cfa1320b7dd,Visit,44:32.9,Desktop,West,Paid,0,Yes,
1955,55742cda-1e03-4a84-a6a9-5ea181c90b89,Visit,06:51.0,Desktop,North,Referral,0,Yes,
1956,01057cc8-1eb0-474d-abe9-768dfd74ccf2,Visit,31:09.3,Mobile,East,Paid,0,Yes,
1957,847ba59b-0ce3-4a8c-8343-c5c6b3943e45,View Product,19:35.2,Mobile,West,Organic,0,Yes,
1958,30b0af47-8c7d-4d09-828f-66094ec44c72,Visit,07:59.4,Desktop,West,Referral,0,Yes,
1959,91a731ad-8bcd-4e8e-a6bc-3947a5fcdcab,Visit,08:47.8,Desktop,South,Referral,0,Yes,
1960,0bc39b56-78d2-49c9-ae14-be68ff9b065a,Visit,11:36.3,Mobile,South,Paid,0,Yes,
1961,8b169f4c-befa-408b-afef-331743d30779,Visit,23:55.0,Tablet,East,Paid,0,Yes,
1962,9e1a4326-32b2-4edc-aada-02f345ad5ce7,Visit,03:46.6,Tablet,East,Paid,0,Yes,
1963,b3fd3851-3c7b-459b-b813-42f3eb04f20d,Visit,09:44.6,Mobile,North,Paid,0,Yes,
1964,bf511a32-9615-40e8-b8c3-fa52491c0779,Visit,30:11.0,Mobile,East,Organic,0,Yes,
1965,7d249d98-2316-496b-b326-496399f11eb7,Visit,34:38.9,Tablet,South,Organic,0,Yes,
1966,467fa228-6c0b-424d-b197-e0a2ea98fb9a,Visit,54:56.8,Mobile,East,Paid,0,Yes,
1967,5f17d313-d99f-4da1-ba5e-6c9c8e15956f,View Product,06:34.4,Tablet,South,Organic,0,Yes,
1968,030387c8-3b8a-4d84-962b-6ecfff424431,Visit,16:38.1,Mobile,West,Paid,0,Yes,
1969,4212f504-db74-4775-8cd9-25ce6f96686e,Visit,08:40.6,Tablet,North,Organic,0,Yes,
1970,5d4f7dc0-d5d3-4241-a47d-840c4fc887a8,Visit,53:36.4,Desktop,North,Paid,0,Yes,
1971,661ceacd-cacb-4271-b2af-5295da854e06,View Product,09:37.3,Tablet,North,Organic,0,Yes,
1972,d1acb12f-d3a9-4d81-b24b-e34c8e547033,Visit,37:43.3,Mobile,South,Referral,0,Yes,
1973,f36e67e2-9c8f-4ac6-8444-123fe67229b8,Visit,59:00.0,Tablet,East,Paid,0,Yes,
1974,ce85cded-3ebf-4c61-9601-015d0855c4dc,Visit,32:57.1,Desktop,South,Organic,0,Yes,
1975,f0cc929b-f494-47e5-9223-c6df3485cf16,Visit,43:43.7,Tablet,West,Paid,0,Yes,
1976,7651c08f-5aaa-4ef3-a951-c65bb7ae35f3,Visit,18:37.2,Tablet,North,Organic,0,Yes,
1977,29055996-661f-4548-91f5-c4b40a085031,Visit,06:07.3,Mobile,West,Paid,0,Yes,
1978,42c56dc2-5507-4f21-9679-8a999977b1b0,Visit,40:10.0,Mobile,East,Paid,0,Yes,
1979,8ce5b609-2f1a-4128-b6c8-57d2cb00cb99,Visit,59:22.9,Mobile,South,Paid,0,Yes,
1980,5af11b96-b040-4164-94c8-994a31c8b589,Visit,02:54.8,Mobile,West,Referral,0,Yes,
1981,6ffd91ac-b0d9-40d5-9702-81703b29f6d5,Visit,15:49.5,Tablet,East,Referral,0,Yes,
1982,32f54341-6567-45bd-801e-0c8408aa87a4,View Product,32:06.5,Tablet,East,Referral,0,Yes,
1983,8d7fbb79-03c9-4d50-8543-0d7cfcc26966,Visit,46:09.0,Desktop,West,Paid,0,Yes,
1984,c64a58da-2b16-4227-acb0-7a2f56d9d7e2,Visit,01:48.2,Desktop,North,Paid,0,Yes,
1985,44628bfa-fb5a-48d2-9e4f-cc20552e63f1,Visit,48:17.3,Desktop,East,Paid,0,Yes,
1986,da872f4c-07a2-4a35-9d3e-b9a8c670d879,Visit,03:06.7,Mobile,North,Referral,0,Yes,
1987,525d836f-3ebe-44ae-b2e3-600b5f7ea172,Visit,35:58.8,Tablet,West,Referral,0,Yes,
1988,d6b622fa-fe4f-4f63-b2c8-0b9ffac81ab6,View Product,17:14.4,Desktop,South,Paid,0,Yes,
1989,3127f840-48c9-4608-ac30-44779edd6a42,Visit,24:31.9,Desktop,West,Referral,0,Yes,
1990,7873e59d-14ee-4ecd-a0ba-14dfbabdb1ac,View Product,02:40.4,Mobile,West,Organic,0,Yes,
1991,aeb312cf-3bcc-4d76-ba99-962bf6712c7c,Visit,39:57.0,Desktop,West,Paid,0,Yes,
1992,1df063b1-153b-4e2d-b7c5-79a0e1ac9b21,Visit,32:55.6,Mobile,North,Organic,0,Yes,
1993,ba8d15f2-2791-4f7c-bc90-d79f8998d91a,Visit,53:58.7,Mobile,North,Referral,0,Yes,
1994,d5392c92-d44b-46c9-8001-e5b9ef5606c8,Visit,03:07.6,Desktop,South,Referral,0,Yes,
1995,9793e113-4e12-4e34-bd8b-a0c7833f7896,Visit,16:51.6,Mobile,East,Referral,0,Yes,
1996,5dfbef0b-9445-40d8-b240-eb8c1496f8c2,Visit,08:00.9,Tablet,North,Referral,0,Yes,
1997,629c5987-9e40-49ea-8cb3-0a14b58d6848,Visit,53:58.0,Desktop,East,Organic,0,Yes,
1998,9cdc4df0-9abb-4098-85e1-918201cfeae6,Visit,20:26.3,Desktop,East,Paid,0,Yes,
1999,43d56182-e378-4567-b97b-67f06e7b42b2,View Product,00:45.3,Tablet,East,Referral,0,Yes,
2000,a4d1ff3f-d641-4714-ab28-d64d58074f06,Visit,38:57.8,Desktop,West,Referral,0,Yes,
2001,e216e7ee-0059-4517-9164-653d43016393,Visit,43:30.4,Mobile,West,Paid,0,Yes,
2002,ab92ed89-4f59-4b4a-b5f5-719a2739b6ea,Visit,12:47.2,Tablet,North,Organic,0,Yes,
2003,d6443cac-3092-4b17-a737-6c4187ebdaaa,Visit,34:09.4,Tablet,West,Paid,0,Yes,
2004,59728b09-7e87-4772-86a5-a29c96448bb7,Visit,59:54.6,Tablet,West,Organic,0,Yes,
2005,517a14ce-2b5b-4452-99c2-d402444d073d,Visit,22:45.0,Desktop,East,Organic,0,Yes,
2006,47487f35-bb18-4ed5-82ba-23320125e0dc,Visit,48:28.6,Mobile,North,Referral,0,Yes,
2007,aefb8450-5ada-4105-9e26-58a48067b7ef,Visit,21:26.2,Mobile,West,Organic,0,Yes,
2008,aef82c75-03db-45c2-9347-b739c99d8756,Visit,56:52.4,Desktop,East,Organic,0,Yes,
2009,3b799424-08e4-4208-b0ca-2bfe19179781,Visit,07:25.2,Tablet,West,Organic,0,Yes,
2010,c9fe75b8-c2eb-4945-9633-cccfcd6d7a16,Visit,31:36.5,Tablet,West,Organic,0,Yes,
2011,567010dd-728e-47c1-86b9-34a9cab9b0d6,Visit,22:49.1,Tablet,North,Referral,0,Yes,
2012,666dbfe3-33ec-4ec6-a63c-4f0f35c0a2db,Visit,59:39.6,Desktop,East,Organic,0,Yes,
2013,bbd6db5a-ad00-4e61-ba00-bf4be6d6b025,Visit,12:25.5,Desktop,East,Organic,0,Yes,
2014,fa85e367-bda5-4b4f-bc33-361291fde7ab,Visit,26:02.9,Tablet,North,Organic,0,Yes,
2015,71279c22-b3f0-4fb4-a638-e98f51630e1e,Visit,50:54.1,Desktop,South,Paid,0,Yes,
2016,bbc25487-3414-4284-919a-5ec6fab09de8,Visit,46:42.8,Tablet,West,Paid,0,Yes,
2017,80a8b923-0675-4d29-8d45-79476d86e999,Visit,47:21.0,Desktop,North,Organic,0,Yes,
2018,c556ba67-732b-497d-821a-804e30921506,Visit,33:26.2,Tablet,North,Referral,0,Yes,
2019,fe6b0da3-8e3d-4ac3-9fc2-ccdba00121a5,Visit,05:23.3,Tablet,South,Referral,0,Yes,
2020,04c6ee7a-6086-4604-8f26-913e8a752229,Visit,33:47.6,Desktop,North,Organic,0,Yes,
2021,40ebb425-f799-4481-ad95-727edf8d531d,Visit,54:39.9,Tablet,East,Organic,0,Yes,
2022,ec9c9a27-be78-40f6-adf0-38d8e93718a5,Visit,39:32.7,Desktop,East,Referral,0,Yes,
2023,e3f05712-2f30-490c-8b71-a3929463521b,Visit,27:06.6,Tablet,South,Referral,0,Yes,
2024,0d22f0f9-1cbb-4925-8538-ee4e7702e40e,Visit,54:21.7,Tablet,South,Referral,0,Yes,
2025,ddb4c591-e46e-4542-809b-479bddc72732,Visit,01:06.7,Tablet,North,Organic,0,Yes,
2026,64218fc6-f0c7-4d7b-b606-3e24a35f005e,Visit,28:21.8,Desktop,West,Paid,0,Yes,
2027,9015da8a-4a33-4ede-b381-3e256a282c09,View Product,25:08.5,Tablet,North,Organic,0,Yes,
2028,6c5ca5e2-f0c6-43b4-890a-182e41d1dcfd,Visit,45:42.7,Desktop,East,Referral,0,Yes,
2029,d3e7c759-9905-402c-9eef-5e12ea7a0a03,Visit,07:36.3,Tablet,North,Referral,0,Yes,
2030,5bc46d3f-54b9-4877-abc1-ac812fa1774e,Visit,29:34.2,Tablet,East,Referral,0,Yes,
2031,e5486770-bd29-475e-bfde-4a21d19cfc37,Visit,32:37.1,Desktop,East,Paid,0,Yes,
2032,b778f26f-7172-4fee-9e7c-17fdac54f552,Visit,36:02.0,Tablet,East,Paid,0,Yes,
2033,8b3b457e-a19d-4402-a1d9-af33f5ddce57,View Product,26:18.0,Desktop,West,Paid,0,Yes,
2034,6a262c68-af20-4b13-b9cc-7ce4e0c9feb7,Visit,51:47.4,Mobile,North,Paid,0,Yes,
2035,2815c966-5f09-4667-b46c-84b68be27685,Visit,35:30.4,Mobile,West,Paid,0,Yes,
2036,bf33fd4e-1e3e-4ab5-b0e1-ae330a76c418,View Product,58:40.0,Desktop,West,Organic,0,Yes,
2037,97fa6bb6-5163-449f-849e-d2fee6d48a7e,Visit,09:22.5,Tablet,East,Paid,0,Yes,
2038,4a42e970-e1a2-4d49-bdb7-a193b7980bf6,Visit,06:27.0,Desktop,South,Organic,0,Yes,
2039,8aa2c9d5-e3ea-459c-9346-a1476dbaffd4,Visit,18:13.8,Tablet,West,Referral,0,Yes,
2040,4b6b7f4a-d2c0-4df0-badc-5dc485fae134,Visit,57:31.3,Desktop,South,Referral,0,Yes,
2041,9641f868-ce66-4632-bf2d-a87ef3c146c4,Visit,20:47.5,Desktop,West,Referral,0,Yes,
2042,18c0fa86-ee2d-4565-8c97-93b1b818f47a,Visit,14:33.6,Mobile,West,Paid,0,Yes,
2043,3f6cd27b-57bf-41e5-8ad9-a712b1301276,Visit,20:48.8,Mobile,South,Referral,0,Yes,
2044,4bbf0201-cc59-418a-91dd-1cc6ce1da5b5,View Product,16:37.6,Tablet,South,Organic,0,Yes,
2045,38425fba-2d21-467a-8316-d5191f7ca066,Visit,40:13.9,Desktop,North,Paid,0,Yes,
2046,5ef6e4f4-3731-4b02-b789-73cf8f445970,Visit,36:20.3,Desktop,South,Organic,0,Yes,
2047,448bf02a-20df-4514-9e14-e20a7ef745bb,Visit,32:30.3,Tablet,East,Referral,0,Yes,
2048,319210c3-57f3-42a7-8f0e-39a9dcc039ca,Add to Cart,27:19.1,Tablet,West,Organic,0,Yes,
2049,e97c16ae-2ed1-4320-b443-070bfd224be4,Visit,17:04.0,Mobile,North,Referral,0,Yes,
2050,35f0a3d9-888e-4628-a4a0-3f281a3f4bf3,Visit,40:42.0,Desktop,South,Referral,0,Yes,
2051,7927846f-73a2-497a-9e12-e14a3a74a203,Visit,19:56.9,Tablet,West,Organic,0,Yes,
2052,77837abe-782e-4e4a-96ab-db502b680d5c,Visit,55:36.5,Tablet,East,Referral,0,Yes,
2053,8524d2bc-c921-4311-afd4-4641dd0c1466,Visit,59:45.4,Desktop,South,Organic,0,Yes,
2054,f38aac3b-bc57-42c9-a534-628f4c9c9480,View Product,03:53.3,Mobile,South,Referral,0,Yes,
2055,0992a992-4386-4dc2-8bd1-d093c9f6f1c7,Visit,34:58.2,Desktop,West,Organic,0,Yes,
2056,3f95d383-2c2d-4b49-b26d-e56ffb8aa49b,Visit,56:44.3,Desktop,North,Referral,0,Yes,
2057,0c412d68-63fa-4537-8a02-b9298757f6a8,Visit,25:53.0,Desktop,South,Organic,0,Yes,
2058,6b304f1b-19f8-4bd0-ba7b-001d94c96dbc,Visit,40:15.2,Mobile,North,Referral,0,Yes,
2059,36779bac-8432-4810-b5bc-5ec3df1658d2,Visit,52:30.9,Desktop,East,Referral,0,Yes,
2060,b8e04686-d9b3-4c21-a508-f61a69d47763,Visit,25:30.0,Mobile,East,Paid,0,Yes,
2061,fbde158d-99d3-4fd1-a879-fc4d9ebaf4a2,Visit,47:06.7,Mobile,North,Paid,0,Yes,
2062,1fe9b57c-c89d-4daa-96d2-2934d400bc9c,View Product,31:34.7,Desktop,North,Paid,0,Yes,
2063,8aeb005b-d449-4945-9218-2ee87f62bd58,Visit,47:26.6,Tablet,South,Organic,0,Yes,
2064,1cdcaac6-3e8c-4977-93bc-1e52bb0516d2,Visit,59:53.6,Tablet,North,Paid,0,Yes,
2065,cf185692-d48b-4060-8856-91d4555247ae,View Product,12:34.0,Tablet,West,Organic,0,Yes,
2066,9c88b103-116e-45b7-b323-5675b16be61d,Add to Cart,32:54.6,Desktop,East,Referral,0,Yes,
2067,00b53e3b-0c68-436d-9ea3-8dc7bd86383a,Visit,17:42.7,Mobile,North,Referral,0,Yes,
2068,dc1038e2-e41d-41ba-8f15-e02323cfa17a,Visit,29:11.1,Mobile,West,Paid,0,Yes,
2069,641712e9-84d6-4a3f-b4f4-a937d432c7c6,Visit,46:40.3,Desktop,North,Referral,0,Yes,
2070,219934ef-c315-4e26-b79c-d33296fb3f36,Visit,06:49.6,Desktop,East,Organic,0,Yes,
2071,636533ee-11e2-416a-a5b1-d96af236aa0d,Visit,11:49.1,Desktop,South,Organic,0,Yes,
2072,7505214c-8a07-47e4-8a3c-ea674d529521,Visit,23:00.7,Tablet,South,Referral,0,Yes,
2073,fd58fcf8-5b0b-4228-84b3-285db1340a9c,View Product,28:09.7,Tablet,South,Organic,0,Yes,
2074,c7a4f593-496a-4151-9072-87fca03edd04,Visit,48:37.3,Desktop,West,Organic,0,Yes,
2075,a6553372-548c-424e-9e41-cabf9081982f,View Product,14:04.4,Tablet,East,Organic,0,Yes,
2076,393a80d9-09b5-4a2f-b434-0459c0c2d1e8,Visit,56:11.0,Desktop,South,Paid,0,Yes,
2077,4a6e9d33-6804-45e9-a399-2f7bf1ba24a6,View Product,00:51.7,Tablet,South,Organic,0,Yes,
2078,7c74ccd0-4185-469e-8df1-af12a6f9ede3,Visit,32:04.0,Desktop,North,Referral,0,Yes,
2079,7c62764b-ddaa-408f-be0e-17481646b386,Visit,04:08.5,Desktop,North,Referral,0,Yes,
2080,b42e794d-fd19-4cf4-83c6-2e73c4cbbb28,Visit,45:13.9,Mobile,West,Referral,0,Yes,
2081,1d93e204-8693-402f-85cc-e797e0acb8e2,View Product,27:47.0,Desktop,West,Paid,0,Yes,
2082,36595b56-f60c-4a5d-9ec7-fd541f0d7c78,Visit,47:18.3,Desktop,North,Referral,0,Yes,
2083,1bf89501-3783-4f9b-aa7f-bb5a7168c4b6,Visit,49:07.9,Mobile,West,Referral,0,Yes,
2084,597977b7-01c4-4d2d-8006-957525c31561,Visit,11:56.5,Tablet,East,Paid,0,Yes,
2085,f27993d0-519c-41cf-abc1-0162559e43f9,View Product,15:59.7,Tablet,South,Referral,0,Yes,
2086,ed80cfd3-2f50-48c4-8574-4c3dc97cc3fd,Visit,18:08.7,Tablet,West,Paid,0,Yes,
2087,ee2f75e9-bd28-4628-a4c0-1abca061bd15,Visit,32:29.6,Mobile,East,Paid,0,Yes,
2088,20f93797-344f-4712-81d7-308fb22f9783,Visit,31:07.2,Mobile,West,Paid,0,Yes,
2089,28ba687e-6c5b-4188-a239-9a57c5e346af,Visit,56:34.0,Tablet,East,Organic,0,Yes,
2090,dadd7f86-59f4-41dc-a3ff-dd59fc68421a,Visit,02:11.6,Desktop,South,Paid,0,Yes,
2091,3289144c-c01e-440e-a8dc-6eae455bde7b,View Product,39:09.3,Mobile,East,Paid,0,Yes,
2092,43687d5e-4b9b-491d-94fc-849ba74130c4,Add to Cart,56:28.7,Desktop,North,Organic,0,Yes,
2093,a58b0821-f53e-49b4-9809-c8f56d8fa279,Visit,24:55.7,Tablet,South,Referral,0,Yes,
2094,0eccc240-b836-4feb-b212-21f4cd011dc5,Add to Cart,58:50.3,Desktop,South,Organic,0,Yes,
2095,fead4f40-3ec2-45b9-a782-81e279da8d90,Add to Cart,43:28.3,Desktop,North,Referral,0,Yes,
2096,ea35013d-8a66-4121-b49f-b5f8e49d89cc,Add to Cart,32:44.5,Tablet,East,Organic,0,Yes,
2097,81c1b8c2-892f-4d92-b479-de07d335d2b5,Add to Cart,47:06.2,Mobile,West,Paid,0,Yes,
2098,927d8dba-684b-4b42-b0fd-c616ee1c7243,Visit,34:51.4,Tablet,North,Paid,0,Yes,
2099,19a6094f-fcc2-4bf1-9154-7f28f1a8b1e2,Visit,26:17.2,Mobile,West,Organic,0,Yes,
2100,0a9d264f-8a2c-443e-8210-00e47458ca51,Visit,33:50.9,Mobile,North,Organic,0,Yes,
2101,ef4d67e7-0eb5-49dc-953f-daa58a58252d,Visit,24:47.0,Desktop,West,Organic,0,Yes,
2102,341e54aa-c0c9-4960-b514-650a9610fbc4,Visit,54:11.0,Mobile,East,Referral,0,Yes,
2103,c047621e-8db7-4342-9d01-609e3c9fbcf8,Visit,09:14.5,Tablet,South,Paid,0,Yes,
2104,d4c60cdd-4988-4f86-a067-f1b7bf7be7a9,View Product,05:03.5,Mobile,South,Paid,0,Yes,
2105,384d1d75-cc5c-4a74-a64c-ab24e59727f1,View Product,20:39.9,Tablet,South,Referral,0,Yes,
2106,5af26adb-48ef-4262-bb39-ba74499c4632,Visit,05:26.8,Desktop,East,Organic,0,Yes,
2107,d1a88111-84b5-4656-94ec-cc2175599fd3,Visit,42:11.3,Mobile,South,Referral,0,Yes,
2108,9bde2413-4e08-41a8-8437-ea0e85648e1f,Visit,07:00.9,Desktop,West,Referral,0,Yes,
2109,9ddc07e5-8f64-4ca6-bb4b-60cbfb33763a,Visit,06:17.8,Tablet,East,Organic,0,Yes,
2110,b26a0d0c-c7d2-434a-a140-6cb5404b597d,Visit,09:12.9,Tablet,North,Organic,0,Yes,
2111,b467ce28-7461-4588-a035-deb79c2370af,View Product,40:37.2,Mobile,North,Organic,0,Yes,
2112,66ccba28-052f-435d-96ad-3473f5413f44,Visit,03:13.1,Desktop,South,Paid,0,Yes,
2113,446617c6-8d20-4d1b-8bca-11c7619587ac,Visit,40:31.0,Desktop,East,Referral,0,Yes,
2114,fd3ed3b5-5cab-4ed7-9417-6c7806cf8c86,Visit,53:10.6,Tablet,North,Referral,0,Yes,
2115,24ed68ab-5946-4b19-9b2e-a15bd0031597,Visit,19:03.2,Tablet,North,Referral,0,Yes,
2116,9ff4ae43-a3f1-4144-8a4e-28326b5050b3,Visit,14:04.3,Tablet,North,Referral,0,Yes,
2117,581429ea-a3c7-47fc-97a5-fd955c4627ff,Visit,23:03.4,Tablet,East,Referral,0,Yes,
2118,40a17786-6727-42ec-ae82-1b81658703a5,Visit,47:22.3,Tablet,North,Organic,0,Yes,
2119,8885f227-5567-4d85-88cc-e755fa677d74,Visit,03:47.5,Desktop,South,Organic,0,Yes,
2120,6ce2725b-12e0-47ca-ae93-eeb33fa8d85f,Visit,58:59.1,Tablet,West,Organic,0,Yes,
2121,99a811ce-3f96-40de-9229-18e24e8a32ec,View Product,36:47.1,Mobile,West,Organic,0,Yes,
2122,708a0c53-cf34-4b3d-8eb4-e1eaa80c0a5a,Add to Cart,55:07.5,Mobile,South,Organic,0,Yes,
2123,7ff5b59a-d4d8-4f24-8136-ad0a1e55fc1b,Visit,56:48.2,Tablet,North,Organic,0,Yes,
2124,390c3d0b-7496-4bba-9388-11a0952a3c91,Visit,02:29.9,Desktop,West,Organic,0,Yes,
2125,9af2d85c-13af-4d46-a3bf-3cfee944d990,Visit,14:51.6,Tablet,East,Paid,0,Yes,
2126,0e363f60-3997-414c-8941-ffe559167e6d,Visit,39:00.9,Mobile,East,Referral,0,Yes,
2127,d0de1a1e-51be-4d01-895c-ace04e77ed2a,Visit,59:53.1,Mobile,North,Referral,0,Yes,
2128,33a7a1ab-32d0-401d-975b-9db26cc62c5e,Visit,49:30.3,Desktop,West,Referral,0,Yes,
2129,81e24c12-64c9-40eb-8738-8ae26d24b94e,Visit,40:06.7,Desktop,East,Referral,0,Yes,
2130,7f8e82ef-94be-4705-ad97-45f2145efc21,Visit,13:34.1,Tablet,West,Referral,0,Yes,
2131,a697ecf3-184d-4c9e-af7e-c0c457e8432f,Visit,57:38.3,Mobile,West,Referral,0,Yes,
2132,494ffeb7-3ced-4cf2-a4fe-3e5b0a83ceaf,Visit,12:51.3,Desktop,East,Paid,0,Yes,
2133,0fd60e35-ead6-4b8e-92d6-b183b54f79c5,Visit,20:01.7,Tablet,South,Referral,0,Yes,
2134,4ab841e7-4a2b-4014-8c04-0255f94349f7,Visit,59:14.3,Desktop,South,Referral,0,Yes,
2135,379e8b46-303f-432c-ba3b-2d14387b926c,Visit,32:56.6,Tablet,North,Paid,0,Yes,
2136,03950c94-fcd7-4588-a416-f50c961c1a56,Visit,25:32.2,Desktop,West,Organic,0,Yes,
2137,1b16dc18-0808-47b5-ae1f-48343f81d67f,Visit,19:08.9,Tablet,East,Referral,0,Yes,
2138,84b7d403-aa26-4d51-86f8-f3a6f314e567,View Product,42:59.9,Desktop,West,Paid,0,Yes,
2139,be919524-3eb8-4fa2-9710-8e276e02f9fc,Visit,24:51.8,Mobile,West,Referral,0,Yes,
2140,e9824018-d7d0-40d1-9c8f-39251e14860f,Visit,17:30.7,Tablet,South,Organic,0,Yes,
2141,ebb2fa6f-4128-4561-8340-841517da7784,Visit,58:41.2,Tablet,South,Paid,0,Yes,
2142,b394ee73-7ef2-46e9-b16e-be26eb633989,Visit,09:05.4,Mobile,South,Organic,0,Yes,
2143,94e02fb5-89b3-49f4-826a-4ecaae3a8672,Visit,11:19.7,Mobile,East,Referral,0,Yes,
2144,a8e5f1a0-387e-45f9-90a5-e0d0a913d387,View Product,58:50.6,Mobile,East,Organic,0,Yes,
2145,116136c3-5a19-4448-b1f9-0c59d27f7b1f,Visit,51:42.4,Desktop,West,Organic,0,Yes,
2146,06137f24-726e-48ed-b87d-62c2ed7ee85f,Visit,08:13.1,Desktop,North,Paid,0,Yes,
2147,ad31dcf6-0aff-41b4-a053-ddee5636f046,Visit,09:18.1,Mobile,West,Paid,0,Yes,
2148,d8250df4-b7d3-48dc-a2eb-f64ae980ee9d,Visit,43:42.7,Desktop,South,Paid,0,Yes,
2149,dcf7199d-19ae-450f-a118-cf869da43374,Visit,12:23.7,Tablet,North,Organic,0,Yes,
2150,df42a268-6b1f-40b8-a561-4ce0396a91d4,Add to Cart,04:36.9,Desktop,South,Paid,0,Yes,
2151,e6e40647-9d9b-413d-9322-51838a910a96,Visit,07:57.7,Mobile,West,Referral,0,Yes,
2152,b7de293a-8a8b-4c82-8a8e-e4332ec58230,View Product,08:11.0,Tablet,East,Paid,0,Yes,
2153,44cc6a22-967d-4e37-bf8e-b6a88b46d9c5,Visit,29:28.6,Mobile,West,Referral,0,Yes,
2154,f9cfe9fe-8e0f-442f-87e1-0fcc92160524,Visit,48:11.7,Mobile,East,Paid,0,Yes,
2155,0a33b868-dafb-488b-9c7d-131249f255ae,Visit,25:03.2,Mobile,North,Referral,0,Yes,
2156,e2444957-48bd-43ae-a037-3e012511fa98,Visit,59:24.8,Tablet,East,Paid,0,Yes,
2157,088a7286-6902-4efc-b664-ece0d9967d90,Visit,40:14.8,Desktop,North,Referral,0,Yes,
2158,457770bc-4aab-47e5-81f3-95a99c63a76e,Visit,01:11.4,Tablet,West,Referral,0,Yes,
2159,f76569ee-a8be-45f0-a4b7-984717a0c973,Visit,54:15.9,Tablet,East,Referral,0,Yes,
2160,ea1f7879-0da4-41e2-8c52-a345fd1a99b2,View Product,25:24.8,Tablet,West,Organic,0,Yes,
2161,ea7aa3bb-addb-4a2d-9197-70d3682a4f90,View Product,37:54.6,Tablet,East,Organic,0,Yes,
2162,bc6d9326-a4e1-455b-aa86-a6206357a216,Visit,29:13.1,Tablet,East,Organic,0,Yes,
2163,09a21f2a-167d-4c27-979e-708de1d7a9fb,Visit,06:33.3,Mobile,North,Paid,0,Yes,
2164,40a136a7-70be-4c54-8ded-e834176c168b,Visit,25:13.6,Mobile,South,Paid,0,Yes,
2165,f43d0bed-9ef7-40a9-a0ec-14c7b10c451d,Visit,54:07.5,Tablet,West,Referral,0,Yes,
2166,61c0b2eb-740a-4883-9f22-58ae2f1760a8,Visit,11:34.3,Mobile,East,Paid,0,Yes,
2167,57be5c66-7aa0-4ebb-bb1d-a9bc9ee06d6a,Visit,24:43.9,Desktop,West,Referral,0,Yes,
2168,51d76273-d7ee-424f-b462-ec1183f9ab3e,Visit,20:49.5,Mobile,North,Paid,0,Yes,
2169,fe500db8-7106-4ebd-92c0-c41cd44a1ae0,View Product,06:09.9,Desktop,West,Organic,0,Yes,
2170,cb52a3d7-7ba4-4414-86fb-c3814d475162,Visit,28:37.0,Mobile,East,Referral,0,Yes,
2171,fc750be8-f954-4c57-a0a7-fce93d746e9c,Visit,29:50.1,Mobile,West,Organic,0,Yes,
2172,e572646f-1bc3-4bca-97bd-a326965869f8,Visit,33:26.5,Tablet,North,Referral,0,Yes,
2173,b17654e1-3e2e-45dc-8396-cac38eb6b7fb,Visit,39:17.8,Desktop,South,Referral,0,Yes,
2174,b8c4f831-35e4-4a45-bb80-86a5ed50403e,View Product,03:22.3,Desktop,East,Organic,0,Yes,
2175,1f7e042e-a86c-4dd4-94b2-93db40b6921d,Visit,10:15.9,Mobile,West,Organic,0,Yes,
2176,459d27d1-f126-4621-b40b-5c61a4ec9f57,Visit,51:31.4,Tablet,North,Referral,0,Yes,
2177,fbc882ad-7174-4e8a-b05a-63a69adf5dac,Visit,57:10.1,Tablet,East,Organic,0,Yes,
2178,76e926dd-922c-404e-98ad-124b54263aff,Visit,16:03.4,Tablet,South,Paid,0,Yes,
2179,d17aba0a-b4fb-490e-a5f8-c3ea7e9cd97c,Visit,52:33.9,Tablet,South,Paid,0,Yes,
2180,7880003b-c059-4542-90cd-fc8e99ec28e5,Visit,00:46.2,Desktop,North,Organic,0,Yes,
2181,f0691e79-aeda-4ba6-989b-4a4a6283a07e,Visit,28:18.0,Desktop,West,Referral,0,Yes,
2182,aa1a3046-d259-42e0-96c9-d8eb8c363843,View Product,34:17.6,Desktop,West,Paid,0,Yes,
2183,108e10e5-3209-4b39-967d-a5e3678bf829,View Product,42:50.9,Desktop,East,Organic,0,Yes,
2184,47b6c407-81dd-4574-8c29-df6c87fb8fab,View Product,53:33.4,Tablet,East,Organic,0,Yes,
2185,1eaa89a6-9540-485a-b456-3e1b19bc91e7,Visit,08:47.4,Mobile,West,Paid,0,Yes,
2186,1bdb4701-df21-4755-8a37-c483931b2604,Visit,09:23.8,Mobile,West,Paid,0,Yes,
2187,fc46d502-06d1-4e62-b12c-e79b41318367,Visit,58:31.2,Desktop,West,Organic,0,Yes,
2188,8caa704f-7851-4651-9af2-f76d8ecf61b1,Visit,21:56.1,Desktop,South,Organic,0,Yes,
2189,65737994-69bb-43b7-abca-5334532b7581,Visit,30:43.6,Tablet,East,Paid,0,Yes,
2190,1490bed7-0f42-4184-97b8-830f402eb02b,Visit,00:13.4,Mobile,North,Organic,0,Yes,
2191,2307fa25-519e-458e-870c-931346d7f038,Visit,19:02.9,Tablet,East,Organic,0,Yes,
2192,696a11a8-4391-40fd-ac15-eca0c9fe88b6,Visit,50:01.4,Tablet,South,Organic,0,Yes,
2193,546236c0-8ef2-4c70-9cb6-449e3865ef38,Visit,57:48.0,Mobile,West,Organic,0,Yes,
2194,3d3f2294-d7bb-49b9-a5e8-26222001b55f,Visit,22:14.0,Tablet,South,Paid,0,Yes,
2195,58378892-4fbd-46bc-a112-1bf58ca91116,Add to Cart,38:11.3,Mobile,North,Organic,0,Yes,
2196,21eebc5b-217f-4b35-a51f-187ca69485a2,Visit,09:10.9,Desktop,North,Paid,0,Yes,
2197,b97969af-bde7-4e66-84ed-60593b738844,Visit,59:17.6,Mobile,South,Referral,0,Yes,
2198,485c28b7-e8b2-41a2-8cc9-9d83a0422fb0,View Product,11:27.5,Tablet,South,Paid,0,Yes,
2199,bc7f1a92-1354-4d45-8887-b377f123c936,Visit,08:34.5,Tablet,West,Referral,0,Yes,
2200,1bb1d0ef-3749-4037-8946-53ee37998581,Visit,53:45.5,Mobile,North,Referral,0,Yes,
2201,0c634c9f-f083-44f2-8bcb-05afee86e307,Visit,58:50.5,Tablet,West,Referral,0,Yes,
2202,e529ab76-cf3b-4dda-84a0-b8b2e226cbdb,Visit,51:43.2,Desktop,South,Referral,0,Yes,
2203,64a80395-a0ba-4596-8099-c85b17d694be,Visit,26:49.4,Tablet,East,Paid,0,Yes,
2204,e9f4ef5f-8e21-462e-ae11-201f5c2a705c,Visit,16:06.0,Mobile,North,Referral,0,Yes,
2205,5fffca28-a40f-4390-a5f4-9016f040341e,Visit,52:58.8,Desktop,North,Paid,0,Yes,
2206,69e21c9e-92fc-4266-8eec-24267fa3cb06,Visit,05:42.0,Tablet,North,Referral,0,Yes,
2207,2e6a8914-dcb2-4dc7-87b3-af8e8dbae0e4,Visit,57:59.9,Desktop,North,Organic,0,Yes,
2208,c62acb60-3e15-4e39-b44b-001df794b7c4,Visit,16:09.9,Desktop,East,Paid,0,Yes,
2209,2cbb78d8-a185-49ee-95b7-ee57ce5b5e84,Visit,18:10.5,Tablet,West,Paid,0,Yes,
2210,69bd1c9f-3357-435c-b710-c492cbeaafa7,Visit,31:35.3,Tablet,North,Paid,0,Yes,
2211,61a76aa6-8641-4a18-a097-0046ca96e08e,Visit,35:54.7,Tablet,North,Paid,0,Yes,
2212,d31617a6-789a-4054-8590-17cdc5792c5a,Visit,27:45.4,Mobile,East,Referral,0,Yes,
2213,9c5a2390-18ec-4103-a816-72fc9506ddb3,Add to Cart,59:35.5,Desktop,South,Paid,0,Yes,
2214,179f5b2c-b455-4ee8-953a-6bf9a60d9e9b,Visit,26:09.1,Desktop,South,Paid,0,Yes,
2215,a18761e2-485f-4390-b8c5-a1e73e9b6a82,View Product,17:32.8,Desktop,South,Organic,0,Yes,
2216,9badbfa8-5354-4ff6-8566-911753502911,Visit,50:01.4,Tablet,South,Organic,0,Yes,
2217,9c179663-c73b-4c7c-b73d-721610809a6e,View Product,17:45.2,Tablet,East,Organic,0,Yes,
2218,a354e78d-01d1-4492-a23c-512c81492911,Visit,45:19.9,Mobile,South,Organic,0,Yes,
2219,9b75cc3f-9f3b-4165-a1c3-f6c41a0fa86e,Visit,26:39.5,Desktop,North,Organic,0,Yes,
2220,35a15976-3e20-495e-8d38-58ad394cd61a,Visit,42:20.6,Tablet,West,Paid,0,Yes,
2221,2052d44f-f778-4a66-acce-ff075e0fab88,View Product,31:03.8,Mobile,North,Organic,0,Yes,
2222,9bdcee1c-b618-4772-80e5-d9e86d6f1224,Visit,07:07.9,Desktop,East,Paid,0,Yes,
2223,10f6a661-cd91-44eb-9ae3-5f95e7def483,View Product,54:38.2,Mobile,East,Organic,0,Yes,
2224,af4d44b8-34f7-45f2-90aa-4cc75504a14d,View Product,17:56.7,Tablet,North,Referral,0,Yes,
2225,9043bee2-7434-4085-b6e4-e1322ea58b04,Visit,55:41.5,Desktop,South,Referral,0,Yes,
2226,75a42a4b-c2e4-42ed-9be5-96c4d45e496c,Visit,12:52.3,Mobile,North,Referral,0,Yes,
2227,6de0a63f-f265-45eb-9091-a47407aa5f4f,Visit,03:47.9,Desktop,West,Organic,0,Yes,
2228,d204b621-6c16-4952-abec-4e20d83cd2cf,Visit,27:16.1,Desktop,South,Organic,0,Yes,
2229,8b0de13f-416b-4087-9955-47634dd8f2a7,Visit,41:52.5,Mobile,South,Organic,0,Yes,
2230,bb499dfb-854d-48de-b4c8-e2fff1a24057,Visit,49:42.9,Tablet,West,Organic,0,Yes,
2231,c742c699-df00-4e05-af41-6462305f1d3f,Visit,57:00.8,Tablet,East,Organic,0,Yes,
2232,4f74fed7-3e99-4115-92e9-6ef997eed791,Visit,10:57.1,Mobile,West,Referral,0,Yes,
2233,13a4c71f-1e1c-47ad-95df-4088783ae460,Visit,28:24.8,Tablet,West,Paid,0,Yes,
2234,d591c3bf-811d-4ea8-bff0-f503cbbc6416,Visit,44:17.0,Mobile,West,Referral,0,Yes,
2235,fc4f6b5a-95cf-45a9-b6ea-f8a3622385ee,Visit,57:52.2,Desktop,South,Paid,0,Yes,
2236,57211850-46e7-4122-a65b-e6f5f5a80c20,Visit,24:40.4,Mobile,West,Organic,0,Yes,
2237,c684a344-edb1-4d48-8edb-367baa9e41a3,Visit,19:03.8,Mobile,South,Paid,0,Yes,
2238,5f378f6c-7d72-45f2-b11e-702402492c87,Add to Cart,35:31.0,Tablet,South,Paid,0,Yes,
2239,3f121ef6-c22c-441c-826e-bf1819b51134,Visit,26:15.6,Desktop,West,Referral,0,Yes,
2240,94312891-ecfd-437b-b0df-aa3d0509f69c,Visit,49:32.8,Mobile,South,Organic,0,Yes,
2241,9c261d2e-5a2b-4152-96d3-c7171e623afc,Visit,48:40.9,Desktop,South,Paid,0,Yes,
2242,4d91cbce-535e-42e2-9719-42c5dcce94ed,Visit,10:40.9,Tablet,East,Organic,0,Yes,
2243,769ecefa-dbad-467c-be5a-cc03eba15bfb,Visit,54:08.1,Desktop,South,Paid,0,Yes,
2244,fc74b7a8-7122-4edb-9f15-9ace98f7726a,Visit,00:33.0,Tablet,East,Organic,0,Yes,
2245,c71cdf51-5b63-44d7-bbf1-1b0bb48d252a,Visit,02:11.0,Mobile,South,Organic,0,Yes,
2246,6c844e46-2232-43e4-985c-f308524965e3,View Product,17:31.5,Desktop,West,Organic,0,Yes,
2247,5d019108-e6e8-4e4a-95ea-dd39b71cfdd5,Visit,25:58.5,Tablet,East,Referral,0,Yes,
2248,69f2470d-4cd9-4c4a-a31c-267433560bbf,Visit,15:11.4,Tablet,East,Paid,0,Yes,
2249,648a7131-9eec-4db0-909b-9200c632883c,Visit,38:08.5,Desktop,East,Organic,0,Yes,
2250,772cebc3-19bd-425c-a4d7-5db5a691b423,Visit,58:23.8,Desktop,East,Paid,0,Yes,
2251,bd150021-df11-4156-b173-b221a1f3eef8,Visit,49:42.2,Desktop,West,Paid,0,Yes,
2252,b5836e03-3235-47b1-b2b3-408c6f566353,View Product,19:41.8,Desktop,South,Paid,0,Yes,
2253,d63dab01-3fd1-4c6e-a121-317ddad667ca,Visit,04:00.4,Desktop,West,Organic,0,Yes,
2254,572dad86-5398-4b79-a52c-3a9700f266ae,View Product,38:19.5,Desktop,East,Referral,0,Yes,
2255,3b6815e5-b68d-4bf3-b095-6b3359fbee8b,Visit,06:42.4,Tablet,North,Referral,0,Yes,
2256,92012d85-4c8d-4a14-b181-0adf7a68cd38,Visit,41:27.9,Desktop,South,Paid,0,Yes,
2257,9a5c6dc0-2d8a-4d01-97b8-cbd8d7f6d72c,Visit,31:48.2,Desktop,South,Referral,0,Yes,
2258,83655fec-4348-4b03-a539-98071bcfe70a,Visit,45:52.9,Mobile,West,Organic,0,Yes,
2259,d41d3043-b4d8-451f-bb0d-e66898e94148,View Product,38:25.6,Mobile,East,Referral,0,Yes,
2260,a5e1527a-dd9f-46ef-a54e-63279a77754a,Visit,46:01.7,Mobile,West,Organic,0,Yes,
2261,f3d734a6-a085-4e66-880a-d79aedf57eac,Visit,07:49.3,Tablet,East,Organic,0,Yes,
2262,5af886d1-c4d9-43a4-8ae4-c4588641039e,Visit,10:38.2,Mobile,South,Referral,0,Yes,
2263,c97eff9f-6cb4-4604-a113-daaa62574c2b,Visit,41:46.8,Mobile,West,Referral,0,Yes,
2264,29cca26a-74d1-43a0-9e5e-9c460370d489,Visit,04:17.2,Desktop,South,Paid,0,Yes,
2265,b88a157b-15f1-48a0-9554-b84a2d28f988,View Product,08:44.5,Mobile,North,Organic,0,Yes,
2266,312ff864-6b92-4e53-8fb3-aa03d0bac3bc,View Product,24:12.9,Desktop,West,Referral,0,Yes,
2267,c6effe73-1e81-4f34-91f4-5135ac4a0811,Visit,07:25.5,Tablet,South,Paid,0,Yes,
2268,0d0d9c35-8270-4132-9361-7ce14dc2b593,Visit,20:21.7,Desktop,West,Referral,0,Yes,
2269,e228954d-94b3-44dd-8571-eb5aae97aa20,View Product,49:43.1,Tablet,South,Referral,0,Yes,
2270,e453f550-31d2-40f3-a42c-0d387434fc34,Visit,02:19.1,Desktop,South,Organic,0,Yes,
2271,c9191a86-e55e-4b6c-9587-4ccbd8b209e7,Visit,59:13.1,Desktop,West,Paid,0,Yes,
2272,8a29a806-8834-4b1c-8b77-6ae86661dba3,View Product,40:26.6,Tablet,North,Organic,0,Yes,
2273,38c7687d-24f1-482a-834e-493e288ba66d,Visit,36:30.8,Desktop,East,Organic,0,Yes,
2274,070df1d9-0078-45c7-8e9d-e64be2c31b0c,View Product,48:03.5,Tablet,West,Referral,0,Yes,
2275,16e8674b-0104-40d7-aad4-6859a79f1303,View Product,10:13.5,Desktop,South,Paid,0,Yes,
2276,4d33ebaa-f4df-4286-8c5d-b3a40ec0a4f7,Visit,45:55.3,Mobile,South,Paid,0,Yes,
2277,c8534b70-8299-4583-8ff4-0f8181c91e2b,Visit,33:11.1,Desktop,West,Paid,0,Yes,
2278,a6de0eae-b1fc-4fab-a885-99b2e024cb61,Visit,53:02.3,Tablet,South,Organic,0,Yes,
2279,665d973d-02aa-427c-84db-69802847a609,Visit,52:42.4,Mobile,East,Paid,0,Yes,
2280,379a4077-ccb5-4815-8ac8-8cfac943506b,View Product,55:24.6,Desktop,South,Referral,0,Yes,
2281,ac371671-6792-441f-98c5-9f44454e7457,Visit,09:32.6,Tablet,West,Organic,0,Yes,
2282,99fa7347-4ac4-4b3e-a71d-c876dc43282b,Visit,10:08.5,Tablet,East,Paid,0,Yes,
2283,cc9ae417-3606-413d-bf15-ae9ba89d92d3,Visit,43:29.2,Tablet,South,Organic,0,Yes,
2284,138c5639-9092-4a8e-969c-742cc1252448,Visit,11:20.8,Desktop,East,Referral,0,Yes,
2285,95fdda9b-3565-42e0-81a6-ced859a3ac54,Add to Cart,13:59.7,Mobile,South,Paid,0,Yes,
2286,91d7a8c8-6145-4840-8b27-fe475ac14fa6,Visit,51:12.9,Desktop,East,Organic,0,Yes,
2287,98464cff-0bab-4453-bcac-8a3dd917a014,Visit,34:08.1,Desktop,West,Referral,0,Yes,
2288,98e17b3b-42a8-419e-ba13-58f66d274533,Visit,33:14.7,Mobile,East,Paid,0,Yes,
2289,93dfbabf-4a7c-4eb4-b3eb-246d890e0970,Visit,04:15.8,Tablet,West,Organic,0,Yes,
2290,47d2eea4-b80c-4512-82a0-9e9aef51b573,Visit,37:01.2,Desktop,West,Organic,0,Yes,
2291,250925fd-dc67-4d17-b161-68e011b13cb1,Visit,19:08.8,Desktop,South,Organic,0,Yes,
2292,72a02405-916e-49ad-8414-8eb14056f228,Visit,57:59.0,Mobile,South,Organic,0,Yes,
2293,4401c7d4-9879-4d45-8a41-79254c04f43d,Visit,24:57.6,Desktop,East,Paid,0,Yes,
2294,2d0c1aa1-5598-4813-b12e-ec1f2e55561a,Visit,56:02.0,Desktop,North,Organic,0,Yes,
2295,0c2a0674-b4c9-435e-bbe5-182ef5b56b7a,Visit,38:32.9,Tablet,South,Organic,0,Yes,
2296,190dd350-e2b9-4bab-9f03-4d14d4222ed3,Visit,18:07.1,Desktop,East,Referral,0,Yes,
2297,a6e1a64b-5d90-47cc-a7a5-ca6fd4aab098,View Product,25:09.0,Tablet,South,Paid,0,Yes,
2298,ae322eac-7407-4167-a385-2a8247b40835,Visit,55:40.0,Desktop,North,Referral,0,Yes,
2299,1938736d-f09c-4bb2-80a8-254d442fa90b,Visit,47:58.7,Mobile,East,Referral,0,Yes,
2300,018753c0-ab30-4dfa-8e09-1d6ca820e5fd,Visit,25:12.1,Mobile,West,Paid,0,Yes,
2301,94041868-9169-436b-9c82-cf46d2a2d33e,Visit,41:57.0,Mobile,North,Referral,0,Yes,
2302,8fb2d98e-f947-4651-bc5b-45c577346d04,Visit,16:06.8,Tablet,South,Referral,0,Yes,
2303,c2101bc3-f483-48b6-8af2-e2e130fa3c0a,View Product,14:55.6,Desktop,West,Paid,0,Yes,
2304,d08b8853-d000-4ea7-890d-7946cf722a65,Visit,51:53.6,Tablet,North,Organic,0,Yes,
2305,80905b90-7525-4482-b136-d4302184bbc7,Visit,32:40.9,Mobile,North,Referral,0,Yes,
2306,b50136c6-feb4-44c5-8aed-5456ad675b2d,Visit,41:34.0,Desktop,South,Referral,0,Yes,
2307,8aa5a378-ba8c-46b2-ba70-95b1db1a05be,Visit,37:24.0,Tablet,East,Organic,0,Yes,
2308,2febff86-cf46-48cd-ac14-f1983fd50f82,Purchase,33:08.9,Desktop,East,Paid,303,No,No
2309,0c49a085-9c31-44e7-8110-66bfae908b32,Visit,47:26.6,Desktop,East,Organic,0,Yes,
2310,208786ac-3029-4c75-a3c1-3384d6bbee5c,Visit,45:03.9,Mobile,South,Paid,0,Yes,
2311,8f08a264-ec23-4d83-a0f5-09d735ea4e6f,Visit,54:18.1,Tablet,West,Referral,0,Yes,
2312,1c2a32ec-26da-4c59-99d0-3b3ad8fcc1dd,Visit,04:09.3,Mobile,East,Referral,0,Yes,
2313,7d4c08fa-9acf-4570-abaf-237a456e17e3,Visit,10:58.6,Tablet,West,Referral,0,Yes,
2314,cc4e2fd4-5c46-45c6-88fe-9a0a3c3573dc,Visit,57:18.1,Desktop,North,Paid,0,Yes,
2315,bdc69f49-fa79-4f5d-9b34-8365956595d4,Visit,33:57.3,Desktop,East,Organic,0,Yes,
2316,00a30496-561a-4ea7-a0d0-0510916dacdc,Visit,59:21.9,Tablet,North,Referral,0,Yes,
2317,050968f3-aa81-47c9-884f-2210a5f984bd,View Product,16:52.4,Desktop,West,Paid,0,Yes,
2318,0293c1be-0b30-45b1-943d-a7c035356cd7,Visit,28:11.6,Desktop,North,Paid,0,Yes,
2319,1c418054-e699-4592-92cb-5d03766fcbcc,Visit,31:56.0,Mobile,South,Organic,0,Yes,
2320,6c7d93e1-7856-474d-b193-75f36bd06fab,Visit,13:21.7,Desktop,East,Paid,0,Yes,
2321,6c239ebc-a778-4fdc-b675-5b787d2ab0f1,Visit,23:47.0,Mobile,East,Paid,0,Yes,
2322,e78cd93b-6910-4b32-8813-df5df96fc688,View Product,40:52.9,Tablet,West,Referral,0,Yes,
2323,8c7c70f8-f492-4a78-b128-e0667857d7b7,Visit,50:45.9,Mobile,South,Referral,0,Yes,
2324,e2df255d-de5a-44a4-8687-e212b6566963,Visit,49:27.6,Desktop,East,Organic,0,Yes,
2325,7eb6bbdc-3e1e-4acd-9703-bca5d5e1223d,View Product,01:29.4,Desktop,South,Paid,0,Yes,
2326,f4fe61f2-4c55-42a3-94a3-6466e47fffc5,View Product,39:22.6,Mobile,South,Organic,0,Yes,
2327,ed97e908-379e-42c8-85cd-5f5f20863029,Visit,50:41.3,Desktop,West,Referral,0,Yes,
2328,6b560e04-8fa1-4684-b9a4-b8dff4d15b79,View Product,39:08.9,Mobile,East,Organic,0,Yes,
2329,08a8693e-1c69-4f15-8357-5c1f5d490d6f,View Product,32:48.5,Tablet,North,Paid,0,Yes,
2330,341ccd28-a132-43f0-9bae-b27e75db6f9c,Visit,27:40.6,Mobile,North,Organic,0,Yes,
2331,c9f1242c-bf1d-4339-8b15-69a7e62dae16,Visit,15:32.9,Mobile,South,Organic,0,Yes,
2332,96c55651-2981-479b-88e1-66efce3b303e,View Product,55:04.5,Mobile,East,Referral,0,Yes,
2333,77a8743a-9d36-4b84-bf5e-31dcce8d3526,Visit,21:43.9,Mobile,North,Paid,0,Yes,
2334,e8d06d3a-fb91-4a23-910c-7ac0557c612d,Visit,03:41.0,Desktop,West,Referral,0,Yes,
2335,3dd49970-62e0-4caf-a594-b926f7f4e06b,Visit,09:18.2,Tablet,West,Paid,0,Yes,
2336,81dcdc03-a4fa-4a1b-9caa-2d9cb92c6480,Visit,52:48.8,Desktop,South,Referral,0,Yes,
2337,75ae5598-c730-4ddd-b1fa-5b7e6c2d1c1a,Visit,10:50.6,Tablet,East,Organic,0,Yes,
2338,5009c740-ae1b-478a-945a-69dea9ae7c3a,Visit,07:44.8,Desktop,South,Referral,0,Yes,
2339,6043f811-e6ab-4ea7-8d4a-288ece5bed3c,Visit,11:36.5,Mobile,South,Paid,0,Yes,
2340,83acf382-d614-4d2b-aa47-035530031ceb,Visit,47:16.8,Mobile,West,Referral,0,Yes,
2341,853dc2e0-bc53-4461-867a-c61ab4a9db98,Visit,46:24.1,Desktop,North,Paid,0,Yes,
2342,28ca440b-510d-496b-84cd-3a0aa5487ca6,Visit,35:21.0,Mobile,East,Paid,0,Yes,
2343,b0dd7396-b9dd-41da-815e-0e1710c3e34c,Visit,59:13.5,Tablet,South,Referral,0,Yes,
2344,e6d6ab22-73a9-41ab-9ec9-d9f8bef56f9c,Visit,59:24.5,Desktop,West,Referral,0,Yes,
2345,a0dcbae1-cc65-461b-9e9a-2512115693a0,View Product,53:09.6,Mobile,East,Organic,0,Yes,
2346,407d3f89-4d61-43f1-a964-1f1fe347d444,Visit,00:14.4,Tablet,East,Organic,0,Yes,
2347,c44a5c20-773c-47ff-a88a-3c42dc3f8037,View Product,48:15.9,Tablet,West,Referral,0,Yes,
2348,48357273-deb2-403b-846c-eced6d39867f,Visit,11:34.7,Tablet,West,Paid,0,Yes,
2349,51f60958-60c1-4b5d-8c73-d55025f71ae5,Visit,35:49.1,Mobile,West,Referral,0,Yes,
2350,c4038aad-edb6-48b1-bbc6-23e3bf933de5,View Product,21:11.6,Desktop,North,Referral,0,Yes,
2351,fcdd4692-9ee4-4334-9d97-135e962fb5b2,Visit,39:31.5,Mobile,North,Paid,0,Yes,
2352,60e88a06-6dae-401d-8c05-0b68d3816a05,Visit,31:26.1,Tablet,South,Paid,0,Yes,
2353,2a729776-1245-4460-92c2-1dff5598725d,Visit,20:15.4,Tablet,North,Organic,0,Yes,
2354,110e97b7-230d-4779-ad27-b3f80b139da0,Visit,13:44.8,Mobile,West,Referral,0,Yes,
2355,a7fbfce2-8717-438f-bdf2-e0955ed61881,Visit,29:04.1,Tablet,West,Paid,0,Yes,
2356,e84bbdf4-5805-4b23-99aa-2cc08e69d20c,Visit,23:18.4,Desktop,West,Paid,0,Yes,
2357,17026cc9-a204-4102-920d-edfa4f4483ba,Visit,34:59.0,Tablet,West,Organic,0,Yes,
2358,d982915f-46d0-442c-914a-224c67a7c9d9,Visit,41:48.6,Tablet,South,Paid,0,Yes,
2359,5751d107-fb57-4e77-b53a-ec64f36ab434,Visit,01:32.3,Mobile,West,Referral,0,Yes,
2360,122c0a39-8b97-47ff-a901-a26de3be5329,Visit,48:58.7,Mobile,South,Paid,0,Yes,
2361,59b6434d-1782-4325-8c00-3ae4b91c55b9,Visit,44:38.1,Desktop,North,Referral,0,Yes,
2362,c21e98c1-f7fd-4786-9ad8-642c8bb4acf3,Visit,34:58.0,Mobile,West,Referral,0,Yes,
2363,ffcdcb56-7fb9-483d-80f7-346a3d408fe9,Visit,34:32.4,Tablet,South,Referral,0,Yes,
2364,ff547e41-8d54-4299-aa95-5e9e6a934bd0,Visit,14:39.8,Mobile,West,Organic,0,Yes,
2365,5e15e98b-703d-4bc2-8802-7a85f2dbb11f,View Product,50:40.4,Mobile,North,Referral,0,Yes,
2366,652f750c-195b-4370-bba1-564d55593d99,Visit,49:28.3,Mobile,North,Referral,0,Yes,
2367,581ac57c-ec0a-43bf-8b29-5c11c28861d6,Visit,27:07.1,Mobile,South,Organic,0,Yes,
2368,cfa0076d-8753-44fe-bce2-3b875007b13c,Visit,50:04.5,Tablet,East,Organic,0,Yes,
2369,5d14cc82-372a-4276-b55d-270ec657b4f1,Visit,51:55.4,Desktop,West,Paid,0,Yes,
2370,85cd10eb-ea24-4ff7-848d-f343e16c2cf2,View Product,05:02.3,Desktop,East,Referral,0,Yes,
2371,f58cc21f-51ca-4f0f-9559-e8d56323992e,Visit,43:53.4,Desktop,South,Paid,0,Yes,
2372,e05aeafc-7ca6-4f55-91d8-39e6422d331d,Visit,19:27.6,Tablet,East,Referral,0,Yes,
2373,d1e153ac-0514-452a-9035-3ca22e577f55,Visit,16:38.0,Desktop,West,Referral,0,Yes,
2374,1088bbf8-3e4e-44c5-b3d0-6052d57fcc79,Visit,13:43.6,Tablet,North,Organic,0,Yes,
2375,61af1ef9-0610-4d17-bd5b-a69afedbbce3,Visit,15:56.3,Mobile,North,Paid,0,Yes,
2376,bfc95883-4306-47c5-8a37-a6492ff93b25,Visit,57:29.5,Mobile,North,Organic,0,Yes,
2377,380ac2ce-422e-47e5-be29-d0c5f15e6a3d,Visit,43:25.6,Desktop,South,Organic,0,Yes,
2378,123aa372-5a56-4971-8d9b-b82d7f9f589c,Visit,15:38.0,Desktop,North,Referral,0,Yes,
2379,f34f54be-e2ea-4364-8103-dbb7c539cebc,Visit,51:48.6,Mobile,East,Organic,0,Yes,
2380,ab1f55c4-4b98-492c-8dc4-65c19b300425,Visit,04:44.3,Mobile,North,Referral,0,Yes,
2381,9b9aea92-b567-474a-b42f-443d1ba33396,Visit,15:24.8,Tablet,East,Organic,0,Yes,
2382,3bdef616-492d-4710-884a-13b97bcf4db0,Visit,15:11.0,Tablet,North,Referral,0,Yes,
2383,30e67b39-6c3f-4345-a572-25fc35875347,View Product,26:20.3,Tablet,East,Paid,0,Yes,
2384,1fdcc6ee-4099-4871-ba82-5adcb6225fea,Visit,15:35.9,Tablet,East,Paid,0,Yes,
2385,fb4df313-cb49-4917-9a94-c3e1ac4059c3,Visit,42:05.8,Desktop,South,Referral,0,Yes,
2386,f9bb3229-214c-4ef1-909b-feb67cf66e53,Visit,23:44.2,Mobile,South,Referral,0,Yes,
2387,c738a8a4-b980-41d4-a45d-b9241f944c86,Visit,33:02.8,Desktop,South,Paid,0,Yes,
2388,7d60b0d3-fd3e-4c46-a915-8e4c72f871a9,Visit,07:47.7,Desktop,West,Paid,0,Yes,
2389,ecccad11-3ebf-45b1-a978-154f0545833b,Visit,13:49.5,Desktop,East,Organic,0,Yes,
2390,042ca911-a98c-4341-9600-0abe025dc739,Visit,28:56.6,Tablet,East,Referral,0,Yes,
2391,1defb1bf-cf2d-479f-8014-5fe8e1f11638,Visit,18:55.5,Desktop,East,Organic,0,Yes,
2392,f49b7231-44a3-49d4-aa5c-20b7e6f226b4,Visit,06:53.6,Tablet,East,Organic,0,Yes,
2393,69068018-73be-46d7-83c4-c127ade84518,Visit,42:27.0,Mobile,South,Referral,0,Yes,
2394,13f3bf62-6e14-47cb-b805-92eb610b9438,Add to Cart,26:10.3,Tablet,North,Referral,0,Yes,
2395,eb731346-e57e-4e80-9bfc-d3fbf1995343,Visit,35:53.4,Mobile,West,Referral,0,Yes,
2396,2bbb1dfd-0666-46f9-940f-d6a9635f1413,Visit,59:46.3,Tablet,South,Paid,0,Yes,
2397,1753d489-83c3-4f00-b782-4166c72d107b,Visit,31:54.8,Tablet,West,Referral,0,Yes,
2398,94dd5240-c145-4bdb-9874-20fd8623c48f,Visit,10:49.6,Mobile,South,Paid,0,Yes,
2399,5b43521d-f066-4606-87fd-610c6e087984,Visit,41:31.1,Mobile,West,Organic,0,Yes,
2400,3cf77528-c36b-439c-8c1f-44f5bcfed5cf,Visit,17:05.0,Tablet,East,Organic,0,Yes,
2401,e032f0f3-c1fb-4fe2-a4c6-93ff6ef342e1,Visit,58:57.8,Tablet,South,Organic,0,Yes,
2402,82672043-0ac5-49b5-9b13-fdf24e982b25,Visit,00:59.3,Mobile,West,Organic,0,Yes,
2403,05529f6e-5256-4d83-bb56-f7925690f31b,Visit,57:48.2,Desktop,West,Referral,0,Yes,
2404,57508748-805c-4dc0-aa86-099c4cd6d567,Visit,16:07.8,Desktop,West,Organic,0,Yes,
2405,3801948f-f30a-494c-8a92-35c1240ccf22,Visit,44:34.2,Tablet,East,Organic,0,Yes,
2406,7687919c-2314-4cb8-bf6a-cef0fb39abd8,Visit,51:51.1,Mobile,East,Organic,0,Yes,
2407,3ef6cccf-594f-49f7-8b01-577eb38943d5,Visit,46:58.2,Desktop,South,Organic,0,Yes,
2408,581236ba-a836-49ed-b3e8-e05eb00812a0,Visit,59:46.4,Desktop,South,Referral,0,Yes,
2409,84963a8d-5ee3-481e-a4a5-0338fc65bbe4,Visit,02:35.5,Mobile,South,Organic,0,Yes,
2410,4a71c8f1-0da1-4dc1-8471-a19df40847ed,Visit,30:34.8,Desktop,East,Paid,0,Yes,
2411,313466ce-6bbf-4993-825c-6cb04ba9ebda,Visit,25:17.3,Tablet,South,Organic,0,Yes,
2412,65936b16-f85f-43ba-a46a-7ac2345ac4f7,Visit,53:16.9,Desktop,West,Paid,0,Yes,
2413,c25a8eb8-3151-4b84-b548-70f496afbbda,Visit,43:55.7,Tablet,South,Paid,0,Yes,
2414,017841c8-809e-4419-a0f8-1f8cacd87f48,Visit,14:43.1,Mobile,North,Paid,0,Yes,
2415,08f673b5-f140-4c86-a1d7-0c9ec42b3630,Visit,38:31.6,Desktop,North,Organic,0,Yes,
2416,94b588bd-5441-44d6-946d-cc81dd38eb22,Visit,07:19.8,Tablet,North,Referral,0,Yes,
2417,57a6854d-955e-4be7-a0e2-3f8e3cedf90d,Visit,51:51.4,Mobile,East,Referral,0,Yes,
2418,c2670550-45db-41d6-96e1-27908593fbc7,Visit,29:20.8,Desktop,North,Paid,0,Yes,
2419,bbc68e98-e14a-4573-8e9c-f4dc793a98e5,Visit,48:21.4,Tablet,East,Referral,0,Yes,
2420,6c262811-14e5-474e-819a-c0edeb2954f3,Visit,12:01.1,Mobile,North,Paid,0,Yes,
2421,b704bea9-a3cb-4223-9f45-016f1c85b340,Visit,56:01.4,Desktop,South,Paid,0,Yes,
2422,ea2e33f2-2969-4f4e-9a83-254048ddbeec,Visit,19:55.0,Mobile,East,Organic,0,Yes,
2423,c3a3a6d1-33db-46dd-8195-05f308472fcd,Visit,41:14.3,Mobile,West,Organic,0,Yes,
2424,08fe112a-ba4d-4e62-bad1-28ba1f3af11c,Visit,50:40.7,Desktop,North,Referral,0,Yes,
2425,caad533f-bb2b-4d33-90f3-254010c1d378,Visit,57:26.9,Desktop,South,Referral,0,Yes,
2426,1b0da0ee-303d-42a1-b9e3-104afbba180b,Visit,26:40.9,Desktop,South,Referral,0,Yes,
2427,b6c9e9a2-af1c-489f-b343-3060fd40921e,View Product,22:08.2,Desktop,East,Paid,0,Yes,
2428,a0b08192-6426-422f-86fa-d0cc1a9fbc80,Visit,25:21.1,Desktop,South,Paid,0,Yes,
2429,9f4bfc1f-199f-4b92-a6d2-7fc54826d016,Visit,19:13.7,Desktop,South,Paid,0,Yes,
2430,39c88d4e-535f-44e6-8bfc-475855dcde70,Visit,25:52.5,Desktop,South,Organic,0,Yes,
2431,82f0995e-fdfb-4018-8da2-7707603967ce,Visit,29:15.9,Mobile,West,Paid,0,Yes,
2432,33477a7a-516b-44a5-9efd-2047cd151c3d,Visit,13:25.6,Tablet,West,Paid,0,Yes,
2433,e5737723-a8af-4672-8386-77b0fb2a9062,Visit,32:18.0,Desktop,West,Referral,0,Yes,
2434,bdbd713b-1b43-4d5d-ba50-212a245d8db7,Visit,42:53.1,Tablet,North,Paid,0,Yes,
2435,5886a4f2-1538-4e72-8f3a-67c17ecd7b4d,Visit,44:00.6,Tablet,West,Paid,0,Yes,
2436,c1874356-6e9f-4d20-9b54-d22b7cee6b39,Visit,24:53.6,Mobile,North,Referral,0,Yes,
2437,f4da96d0-81b9-444b-89d8-fb045917943a,Visit,45:52.1,Desktop,North,Referral,0,Yes,
2438,9d46976e-d151-410f-beda-5f53367ca0a5,Visit,53:54.2,Mobile,North,Paid,0,Yes,
2439,bf343912-ade9-49c7-a6f6-11ea25e3161e,View Product,59:33.5,Mobile,North,Organic,0,Yes,
2440,dd6f1e16-82be-434f-a621-725ec6b9c243,Visit,04:50.4,Tablet,East,Paid,0,Yes,
2441,fdd6f8b1-4fe4-4033-bcf8-0c60dba47967,Visit,43:46.6,Desktop,West,Referral,0,Yes,
2442,eff564a5-0724-4a74-a565-9ec1489ee237,Visit,17:04.6,Desktop,East,Referral,0,Yes,
2443,67eb110a-8480-4bef-9179-c65fd21fb645,Visit,43:30.0,Tablet,East,Organic,0,Yes,
2444,1105d3f9-33ee-447b-9965-b7f33865ef98,Visit,01:36.3,Mobile,West,Referral,0,Yes,
2445,c0bc9edd-9031-4f69-9a76-9c8a54bd5a53,Visit,21:13.0,Mobile,West,Organic,0,Yes,
2446,b2a4002e-b466-43b2-930d-bcfe360ff5b2,Visit,58:30.9,Mobile,West,Paid,0,Yes,
2447,e3c5c49a-2aca-468a-a92e-737bf6800091,Visit,58:25.5,Mobile,East,Referral,0,Yes,
2448,c157598f-0648-423d-9f67-df9003674ffd,Visit,37:29.1,Tablet,South,Organic,0,Yes,
2449,92446a67-ae07-4de9-8872-ae28a5338c78,Visit,35:49.2,Tablet,West,Referral,0,Yes,
2450,1dccceaf-d74d-40a3-a958-c2a61f06c273,Visit,47:24.9,Mobile,North,Organic,0,Yes,
2451,8f8ee55e-cfa1-47df-ae4e-a012098564f7,Visit,12:27.7,Tablet,West,Organic,0,Yes,
2452,60456e82-f13f-4066-8d12-6171a21ee107,Add to Cart,37:55.3,Mobile,North,Organic,0,Yes,
2453,198e6e60-2a09-4991-a809-aa2252c82f36,View Product,28:59.8,Mobile,East,Referral,0,Yes,
2454,28dc884c-74a8-4165-ac90-d3453b48b541,Visit,50:10.9,Desktop,North,Organic,0,Yes,
2455,473b8790-93fb-41c8-b4aa-75d59a6a62b8,Visit,12:16.9,Mobile,West,Referral,0,Yes,
2456,a8b419b8-99a1-42f6-a574-9c8fbdf19920,Visit,28:30.3,Desktop,North,Paid,0,Yes,
2457,8f48b4b9-bcba-4c7b-93f3-70accfb95cbb,Visit,20:00.3,Desktop,East,Organic,0,Yes,
2458,478a75c7-e3ab-4a41-a80d-5b297710d81e,Visit,55:46.8,Desktop,West,Referral,0,Yes,
2459,32f51718-79db-47d9-b298-dfd255263443,Visit,51:38.4,Tablet,East,Organic,0,Yes,
2460,048c2ddc-72da-4fbc-8986-1c2de4ac3f1e,Visit,17:53.3,Desktop,West,Referral,0,Yes,
2461,328a9715-b4a0-4fd5-b434-266e1dbda205,Visit,45:21.5,Mobile,North,Organic,0,Yes,
2462,9716ba24-735d-44d4-a209-5ebf9126e181,Visit,07:26.2,Desktop,East,Referral,0,Yes,
2463,e96f7bae-45c6-4305-8f70-70f4fb96278c,Visit,40:35.8,Desktop,East,Referral,0,Yes,
2464,24c56302-0065-4ded-9732-cd6faf58d8b2,View Product,49:52.1,Desktop,East,Organic,0,Yes,
2465,1c5dc90b-af82-4d60-aa44-73eb4470785e,Visit,01:26.3,Mobile,West,Referral,0,Yes,
2466,cdb81e48-f9cb-4726-b851-e10796f2e103,Visit,55:29.2,Mobile,North,Organic,0,Yes,
2467,0cf678d2-c52b-4cdc-8037-f2d1d974e7c7,Visit,29:24.5,Desktop,West,Referral,0,Yes,
2468,a72b12ef-7547-4ba7-b5ec-7cac36652baa,View Product,56:23.2,Desktop,West,Referral,0,Yes,
2469,8188a9bc-c816-4029-b5ec-28bbf487a105,Visit,03:27.8,Mobile,East,Paid,0,Yes,
2470,4396dfbe-d31b-458e-8f88-4d4756897a01,Add to Cart,32:41.1,Desktop,East,Organic,0,Yes,
2471,5a6ae58b-3082-4762-baba-1ea018fb278b,Visit,44:07.6,Tablet,North,Organic,0,Yes,
2472,33371111-044c-4445-89a5-a6b87353e9bc,Visit,10:44.7,Tablet,North,Organic,0,Yes,
2473,c84bb306-26c0-4209-a60a-d060be153faf,Visit,04:36.4,Desktop,West,Referral,0,Yes,
2474,91831b94-ad55-44ae-add0-eaccce2a2644,Visit,00:30.1,Mobile,East,Organic,0,Yes,
2475,006ba6b3-05b4-4d7c-a55c-b0c5b42e6278,Visit,07:37.9,Mobile,South,Referral,0,Yes,
2476,8151f3ae-36a3-4c62-a187-e8042f9fe483,Visit,03:32.5,Mobile,West,Organic,0,Yes,
2477,73687648-e1e1-484d-8bbd-6eec411048cd,Visit,07:23.7,Tablet,West,Paid,0,Yes,
2478,f77422c7-2775-4bfd-a156-3b9e1a3db7c3,Visit,35:44.3,Tablet,West,Referral,0,Yes,
2479,23608fdd-6262-4ddc-b925-fa43fa514d65,Visit,08:41.4,Tablet,West,Organic,0,Yes,
2480,4da68467-941d-4da7-8d2e-7274e57890ed,Visit,59:58.1,Desktop,West,Organic,0,Yes,
2481,53f8a1aa-b565-42cf-8f7e-7b27be0673e7,Visit,10:08.4,Desktop,South,Paid,0,Yes,
2482,8e8b8aea-9112-484b-86e9-d2819152309b,Visit,40:44.6,Desktop,South,Organic,0,Yes,
2483,8032ff7c-c60f-474e-b524-eb0a61bfcf0a,Visit,56:43.3,Tablet,South,Referral,0,Yes,
2484,c89486e5-5be9-453c-abf8-c1304ccb9457,Visit,40:05.8,Desktop,West,Organic,0,Yes,
2485,45eba8a8-4b20-40d0-9218-d43eb37179be,Visit,28:03.7,Mobile,East,Referral,0,Yes,
2486,45cd6a59-ca22-4f62-ac25-1b82283d4f1a,View Product,55:32.4,Mobile,West,Referral,0,Yes,
2487,d71ffc12-5f38-47f1-a16d-3fdfe3ee7fd6,Visit,39:49.4,Mobile,East,Paid,0,Yes,
2488,792ef1b0-b60e-4093-b87e-b2846384f72f,View Product,57:47.0,Mobile,East,Referral,0,Yes,
2489,a53889ca-76bd-48bb-9b3e-1e5abc3dbf2c,Visit,42:52.4,Tablet,East,Organic,0,Yes,
2490,11d6493c-9343-45a0-ace1-ccc046d99acb,Visit,55:34.1,Desktop,North,Paid,0,Yes,
2491,15b06d56-6ae7-43c6-97c6-dc3841534cad,Visit,42:29.5,Desktop,West,Organic,0,Yes,
2492,d250e6c8-be26-4af7-8820-72ca8eb5ecc1,Visit,27:50.8,Desktop,East,Referral,0,Yes,
2493,0e94f201-18aa-46ac-bbfc-0e0fe99fcc19,Visit,41:03.7,Mobile,West,Organic,0,Yes,
2494,636f6a02-5d5b-4107-85a2-04aef0ac06af,Visit,05:50.3,Desktop,East,Paid,0,Yes,
2495,261baf0b-442e-4c02-8631-f5f32a55e53a,Add to Cart,35:33.0,Mobile,East,Referral,0,Yes,
2496,591b4163-cc00-456e-9d6d-1c8ee1297470,Visit,46:57.1,Tablet,West,Referral,0,Yes,
2497,e45ec3d7-cfc0-4139-bd1d-1abdee37d592,Visit,27:37.1,Tablet,East,Paid,0,Yes,
2498,de8c9d4e-5b3d-4736-ba2c-3f6f88d6ca8c,Visit,29:10.4,Mobile,West,Organic,0,Yes,
2499,6dc77802-d752-4b67-9865-77820c64ceb1,Purchase,48:22.1,Desktop,North,Paid,621,No,No
2500,4065779c-9e88-4243-ad69-5da0b4510f35,Visit,15:55.4,Tablet,West,Paid,0,Yes,
2501,114d6eac-4f6b-4fc1-8736-0d08f752613f,Visit,46:00.9,Desktop,West,Referral,0,Yes,
2502,da308f79-4be6-4eb1-b70a-c03a7638d65d,Visit,41:15.9,Tablet,West,Organic,0,Yes,
2503,344e27b5-96da-4dc5-baf1-4dbac051009e,Visit,07:39.5,Mobile,North,Organic,0,Yes,
2504,5d5ce6fd-65db-4953-8218-64b8ef2ddee8,Visit,19:48.9,Desktop,North,Organic,0,Yes,
2505,cf15c60e-caa7-45b0-a3ee-c2eaeb1061b6,Visit,11:54.9,Desktop,West,Organic,0,Yes,
2506,59ee4407-acec-44f3-842e-037fb10508c4,Visit,20:57.8,Tablet,West,Paid,0,Yes,
2507,d0b1a1ce-91cf-4e30-8dea-e85db033e1e6,Visit,23:19.4,Mobile,North,Referral,0,Yes,
2508,bdd1dbba-6d23-485d-bb72-dcbf08c1f502,Visit,29:29.5,Tablet,South,Organic,0,Yes,
2509,28e4bd80-6eb6-4172-8a41-b7dce5fd8eca,Visit,05:08.1,Tablet,South,Referral,0,Yes,
2510,9ebfc42a-49cb-44f0-a764-f6b8cd776ad0,Visit,56:03.3,Mobile,West,Referral,0,Yes,
2511,332606ae-405b-4972-9a6b-2eb83a78d56a,Visit,40:47.1,Desktop,North,Paid,0,Yes,
2512,4250fe6d-1ae8-41d8-aa59-61d4b9b86dcd,Visit,24:54.2,Desktop,West,Referral,0,Yes,
2513,d35a1e24-b39a-4f9b-bf81-08eb1f10071e,Visit,36:11.5,Desktop,South,Organic,0,Yes,
2514,d1099d65-56dd-4772-92ce-b7243720d0e4,Visit,09:30.3,Tablet,North,Paid,0,Yes,
2515,37912cab-d917-4c1f-a48b-7da95247aa08,Visit,36:51.6,Mobile,North,Referral,0,Yes,
2516,2cd51098-1361-4e7b-bad1-a302c8c75c16,Visit,34:07.8,Mobile,South,Referral,0,Yes,
2517,b352cb42-58ae-47b9-84e6-4395627d4e8f,Visit,40:05.0,Tablet,East,Organic,0,Yes,
2518,e69db32a-b977-4c18-8a8f-b59c9f2e39ad,Visit,48:13.7,Mobile,North,Organic,0,Yes,
2519,893fa01e-ad2b-46da-8db8-611309ea1d7e,Visit,45:26.8,Tablet,North,Organic,0,Yes,
2520,5f1c5c32-7ecf-4433-9143-c13c6d0ea57c,Visit,01:40.2,Desktop,South,Paid,0,Yes,
2521,0a5139b4-c4ef-4a50-aab1-6a7029a8a272,Add to Cart,09:35.0,Desktop,East,Referral,0,Yes,
2522,217fc88d-b598-464b-a5ac-52fd491f85d4,Visit,13:34.0,Desktop,West,Paid,0,Yes,
2523,4f662f5c-0eb0-420a-a498-e0a793ad3667,Visit,50:59.9,Mobile,West,Referral,0,Yes,
2524,07a01ad7-9f5a-4170-992d-f75aaf385bc0,Visit,17:05.3,Desktop,East,Organic,0,Yes,
2525,d729b26c-20bd-404e-9163-5d4f6eb2b2f7,Visit,40:01.9,Tablet,South,Organic,0,Yes,
2526,893edb4e-27a7-4eee-b430-f2dfbd10bf66,Visit,20:31.8,Tablet,South,Paid,0,Yes,
2527,e4239705-b9c2-4ce1-8535-8cc51a160c12,Visit,39:29.8,Tablet,South,Referral,0,Yes,
2528,8c741364-2234-490e-b7de-b5f61a5786a3,Visit,35:45.6,Tablet,South,Organic,0,Yes,
2529,39dd7731-e75c-416e-90ee-10f8f2ade595,Visit,16:02.0,Mobile,West,Organic,0,Yes,
2530,14f2708b-a970-471f-bd4b-1cfb471ff29c,View Product,43:25.5,Mobile,South,Organic,0,Yes,
2531,08400ce6-ef5b-4933-a920-6762fd7460bc,Visit,49:10.8,Mobile,South,Referral,0,Yes,
2532,9c29e974-8b60-495e-b73c-52c490b4d09b,Visit,57:15.6,Desktop,South,Referral,0,Yes,
2533,6a93e558-d12d-4e60-88d1-61cef5dcc670,Visit,58:00.4,Tablet,South,Paid,0,Yes,
2534,f04add0f-4c4d-4de1-a823-083ef97db3d0,Visit,48:31.0,Tablet,North,Organic,0,Yes,
2535,7e50d4e1-bae3-4540-8ad6-e64ff69ad6e2,Visit,13:53.6,Tablet,South,Paid,0,Yes,
2536,9d28889c-e540-4561-9cea-16351f6ed9c3,View Product,52:59.5,Mobile,East,Paid,0,Yes,
2537,12a41a21-2926-468c-8ebb-6f71deb5ec97,Visit,02:19.8,Tablet,East,Paid,0,Yes,
2538,0cedf9f4-ba3b-4668-b7a2-3c8f44a1f0c4,View Product,17:13.1,Desktop,East,Referral,0,Yes,
2539,15cd4fb8-e8ca-4d64-9f47-1e1de1fdf234,Visit,38:25.3,Desktop,West,Organic,0,Yes,
2540,55e7d3b5-7ba9-460d-a168-6e916cedb13c,Visit,31:48.0,Tablet,South,Organic,0,Yes,
2541,5605b5cc-d56f-46c7-a888-cc4a39637567,Visit,12:21.0,Desktop,West,Referral,0,Yes,
2542,f0c64ded-090a-4637-a21f-decffd539f11,Visit,20:48.1,Mobile,South,Referral,0,Yes,
2543,cc14a95c-0ce2-485c-a9c1-e43ef0dd2284,Visit,06:14.8,Tablet,North,Referral,0,Yes,
2544,3b96242a-ba55-4c46-b68c-1ed27259d689,Visit,08:49.4,Mobile,North,Paid,0,Yes,
2545,e4782cd3-53d3-43f4-8455-823354447f50,Visit,04:59.5,Mobile,South,Organic,0,Yes,
2546,804a0632-a735-46af-ad09-15806bd45f5a,Visit,01:34.0,Mobile,East,Organic,0,Yes,
2547,561fe1c2-ea30-4004-9a12-1db5e6d565b9,Visit,02:49.4,Desktop,South,Referral,0,Yes,
2548,70f8442d-8aa6-43b9-bc09-088961864f55,Visit,17:11.8,Mobile,East,Referral,0,Yes,
2549,0889e777-8526-40d7-bd48-82c45730886c,Visit,31:46.3,Tablet,North,Paid,0,Yes,
2550,f340fb58-79f6-424e-9909-a6b5e6e893a6,Add to Cart,55:24.7,Tablet,East,Paid,0,Yes,
2551,747dd65e-1945-4f1f-ae49-baf3ed17a99f,Visit,39:15.7,Mobile,North,Paid,0,Yes,
2552,157a168e-fcdb-4335-9a17-591e8a488028,View Product,15:34.6,Desktop,North,Referral,0,Yes,
2553,493bd11b-584b-48ef-8294-19cbdb151154,Visit,54:18.1,Mobile,East,Referral,0,Yes,
2554,c0617bfd-21ab-4760-ab44-a3834be4127e,Visit,12:28.0,Tablet,South,Organic,0,Yes,
2555,4989a61d-b608-440a-958c-de63b94b597e,Visit,44:26.9,Tablet,East,Referral,0,Yes,
2556,d8c8e655-f154-4c18-984a-2a03a21c56ab,Visit,06:00.7,Desktop,East,Organic,0,Yes,
2557,025deb49-1f32-415c-b2d4-8125119cae0a,Visit,43:45.2,Tablet,South,Organic,0,Yes,
2558,62058c28-1506-4349-96f0-59db74298416,Visit,06:24.3,Desktop,North,Organic,0,Yes,
2559,c0dfa65d-2229-4d05-9d58-466fa48cb509,Visit,09:30.6,Mobile,North,Paid,0,Yes,
2560,0d794e2c-8800-4e58-9c82-8e8b304241ef,Visit,39:10.1,Desktop,East,Organic,0,Yes,
2561,fd331337-73ba-431e-96ff-65badf6a953a,Visit,57:47.4,Tablet,North,Referral,0,Yes,
2562,2abb882d-867b-44ba-a95f-ed643b7b1fda,Visit,41:00.3,Tablet,West,Organic,0,Yes,
2563,84146d42-ae78-48aa-a483-6c56381a73ab,Visit,30:49.5,Desktop,South,Organic,0,Yes,
2564,f050194c-6688-4e55-99b5-6d2641ef34c7,View Product,21:56.7,Tablet,North,Organic,0,Yes,
2565,50996634-f636-46d2-ae87-f50efd7defa6,Visit,18:45.0,Desktop,East,Paid,0,Yes,
2566,f34109a5-c5ea-43fa-ad67-2352c148eb44,Visit,59:22.0,Mobile,South,Referral,0,Yes,
2567,a9ae3cd3-8840-43a5-b2b5-9d674cd1a32a,View Product,47:10.7,Tablet,North,Paid,0,Yes,
2568,84b5f80e-b449-4435-bfca-8c0221978a14,Visit,18:52.2,Desktop,West,Organic,0,Yes,
2569,5217a7ee-4351-4c2c-9a9d-524b355c3840,Visit,14:27.1,Tablet,North,Referral,0,Yes,
2570,3b42e167-2929-4e6e-8002-b22cbae507b2,Visit,21:11.9,Tablet,North,Organic,0,Yes,
2571,b49a5f96-1913-4d8f-9c7f-867fd4d057e9,Visit,10:24.3,Mobile,South,Organic,0,Yes,
2572,50ab9d4b-484c-47dc-ab2b-6ac3b33fb69b,Visit,40:47.6,Tablet,East,Organic,0,Yes,
2573,39098f43-c2cb-4aa8-9a49-6d7cd910b85e,Visit,42:16.4,Mobile,North,Referral,0,Yes,
2574,4411588d-030d-4c78-b97d-5acac682f3f4,Visit,27:48.8,Mobile,South,Paid,0,Yes,
2575,af2c9dac-153d-460f-bc2a-8ba7742f5053,Add to Cart,22:36.5,Desktop,East,Paid,0,Yes,
2576,696d65e3-28c9-4b13-abd7-b071e474de52,Visit,51:51.8,Tablet,East,Paid,0,Yes,
2577,d9a1f36a-fbd2-44fc-8d9c-45ad458804df,Visit,26:03.9,Mobile,West,Paid,0,Yes,
2578,97c3e1c0-aa99-4e90-8045-03cb248c7b34,Visit,08:53.4,Mobile,North,Paid,0,Yes,
2579,2fccef72-a52f-475b-87b3-d838eeef00d3,Visit,57:08.4,Mobile,North,Organic,0,Yes,
2580,efb22930-8f2a-476b-890c-e31a71eaee09,Visit,02:21.2,Desktop,West,Organic,0,Yes,
2581,0defda1e-9259-4a4f-ba37-10b3f25d7418,View Product,18:39.8,Tablet,South,Organic,0,Yes,
2582,4fc3807d-716a-4d98-8078-0e947e509089,Visit,52:49.5,Tablet,West,Paid,0,Yes,
2583,0526710d-41f1-4773-aad4-635e8ab74b0e,Visit,01:13.7,Tablet,North,Referral,0,Yes,
2584,6f5cb1ec-0478-4d39-bf21-c4fa2dcca5a7,Visit,28:34.8,Mobile,South,Paid,0,Yes,
2585,a6ce2550-7751-4372-be72-ca16fe9cf1a3,Visit,43:26.0,Tablet,South,Organic,0,Yes,
2586,87ddff36-ef88-421c-8efc-95685619a750,Visit,45:50.9,Tablet,North,Paid,0,Yes,
2587,5b7771e3-89b1-41c8-a6b8-a216a22d0bb5,View Product,24:25.3,Mobile,South,Referral,0,Yes,
2588,0ddc364c-be8d-4702-a043-bc40cc2952d3,Visit,19:27.2,Mobile,South,Referral,0,Yes,
2589,7fae5499-4fc9-4593-adc1-3f3218de2643,Visit,53:21.2,Desktop,South,Organic,0,Yes,
2590,d2ed4159-5cce-41f6-a330-caba9a6dc185,Visit,45:00.0,Desktop,North,Organic,0,Yes,
2591,5fe70757-70bc-4b99-9225-52e21113ffe8,Visit,00:10.3,Tablet,North,Paid,0,Yes,
2592,23b6db71-21b7-4dfc-b085-24ea9eb5ec72,Visit,40:53.9,Desktop,West,Paid,0,Yes,
2593,6337f6cc-3b93-4e90-ac73-151e1e2b08c9,Visit,06:42.0,Mobile,North,Organic,0,Yes,
2594,f4901d4a-0736-4207-aad6-930915369ea0,Visit,59:54.2,Mobile,South,Referral,0,Yes,
2595,0955610a-aa4c-4c99-a521-e3eea4ada01f,Visit,42:18.7,Desktop,West,Referral,0,Yes,
2596,76d617bd-fc8f-42ed-a0f8-2909cc1fbac8,Visit,30:20.8,Mobile,North,Referral,0,Yes,
2597,09f003de-1003-46f1-821a-2183879a4ca7,Visit,04:13.2,Tablet,East,Organic,0,Yes,
2598,807c6103-90e5-412e-b019-5f363a35290c,Visit,48:09.3,Desktop,East,Referral,0,Yes,
2599,f46905d3-f1bf-4212-ac2f-4a3fb8156cb6,Visit,48:00.3,Tablet,West,Organic,0,Yes,
2600,0b68b491-4e20-4690-a712-a65727c60e68,Visit,30:15.8,Mobile,West,Referral,0,Yes,
2601,22b2ff67-9826-4267-a637-9ed470e64a7b,Visit,12:44.9,Desktop,South,Referral,0,Yes,
2602,d5c52e5b-3082-4007-a12a-e3012b05ed31,View Product,06:52.3,Tablet,East,Referral,0,Yes,
2603,7c4de378-83b6-4f86-9251-3c52ec56ecfe,Visit,17:48.4,Tablet,North,Paid,0,Yes,
2604,b39d7ec2-14dd-4789-bea6-d79984b796db,Visit,22:06.7,Mobile,West,Referral,0,Yes,
2605,32a1b202-327f-4298-9384-7ad0d71a7667,Visit,02:37.2,Tablet,South,Paid,0,Yes,
2606,0507ee4e-6035-45dd-8418-6e0582c1b9bc,Visit,15:17.2,Desktop,West,Paid,0,Yes,
2607,a4833e0d-be54-4564-a55d-681f7f2b466c,Visit,16:17.7,Tablet,West,Organic,0,Yes,
2608,c8884688-2fac-4409-974d-c8a51253a927,Visit,28:21.3,Desktop,East,Paid,0,Yes,
2609,cd19fdf4-f540-45c5-b273-cdd29db92a0f,Visit,20:26.3,Mobile,South,Referral,0,Yes,
2610,158945a5-8e5e-4b81-8fb7-e48fe2b1749f,Visit,05:33.3,Tablet,East,Organic,0,Yes,
2611,8853bc73-579e-43de-ba51-c4260bc88006,Visit,00:20.3,Desktop,North,Referral,0,Yes,
2612,12abd0cb-4db8-4100-a5be-f457c22c1def,Visit,55:50.4,Mobile,South,Paid,0,Yes,
2613,4d8abb75-abc5-4e43-9f2e-b16d3cbcd56d,Visit,54:05.6,Mobile,West,Paid,0,Yes,
2614,a3d6b268-89a3-4d52-94e4-cfd9c4d04109,Visit,50:17.7,Tablet,West,Referral,0,Yes,
2615,9836153b-0ae9-4b4b-ba6c-d9217f63cd83,Visit,55:22.2,Desktop,West,Paid,0,Yes,
2616,cee5aa5e-e2f5-47b1-b70a-cf8c3e3bd975,Visit,52:13.5,Mobile,North,Referral,0,Yes,
2617,ce64587e-bb00-46f1-b9d8-59d1e9b4cdb5,Visit,49:53.6,Desktop,North,Organic,0,Yes,
2618,13f35c06-6e45-441e-83c2-d93ab3393cd5,View Product,41:03.6,Mobile,North,Paid,0,Yes,
2619,258ac5a2-c9e9-4f31-8fab-79d7e582addb,Add to Cart,59:05.5,Tablet,North,Organic,0,Yes,
2620,02f80e6b-fc8a-4839-b590-893786d0612c,View Product,31:12.2,Mobile,East,Paid,0,Yes,
2621,a281debb-6642-4f9f-b4fd-e330f60e7c3e,View Product,17:31.5,Tablet,West,Paid,0,Yes,
2622,6856020d-f186-4715-9362-e09d4e0493a5,View Product,21:12.2,Desktop,East,Referral,0,Yes,
2623,ea4b56d4-917a-489c-8c42-af7e773c0972,Visit,26:59.0,Mobile,East,Organic,0,Yes,
2624,13981f2a-38f3-4d0e-8ac2-23c7757bfd76,Visit,42:17.0,Mobile,East,Paid,0,Yes,
2625,12b8947e-a355-4a7b-b09b-37be6852c98b,Visit,16:32.0,Tablet,South,Organic,0,Yes,
2626,966c9bf5-c0af-41f9-887a-4669fafacaa5,Visit,01:09.8,Mobile,South,Referral,0,Yes,
2627,e3f77417-12b6-40dd-9247-56ea2208ed09,Visit,24:30.7,Tablet,West,Organic,0,Yes,
2628,ca16a5a7-b76a-4867-9b92-caf2ee15b072,View Product,10:37.1,Tablet,South,Paid,0,Yes,
2629,e47d9f5c-3eb5-4019-bac8-7d7401cc7a1a,Visit,25:23.7,Tablet,South,Paid,0,Yes,
2630,49dbe047-df83-48bc-af02-f15b535cca7c,Visit,28:26.3,Tablet,East,Paid,0,Yes,
2631,b93321ae-9d95-4f22-9d69-8f6ff5f38dba,Visit,45:11.5,Desktop,North,Referral,0,Yes,
2632,7b819e4b-e0be-4c3d-ab4c-3918df1c0772,Visit,05:29.9,Mobile,East,Referral,0,Yes,
2633,386544ed-f1e8-4206-82d4-2ea3b8210346,Visit,34:33.7,Mobile,East,Paid,0,Yes,
2634,caab9e1b-3cc5-476b-b1c2-da96096a2fb0,View Product,09:14.4,Mobile,South,Organic,0,Yes,
2635,8a589a57-fe30-419c-85a8-7ee0da479cc8,Visit,15:11.1,Desktop,South,Referral,0,Yes,
2636,a2899709-2e88-4548-9ea9-a3b7b4c50944,Visit,34:33.5,Desktop,West,Referral,0,Yes,
2637,2af7916a-a7af-43dc-9e7b-7c363f2b9b83,Visit,25:41.8,Tablet,South,Referral,0,Yes,
2638,56118b9c-1ee8-443f-9ccf-bc9b99c62d79,Visit,23:34.3,Desktop,South,Paid,0,Yes,
2639,6cd27082-ce2a-49f2-937e-ec041198f5c2,Visit,15:37.7,Tablet,West,Referral,0,Yes,
2640,3492c6a7-ea0e-43c2-bd9b-2c50968687ad,Visit,57:33.4,Mobile,North,Organic,0,Yes,
2641,1758ac8c-262d-4aa4-bd11-5244a76467f9,Visit,48:21.0,Mobile,North,Referral,0,Yes,
2642,b03633ec-60b8-46ac-903b-8b43d9317246,View Product,59:24.8,Tablet,North,Paid,0,Yes,
2643,a69a5f2a-673d-42c0-8840-3f75eb03545e,Visit,41:06.5,Tablet,South,Referral,0,Yes,
2644,bfd16398-b775-40b4-b035-21275f4b963d,Visit,14:02.5,Mobile,North,Referral,0,Yes,
2645,64d8dabb-312f-4f49-a26e-fea40e2921f6,Visit,32:06.8,Tablet,South,Referral,0,Yes,
2646,1e8cc757-8046-4955-9f03-4211d2f202ee,View Product,46:09.7,Desktop,North,Referral,0,Yes,
2647,44375bcd-a62d-4e55-948a-d1050ce03cd1,Visit,28:52.2,Mobile,East,Paid,0,Yes,
2648,f75ea78e-2336-49e4-be9f-27514772460f,Visit,09:20.4,Mobile,North,Paid,0,Yes,
2649,bec85ace-6dd9-4bfe-b448-bde2b18d8b8b,Visit,03:21.3,Tablet,South,Referral,0,Yes,
2650,758a7729-f499-471e-8ef7-bbab40406ac9,Visit,53:35.8,Desktop,East,Referral,0,Yes,
2651,a5d5f181-cdb3-4550-9cdf-3ec153b9cb90,View Product,43:46.1,Desktop,West,Organic,0,Yes,
2652,b5aaa619-667b-4e83-a154-ebe7b5802485,Visit,33:29.8,Tablet,South,Paid,0,Yes,
2653,34c01fe2-12c8-4527-9808-5ff533001d78,Visit,44:51.1,Tablet,South,Organic,0,Yes,
2654,27744dbd-c24d-4ab0-b84f-5e8fadc32485,Visit,49:25.9,Desktop,South,Paid,0,Yes,
2655,99d458a0-24e7-4277-84e9-d42c58c4d166,View Product,22:14.5,Desktop,West,Paid,0,Yes,
2656,9d1fc184-f3fa-49ec-b34d-b8d47ba0f166,Visit,55:09.6,Desktop,North,Paid,0,Yes,
2657,02f459d7-832d-4da8-b75b-1aa3593dcc0c,Visit,59:01.7,Desktop,East,Organic,0,Yes,
2658,c044e657-ddfb-4519-a23a-35d97854b26f,Visit,56:40.4,Mobile,West,Paid,0,Yes,
2659,6571ac0a-7daf-4bc6-8b5c-701cd29e2a61,Visit,51:54.0,Tablet,East,Organic,0,Yes,
2660,9c2a6eec-8e5b-4a7d-8d0d-e951f44e3e57,Visit,02:37.3,Tablet,West,Referral,0,Yes,
2661,c8e8c3d9-24bd-404f-b0e0-bafbe3a16b07,Visit,44:04.6,Tablet,East,Referral,0,Yes,
2662,eba1d11b-369a-447e-b8f8-76083666fe54,Visit,02:56.4,Mobile,South,Organic,0,Yes,
2663,acf04c40-92a0-4284-9d10-06edd9336108,Visit,02:08.1,Mobile,North,Paid,0,Yes,
2664,306f761b-3b8e-4ab4-b21e-52304a668fb2,Visit,00:12.4,Desktop,North,Organic,0,Yes,
2665,8a0b4c82-ddb8-4179-90d5-0bbd38b9e517,View Product,47:45.0,Mobile,East,Referral,0,Yes,
2666,f498b9b6-8983-44c3-a879-79782cd1587b,Visit,11:58.2,Tablet,South,Organic,0,Yes,
2667,cad7a0d5-ba3c-4f2f-b10b-fa25d85caaea,Visit,31:46.1,Desktop,East,Organic,0,Yes,
2668,11d110aa-3860-4fcc-9aaa-97cdb89a39d8,Visit,28:28.0,Tablet,North,Organic,0,Yes,
2669,5cb20105-cb23-40a3-9741-55f8df6e9430,Visit,50:45.7,Desktop,West,Organic,0,Yes,
2670,13368161-b43c-4a5e-9ecb-5ae0deba55e9,Visit,32:01.5,Desktop,North,Paid,0,Yes,
2671,2e9eae48-c691-4945-b962-00f77941456a,Visit,40:04.0,Tablet,North,Organic,0,Yes,
2672,eb0aec72-f89b-46c6-a72d-918be6bbeab0,Visit,28:54.3,Desktop,North,Organic,0,Yes,
2673,0772a1dd-3d34-43b0-b109-fd6716502421,Visit,10:33.9,Mobile,West,Organic,0,Yes,
2674,ac3dbace-c6ff-440f-aa05-df793909e249,Visit,57:19.8,Tablet,East,Referral,0,Yes,
2675,6200b572-4689-4a64-af73-d987d77b238f,Visit,50:42.8,Desktop,East,Paid,0,Yes,
2676,645e52c4-d7fe-4717-a830-17e7864dc736,Visit,44:58.3,Desktop,South,Organic,0,Yes,
2677,e6fc4c88-ecf1-4503-a5b1-ea9998a6d7cc,Visit,49:11.1,Tablet,East,Paid,0,Yes,
2678,9e924d4d-8c37-4943-8851-2c81a68f68d6,Visit,38:30.4,Mobile,South,Paid,0,Yes,
2679,03d694b3-3d28-41aa-83bb-126154853b37,Visit,26:07.1,Desktop,East,Paid,0,Yes,
2680,f616ab6b-c739-48ba-80cc-4661d3dcbab1,Visit,55:14.1,Mobile,North,Paid,0,Yes,
2681,f267e436-7e32-4b01-8856-141e3a79e557,Visit,59:10.5,Tablet,West,Organic,0,Yes,
2682,8d928fe3-ca1b-45bb-ac74-a9ef9663dddf,Visit,53:53.1,Mobile,North,Referral,0,Yes,
2683,11560de5-d6b1-4168-9189-012148305dd9,Visit,16:55.7,Desktop,West,Organic,0,Yes,
2684,e0428118-0e77-4a4e-8f43-4084fb3ea2bb,Visit,13:21.7,Desktop,East,Referral,0,Yes,
2685,1a470831-96fc-4fc4-b537-21bf5ac9ad43,Visit,30:39.3,Desktop,North,Referral,0,Yes,
2686,e82641f6-c9a1-45fe-a96b-fb12a84ed869,Visit,26:17.4,Desktop,North,Paid,0,Yes,
2687,2f61d6e8-abca-46ac-b270-f653fc50fbd1,Visit,06:23.2,Desktop,North,Paid,0,Yes,
2688,edb4b50d-67c5-4f2e-9161-f4fa9686c1e7,Visit,20:14.2,Mobile,East,Organic,0,Yes,
2689,d940111d-3a50-48d1-83ff-fd59f226073a,Visit,47:42.4,Mobile,West,Paid,0,Yes,
2690,eda497eb-aa5e-4ec4-abc0-2492f5f06d2c,Visit,48:04.3,Tablet,North,Paid,0,Yes,
2691,f4e680ba-cb31-4b48-9abe-5aa13d425f7b,View Product,54:56.6,Tablet,East,Paid,0,Yes,
2692,9188dbc9-99ce-444e-ada6-c013e4556ae8,Visit,34:34.4,Mobile,North,Referral,0,Yes,
2693,93df54a3-2642-4b35-953b-cd7032d6964b,Visit,41:43.2,Tablet,South,Organic,0,Yes,
2694,a33e405a-8709-4570-b093-ae5dfaa8c616,Visit,05:24.3,Desktop,North,Paid,0,Yes,
2695,3634302a-e9f6-42c0-beb1-69ddb696746c,Add to Cart,50:16.3,Mobile,North,Organic,0,Yes,
2696,a8c7c907-cb85-4d20-b4ac-51c4d18d48d8,Visit,24:16.0,Mobile,East,Organic,0,Yes,
2697,6b1d6b96-8c40-4106-aaeb-6b2deca7fe63,Visit,50:59.3,Desktop,South,Paid,0,Yes,
2698,33858d1e-6523-4919-9dbf-d2a823660e5c,Visit,45:21.6,Desktop,West,Organic,0,Yes,
2699,22ba10aa-2e0f-4e0f-9d4c-d8ff2933405c,Visit,55:31.5,Tablet,West,Paid,0,Yes,
2700,1e60659d-c148-4ea5-bd2e-19f4d2d121d9,Visit,48:51.7,Mobile,West,Referral,0,Yes,
2701,1114b1fe-ce78-4cb3-9415-2611221bb5a4,View Product,44:39.0,Tablet,West,Paid,0,Yes,
2702,a8fe95dd-2adb-4071-8aa1-b9b49206bfae,Visit,41:11.0,Desktop,South,Paid,0,Yes,
2703,25beb661-f015-4e21-b4c0-39599357eec7,Visit,13:06.5,Mobile,East,Paid,0,Yes,
2704,f9693ff1-e054-4760-8fb7-7bc250a9a90c,Visit,12:01.8,Mobile,South,Organic,0,Yes,
2705,05e15d2f-3c5e-4652-aed6-c9a2bc3b83cc,Visit,03:07.1,Mobile,South,Organic,0,Yes,
2706,da55ab1e-4e71-4257-adda-3d7196d5b9b7,Visit,03:57.4,Desktop,South,Referral,0,Yes,
2707,7b54b432-5f61-424d-af02-8edec58d11e1,Visit,48:32.4,Mobile,North,Organic,0,Yes,
2708,fd6397e0-e36e-486c-be2f-dc05a5b9d16d,Visit,45:10.2,Tablet,North,Organic,0,Yes,
2709,38e9fb8a-6b94-48df-bdca-9c19c0ae05dc,Visit,56:00.9,Desktop,North,Referral,0,Yes,
2710,e9383942-5062-44ef-b2b7-c6a5bc6bf81b,Visit,14:35.7,Tablet,North,Paid,0,Yes,
2711,f020d6dc-0a3d-4511-b820-c3cd9128f882,View Product,01:08.4,Tablet,West,Organic,0,Yes,
2712,f657d70a-fd8e-493e-b36b-ae1ba9dc5cb4,Visit,31:32.4,Tablet,West,Organic,0,Yes,
2713,0730f98c-c7c2-47db-ad3e-1983e12cae7e,Visit,10:28.2,Desktop,West,Referral,0,Yes,
2714,8365a9b7-e4eb-434a-9c06-04623a13805e,View Product,45:39.0,Tablet,North,Referral,0,Yes,
2715,88f208f9-81b1-46e1-a705-adebf940f935,Visit,33:17.2,Desktop,West,Referral,0,Yes,
2716,03e41749-f3f8-412e-a78a-bb1b95a7ec29,Visit,18:53.0,Mobile,East,Paid,0,Yes,
2717,d11401b4-6cec-4eb6-b3ae-94d2e96a9f4f,Visit,26:12.8,Mobile,South,Referral,0,Yes,
2718,b7739e6d-267a-477e-8989-65428c23f563,Visit,55:59.7,Tablet,East,Referral,0,Yes,
2719,3752ebbc-95b9-49da-8a50-56a1692c0b1d,Visit,17:47.3,Tablet,East,Organic,0,Yes,
2720,e9cd3782-c2ab-491e-824a-e129e808e857,Visit,15:57.8,Desktop,East,Referral,0,Yes,
2721,3e94887f-0417-4486-8c27-57952b8380f9,View Product,51:09.2,Desktop,South,Paid,0,Yes,
2722,c1e6f2d7-09ca-4ece-9416-8ad1acffa947,View Product,49:26.7,Tablet,East,Referral,0,Yes,
2723,1922eacb-4708-4902-aafd-73e8226d8437,Visit,07:58.5,Tablet,South,Organic,0,Yes,
2724,0015a693-2475-40c8-bebf-523da94040b8,Add to Cart,55:13.4,Desktop,West,Organic,0,Yes,
2725,4e4cddf5-d9da-41c2-9122-7ad19df2ce3d,Visit,53:14.1,Tablet,West,Organic,0,Yes,
2726,736c1b28-0819-446a-873e-22e37a79a55e,Visit,05:40.2,Mobile,West,Referral,0,Yes,
2727,2008f109-ebb6-4a03-8b88-070f3135965c,Visit,31:16.7,Desktop,South,Organic,0,Yes,
2728,144e1bdc-9c5b-4772-a264-7c9abc747404,Visit,49:54.3,Desktop,South,Paid,0,Yes,
2729,2d47798f-dd31-43ee-92ca-ede1b44d98d1,Visit,23:15.5,Tablet,North,Paid,0,Yes,
2730,434bd0d7-4dd5-4a69-a2ca-4baf675efd56,Visit,05:25.9,Tablet,West,Paid,0,Yes,
2731,e94ae126-c759-4a3e-b485-c9bc78d45bf6,Visit,55:10.8,Mobile,East,Organic,0,Yes,
2732,4d179b3a-27dd-4273-8386-b68436322137,View Product,35:26.8,Mobile,West,Organic,0,Yes,
2733,bc54b03f-9772-4b9a-9e8b-25c513bc2afd,View Product,33:57.3,Mobile,South,Paid,0,Yes,
2734,d28e34cd-4086-464f-a064-703f3f6cd7f0,Visit,46:06.8,Tablet,East,Organic,0,Yes,
2735,e9525e78-0c7e-4d3f-8cd1-dcc18dff4efb,Visit,35:29.9,Desktop,South,Referral,0,Yes,
2736,6baaeca4-d905-4f2b-90b0-42f47cee5e90,Visit,48:16.7,Tablet,East,Organic,0,Yes,
2737,9607b1dd-1830-433b-88dc-6d852061fd3f,View Product,21:53.5,Desktop,North,Organic,0,Yes,
2738,54936a11-5a2c-4bdf-8c44-1d4b170e798f,View Product,28:23.4,Desktop,South,Organic,0,Yes,
2739,0a34e955-913a-4dd5-94c9-ac5ebeab53fb,Visit,40:13.2,Tablet,South,Organic,0,Yes,
2740,2728db9b-7967-43e7-bdfd-ca4d7657848e,Visit,49:12.5,Mobile,East,Referral,0,Yes,
2741,cad6da21-d802-4125-af3d-1930b7c01904,Visit,20:45.4,Desktop,North,Organic,0,Yes,
2742,056387f8-6cd0-44da-bfb6-355394d51d87,Visit,49:25.2,Desktop,North,Organic,0,Yes,
2743,b6faff75-b0f0-4d79-a55a-546614b7af97,Visit,13:16.7,Mobile,South,Referral,0,Yes,
2744,b723d3c4-9f59-4a15-9fe4-bad2d9d2fc68,Visit,02:53.8,Tablet,North,Organic,0,Yes,
2745,19987400-8096-4aef-8481-71ab1607b356,Visit,55:58.6,Tablet,West,Organic,0,Yes,
2746,5b138a24-674d-4392-8a68-adecd489504a,Visit,40:08.4,Mobile,West,Referral,0,Yes,
2747,d122a151-dc9a-4d99-bf51-a9a9d46e1ccb,Visit,59:46.3,Tablet,North,Paid,0,Yes,
2748,55824a90-7ccb-4308-845d-425d5178dd0a,View Product,13:11.4,Desktop,South,Referral,0,Yes,
2749,376ff46d-8fca-4ce9-b962-78c7a9fa9164,Visit,58:50.6,Tablet,East,Referral,0,Yes,
2750,26151a92-4883-408c-8f26-3836345e717e,Visit,59:41.8,Desktop,West,Paid,0,Yes,
2751,e5371c0a-e981-4740-9c16-3a0887059597,Visit,35:10.9,Tablet,East,Paid,0,Yes,
2752,029adee9-5deb-4231-af57-0438fbb69c75,Visit,32:21.2,Tablet,South,Referral,0,Yes,
2753,30bda123-cc1c-4b35-b66d-c352f93dce1d,Visit,51:40.1,Mobile,North,Paid,0,Yes,
2754,12391048-ebeb-48af-b72d-244ed61e56f5,Visit,01:32.0,Mobile,East,Organic,0,Yes,
2755,67dd108b-e36e-4919-8190-03f7e3a184e3,Visit,58:31.9,Tablet,West,Organic,0,Yes,
2756,5c2c19cf-0250-4a5c-b0ca-141c4e6771e0,Visit,40:14.5,Mobile,East,Referral,0,Yes,
2757,78c87181-6546-42d0-9e7f-3be899b4e62a,Visit,23:34.2,Mobile,North,Paid,0,Yes,
2758,fa3f4a6a-4bf0-4074-8b68-2bf66ac07e45,Visit,18:41.3,Mobile,North,Paid,0,Yes,
2759,e86889f3-2241-4560-a7af-b84fd2b10a72,Visit,14:04.2,Tablet,East,Organic,0,Yes,
2760,e3e56af7-ccb1-4223-b264-63657ac942a5,Visit,12:49.2,Tablet,East,Referral,0,Yes,
2761,1a8bc636-f102-44f6-aaec-fc0aafc58c5c,Visit,39:42.9,Mobile,East,Referral,0,Yes,
2762,bfe93367-d1d9-4d0a-8c61-ba3e2e7d3566,Visit,25:41.5,Tablet,West,Paid,0,Yes,
2763,3f3b849d-f606-4985-a794-254794638f6d,Visit,49:09.3,Desktop,West,Referral,0,Yes,
2764,c10870f4-109a-4ea6-b3c6-76a841592fba,View Product,35:19.0,Mobile,South,Organic,0,Yes,
2765,26afdd8c-8cb3-4f5f-a57d-8848e32783cc,Visit,32:30.5,Mobile,West,Organic,0,Yes,
2766,4708dcdc-7e5f-4d28-ad90-f3ec514779c9,Visit,43:07.2,Tablet,West,Paid,0,Yes,
2767,e76ce95b-a0b5-4104-9140-52e4af6aaa1d,Visit,45:08.0,Mobile,North,Organic,0,Yes,
2768,d60fc45a-d3e6-49fc-b348-576c2fa58726,Visit,15:04.6,Mobile,North,Organic,0,Yes,
2769,93914a4b-c942-4b6d-8b77-aab7af4aedc2,Visit,17:54.6,Mobile,West,Paid,0,Yes,
2770,2ac7f973-59d8-4d08-a7ec-c1ee6d749042,View Product,01:16.1,Mobile,East,Paid,0,Yes,
2771,83b92bfa-7e00-44d3-8feb-082526782c43,Visit,58:10.3,Tablet,East,Referral,0,Yes,
2772,568e46c8-d313-4b45-aa93-49201f5783c9,Visit,38:56.0,Tablet,West,Paid,0,Yes,
2773,bec5e528-7804-4c30-9688-9f3e3cf6a595,Visit,21:52.7,Mobile,South,Paid,0,Yes,
2774,76a9a200-ae3f-435e-8c80-f8ebf40381f1,Visit,17:20.8,Desktop,East,Organic,0,Yes,
2775,d770cc7a-b581-420b-94ed-5175f8864704,Visit,37:15.6,Mobile,North,Organic,0,Yes,
2776,9d88f836-5f0d-4ae7-b7d3-ecd08f6f0ce8,Visit,34:36.5,Mobile,South,Organic,0,Yes,
2777,cd60a1c6-1135-4fd5-b828-59e64cf3fecb,Visit,32:12.1,Mobile,East,Paid,0,Yes,
2778,c5f35e47-0c3e-49fe-bd8c-6c059e64a91e,Visit,03:44.8,Mobile,West,Referral,0,Yes,
2779,3ae781a6-8a80-404d-9225-cfcf3968d148,Visit,19:17.6,Desktop,South,Referral,0,Yes,
2780,ea67ba46-8fba-4467-879f-377d075bb014,Visit,08:18.9,Tablet,North,Referral,0,Yes,
2781,8c64dceb-28c9-4fa2-aa40-bc435b97c76f,Visit,26:38.9,Desktop,South,Referral,0,Yes,
2782,b73dd22f-0047-4660-b42e-492676eb3a9b,Visit,49:06.4,Tablet,East,Organic,0,Yes,
2783,d9af1a5e-f90d-42cf-8538-8cf436bddda3,Visit,49:17.9,Mobile,North,Organic,0,Yes,
2784,16696687-825e-4bc9-9349-0a605bc55367,Visit,18:02.7,Desktop,East,Organic,0,Yes,
2785,3a6e9f84-3dc2-4ffe-a012-69bd4baa8752,Visit,45:02.5,Tablet,West,Paid,0,Yes,
2786,3a40a267-701f-413d-9adc-991ad3332a7f,Visit,58:37.4,Mobile,North,Organic,0,Yes,
2787,f0a32a9c-21ed-4c5c-9a2c-7fbbe9614bef,Visit,06:33.8,Desktop,South,Paid,0,Yes,
2788,fc706d42-ac9e-44b4-a95e-b8d2988d1c3f,View Product,20:12.6,Desktop,West,Referral,0,Yes,
2789,6f05ebde-d439-4a50-833e-a15bda7b916a,Visit,36:03.7,Desktop,North,Referral,0,Yes,
2790,fab4bd7a-abe9-41c3-a1e1-4e3168cd7833,Visit,41:47.3,Mobile,South,Paid,0,Yes,
2791,bdb3a18f-403b-4f9a-932e-9756df0eadad,Visit,22:29.2,Desktop,East,Organic,0,Yes,
2792,91c58f32-505e-4aa8-bccb-0e8167ddf0a3,Visit,23:14.3,Desktop,East,Referral,0,Yes,
2793,9bd8427c-7a64-4503-b26f-6f3b083b6387,Visit,36:35.8,Tablet,East,Referral,0,Yes,
2794,cbd1ab92-f2a4-44ac-94b3-a10d10601b87,Visit,15:13.8,Desktop,North,Organic,0,Yes,
2795,e49f6902-6871-4bae-bbe5-28babc64f9a0,Visit,03:00.3,Desktop,North,Paid,0,Yes,
2796,2bd3b2ec-e236-4e34-9f82-c136f4d2c06c,Visit,49:14.2,Mobile,North,Paid,0,Yes,
2797,3d0a10d5-9c8d-4ca9-9f6e-0f70815abd24,Visit,57:40.3,Mobile,West,Paid,0,Yes,
2798,ca2f9b3b-c05a-465b-abd6-506a7b0e410a,Visit,08:31.3,Mobile,West,Organic,0,Yes,
2799,5572379b-4765-4317-9a66-df31df2f8b4b,Visit,48:36.9,Mobile,North,Paid,0,Yes,
2800,332cf890-3ce8-4af5-b2ae-173ec9d361ac,Visit,03:28.1,Desktop,North,Paid,0,Yes,
2801,9e1882b9-4326-423b-80e4-55ff1a8b0242,Visit,19:06.1,Tablet,North,Referral,0,Yes,
2802,7212e41d-e48f-44aa-8210-1b25f6c8f4c8,Visit,40:07.5,Tablet,West,Paid,0,Yes,
2803,48d59c0d-0cee-4f57-9992-249888477899,Visit,13:11.7,Mobile,East,Referral,0,Yes,
2804,e269c2df-4031-4d50-8dac-0b6f2fead5ed,Add to Cart,00:17.8,Desktop,East,Referral,0,Yes,
2805,05cfc645-11aa-42f7-8d0d-51f5f44fbf2d,Visit,20:08.1,Tablet,West,Referral,0,Yes,
2806,df1800c4-1e35-446c-9950-9ff224a83f53,Visit,01:04.1,Tablet,East,Organic,0,Yes,
2807,7ee273c2-d632-406d-ae71-4ab3a207ba9f,Visit,42:26.9,Tablet,West,Referral,0,Yes,
2808,63bf7ac3-cd84-4dff-b34a-d81ff1fc71bd,Visit,24:55.7,Tablet,West,Organic,0,Yes,
2809,132688cf-3291-4912-aa0b-597a1b6579cd,Visit,05:19.7,Desktop,East,Referral,0,Yes,
2810,2c81f019-5cee-4a55-b1ec-fe9668a7436e,Visit,18:25.5,Mobile,West,Paid,0,Yes,
2811,9a363767-c524-4763-8b06-8233c0ec85a8,Visit,30:57.8,Tablet,East,Paid,0,Yes,
2812,e65f542a-7a11-4c3b-b4ca-8531ebc9b437,Visit,37:34.5,Mobile,North,Paid,0,Yes,
2813,421d6572-3300-43be-9217-ae73b5f85845,Visit,32:16.0,Desktop,West,Organic,0,Yes,
2814,3ca1a75b-0a15-4d57-9156-318327a5f080,Visit,43:53.5,Mobile,East,Referral,0,Yes,
2815,51a63435-367f-4f6b-9ce1-e7a6d9b49b6a,Visit,26:06.7,Desktop,South,Organic,0,Yes,
2816,093417f9-6507-46f5-96eb-846c102e5304,Visit,32:07.7,Mobile,South,Referral,0,Yes,
2817,86e783aa-50da-4240-a2a1-c1902e9c0dce,View Product,21:11.8,Tablet,South,Paid,0,Yes,
2818,123469ef-94b6-48c5-b871-08ad3ed39d16,Visit,01:00.7,Tablet,South,Paid,0,Yes,
2819,80d74430-cdbe-48bf-ab20-255e19aa622c,Visit,34:57.6,Desktop,West,Organic,0,Yes,
2820,9a1a7edf-91fb-4c46-b20a-bd52546f0c0a,Visit,28:06.9,Mobile,South,Paid,0,Yes,
2821,86be38bb-0201-4a0d-8ffd-19bc7b59eb30,View Product,00:01.8,Mobile,West,Paid,0,Yes,
2822,0dc6514a-99c3-45bc-b47e-94786f9dcec5,Visit,41:05.4,Tablet,West,Paid,0,Yes,
2823,061086de-5ce0-485a-a009-83d66b375c2e,Visit,01:41.4,Tablet,South,Referral,0,Yes,
2824,f9c0d935-e488-4f6d-a8fd-16df1ab25055,Visit,49:43.8,Mobile,West,Organic,0,Yes,
2825,b45ac01e-2f22-4f58-8e16-b5a3c4052a36,View Product,06:35.3,Tablet,North,Paid,0,Yes,
2826,8b8ad80e-8a42-4819-8e6b-ba1ef3cab49d,Visit,37:31.1,Desktop,North,Organic,0,Yes,
2827,f583b23f-d0d1-47e3-be9f-4c9906988c10,Purchase,44:17.3,Mobile,South,Organic,1897,No,No
2828,bc891daf-5b7c-468a-8bec-98685850aa14,Visit,32:17.4,Tablet,East,Organic,0,Yes,
2829,505774d6-52ee-44eb-9c5b-3e584396453d,Visit,03:33.6,Desktop,North,Organic,0,Yes,
2830,61baba2c-3d88-4e51-9973-52d57ddd6e52,View Product,17:03.6,Mobile,West,Paid,0,Yes,
2831,85ac0ed9-b3b6-4422-abf1-ddd8e0821836,Visit,31:12.2,Mobile,West,Referral,0,Yes,
2832,1190ce19-4c1d-44c6-88a7-5e5782c9ae52,Visit,37:04.4,Tablet,West,Paid,0,Yes,
2833,4eb7ad5b-e2d1-447e-a806-1c2be5f1da1f,Visit,21:01.3,Desktop,East,Paid,0,Yes,
2834,ac1ef642-8cdf-4a6d-b9fb-0149e76abbc2,View Product,26:50.7,Tablet,West,Referral,0,Yes,
2835,4bacbdff-2010-4729-a384-c3d60b39ed6b,Visit,59:22.1,Tablet,North,Paid,0,Yes,
2836,6d6aa623-a153-481b-9708-a204d533c8e8,Visit,24:14.8,Mobile,West,Referral,0,Yes,
2837,7ad1dd32-ba32-4b5e-8327-2ca4ef6dafc9,Visit,52:44.0,Desktop,West,Paid,0,Yes,
2838,6f1e6fac-d6aa-4846-9862-41608cc71537,Visit,00:03.7,Mobile,West,Referral,0,Yes,
2839,1b8f8e6e-dbbf-4d8f-95b3-d88eb99be91a,Visit,42:16.7,Mobile,East,Organic,0,Yes,
2840,1429dfd9-1236-46b3-89c8-f6873ffbd67a,Visit,23:11.0,Desktop,East,Paid,0,Yes,
2841,3d748bb8-4f7b-42c8-8824-bc77590dbaaf,Visit,06:31.9,Mobile,South,Referral,0,Yes,
2842,d228f0db-73a7-4476-a7a7-6256fcc8349b,Visit,26:30.8,Mobile,West,Referral,0,Yes,
2843,3e06e99c-e3db-4e2c-8976-3984374af2d2,Visit,50:56.9,Tablet,South,Referral,0,Yes,
2844,3d0f3d3f-a83f-452c-a3de-4d005e4de565,Visit,44:58.9,Mobile,North,Paid,0,Yes,
2845,4f415ecf-3b99-469f-aa3d-20f52182ddf0,Visit,23:32.9,Desktop,North,Referral,0,Yes,
2846,807620b2-279e-409b-a908-47e2516ec849,View Product,54:57.3,Mobile,West,Referral,0,Yes,
2847,9ac968d9-eb14-4a2f-84c0-6d64b73834ae,Visit,36:25.6,Tablet,East,Paid,0,Yes,
2848,210b1dd8-d734-45bb-a038-23413df33e8d,Visit,47:50.4,Tablet,East,Referral,0,Yes,
2849,4e522683-40a3-4171-90bd-f7e04a363afa,Visit,33:08.6,Mobile,East,Organic,0,Yes,
2850,2c335431-5644-4e5c-a132-fada4691a39c,Visit,23:16.8,Desktop,East,Organic,0,Yes,
2851,bbf19f33-b1a7-4219-bf35-9565ba827228,Visit,49:51.2,Desktop,West,Referral,0,Yes,
2852,9b7ddd95-3dce-44f8-ac96-466a69bf23d5,Visit,13:41.3,Desktop,East,Organic,0,Yes,
2853,3ad6907f-4849-465c-b9d3-6284493a0116,Visit,45:12.9,Mobile,West,Paid,0,Yes,
2854,0535aa6f-81f4-4ccb-b470-ffb7100800a2,View Product,59:03.9,Desktop,West,Paid,0,Yes,
2855,83e07615-eb32-4ef5-a597-14cacb318432,Visit,37:15.3,Tablet,West,Organic,0,Yes,
2856,98f26047-4b9a-4163-899b-ddeb0471c91b,Visit,03:29.5,Tablet,South,Referral,0,Yes,
2857,e5ec9c1a-493d-4485-9141-7a50010cc0f1,Visit,26:04.7,Tablet,West,Referral,0,Yes,
2858,9307d261-b5e0-4b8b-ba93-2af64f208ad3,Visit,44:15.5,Desktop,South,Organic,0,Yes,
2859,8bfd14bd-8a57-423f-924e-167f5759529c,Visit,54:46.6,Desktop,East,Organic,0,Yes,
2860,56667f0b-7deb-4b23-aa66-b978fed08344,Visit,37:47.3,Mobile,North,Organic,0,Yes,
2861,e2ded030-c50a-4d01-9cd1-25d6a77eccb9,Visit,50:15.6,Tablet,West,Organic,0,Yes,
2862,636c65b4-8366-44ae-9c70-2017994a4724,Visit,27:21.0,Desktop,West,Organic,0,Yes,
2863,be800166-1df9-4e8b-a183-a3413ecfd50e,Visit,17:59.4,Tablet,East,Paid,0,Yes,
2864,8263dd7e-46be-468d-bfdc-1170bee1318b,Visit,36:50.8,Tablet,East,Organic,0,Yes,
2865,cc249c95-c2dc-4feb-bb8f-1cefaa62c3f7,View Product,35:14.1,Tablet,South,Referral,0,Yes,
2866,80c5bad9-615a-41d5-8d97-5a8e92b7332d,Visit,49:40.1,Desktop,East,Paid,0,Yes,
2867,c990a6e6-6234-4927-aa4c-b1c1b3eb1365,Visit,53:19.2,Desktop,East,Organic,0,Yes,
2868,3e5cbd97-3dc4-45a1-b06f-1068bb81b64c,Visit,39:28.0,Desktop,West,Paid,0,Yes,
2869,5453b017-7f8d-46cb-b839-ec38ae3241e3,Visit,42:07.7,Tablet,West,Paid,0,Yes,
2870,1b0b9660-7cf4-4306-9358-fac17a6506a3,View Product,06:31.8,Mobile,South,Paid,0,Yes,
2871,45deb811-ec01-4db6-81a1-6076728b1cd2,Visit,34:03.7,Tablet,North,Organic,0,Yes,
2872,6f11af1f-e18d-498a-b130-ef9da6afa38a,Visit,56:45.7,Tablet,North,Paid,0,Yes,
2873,675a3250-7680-496a-8091-eb9e97dd1a75,Visit,00:33.6,Tablet,West,Referral,0,Yes,
2874,bdd1dab4-4bc1-46e8-bdf8-1f0efe461c54,Visit,00:10.7,Tablet,North,Paid,0,Yes,
2875,f4213e78-a49d-4f62-a84c-16a8c235c4cf,Visit,28:54.3,Mobile,East,Referral,0,Yes,
2876,642a3df2-c006-4056-ba3e-89aafd1d45b4,Visit,41:14.5,Mobile,East,Organic,0,Yes,
2877,d22196ad-97fb-4c7f-9e1e-ecf600e0a594,Visit,11:06.4,Desktop,East,Paid,0,Yes,
2878,707c5494-152f-48cd-a710-fe9b9f453b48,View Product,48:28.9,Desktop,East,Referral,0,Yes,
2879,e9fcf30e-d118-40b9-b9c9-c811529cec37,Visit,22:31.3,Desktop,West,Referral,0,Yes,
2880,d7d9c02d-5d44-4ce3-9e8d-45e764680e7e,Visit,51:43.1,Desktop,South,Paid,0,Yes,
2881,86240b6f-ddeb-4da8-9e5f-4881c0dc9c51,Visit,31:57.4,Mobile,East,Referral,0,Yes,
2882,0c90f35b-89a7-4e01-9e01-64d2e6410c54,Visit,24:02.0,Tablet,East,Paid,0,Yes,
2883,b569e4a5-9b5a-4ccf-b5c0-9d3f0fc370e0,Visit,57:11.3,Desktop,South,Organic,0,Yes,
2884,222a488a-8117-400c-89db-908e4aa4358d,Visit,28:50.6,Tablet,South,Organic,0,Yes,
2885,1664e069-902a-4c51-9f64-91fb4d3bddfa,View Product,47:45.4,Tablet,South,Paid,0,Yes,
2886,15e54541-1897-444f-8e8b-4cac7631f0dc,Visit,43:30.2,Mobile,South,Referral,0,Yes,
2887,6f75be1f-a812-4449-b126-f256c27ff10d,Visit,33:21.0,Mobile,North,Referral,0,Yes,
2888,9a6d92c5-4a02-4973-a4a4-eacb9d77ab5b,Visit,41:41.2,Desktop,South,Organic,0,Yes,
2889,3a15f6e0-503b-488e-b0a7-bb9e6888d416,Visit,17:13.5,Mobile,East,Paid,0,Yes,
2890,5867dd78-071a-4137-8aa8-be75cef36865,View Product,26:44.0,Mobile,East,Organic,0,Yes,
2891,baeb59fb-6aa5-4770-9dfe-f8e2584cc732,Visit,45:24.5,Mobile,East,Paid,0,Yes,
2892,d369f0ed-0ccf-41f7-9dc2-ad8675c14a90,Visit,59:36.8,Tablet,South,Referral,0,Yes,
2893,725dae49-1690-4bcf-85ee-aa242f02e6ec,View Product,29:39.4,Mobile,West,Referral,0,Yes,
2894,aa4f4047-9ae5-44e9-8ef7-2cad7a636a71,Visit,49:28.6,Mobile,West,Organic,0,Yes,
2895,a27b0b61-5e68-4803-9c9f-f327805b5a98,Visit,28:21.8,Mobile,South,Paid,0,Yes,
2896,91694055-5100-42c8-9808-626e568d30a1,Visit,24:25.8,Tablet,South,Organic,0,Yes,
2897,ee303497-d971-42db-b29c-680932d9d78a,Visit,39:36.7,Mobile,South,Paid,0,Yes,
2898,dfe7196a-0eed-4c1a-9aba-7fb55c10abfc,Visit,18:27.0,Desktop,North,Referral,0,Yes,
2899,aa8f4b68-3d8f-43ff-8f5e-1bcdd473941f,Visit,54:26.4,Tablet,South,Referral,0,Yes,
2900,2847128e-6e2b-4ee9-a0f1-0b57c5e39dd1,Visit,08:02.7,Mobile,West,Paid,0,Yes,
2901,6e34447b-a97d-4bdb-b4f5-a18dcddebcc3,Visit,46:06.8,Desktop,East,Paid,0,Yes,
2902,6ac79972-dde2-4246-b72a-d08e5dc8097a,Visit,45:04.2,Desktop,West,Organic,0,Yes,
2903,75c5d60b-18e3-4c4e-b90f-21f857a1ee79,Visit,12:52.8,Tablet,West,Paid,0,Yes,
2904,cb9c1620-35a8-4c26-b0c0-3bddbaf0c294,Visit,37:29.2,Mobile,South,Paid,0,Yes,
2905,6e422307-d37e-4a4b-a6ec-58a11957f664,Visit,42:14.7,Desktop,North,Organic,0,Yes,
2906,a342e0de-b15c-4312-9086-353cfad2821e,View Product,24:36.3,Tablet,North,Organic,0,Yes,
2907,6b92b536-a51f-4758-a479-1f005fda2cf7,Visit,57:30.1,Mobile,West,Organic,0,Yes,
2908,61a07590-9583-4ce9-9a4c-644f291a341a,Visit,07:12.5,Mobile,East,Referral,0,Yes,
2909,8b752a46-5a53-44a0-a149-98eab4dd3cbb,Visit,24:34.4,Mobile,East,Organic,0,Yes,
2910,93d68f47-6cdd-44ed-91b7-ac3440541bde,Visit,34:47.3,Tablet,South,Organic,0,Yes,
2911,fd4f9181-d8fd-4704-ab11-f4beb4e02fd5,Visit,07:06.1,Desktop,East,Referral,0,Yes,
2912,36a13c04-549f-48f1-a64c-7f44e9539c4b,Visit,34:00.8,Mobile,East,Paid,0,Yes,
2913,1d210236-07ce-4049-a727-e59e84722512,Visit,50:36.8,Mobile,East,Paid,0,Yes,
2914,6abc4f81-0c44-4635-8182-d700864623cb,View Product,06:32.3,Desktop,North,Paid,0,Yes,
2915,e8c607c7-5955-414c-b701-2fd4fcd66df4,Visit,45:57.1,Desktop,North,Paid,0,Yes,
2916,758b4c5a-78e4-4d2c-bb6a-b7c3be105153,Visit,42:24.9,Tablet,North,Organic,0,Yes,
2917,f6f302cf-69c7-44ba-8658-da1f461d171f,Visit,03:01.1,Mobile,East,Organic,0,Yes,
2918,e87f04dd-88ff-4f1d-a018-98dd9dd3125b,Visit,03:13.5,Mobile,East,Referral,0,Yes,
2919,4e301d91-a872-45d4-9b51-587c0f6ab903,Visit,58:24.3,Desktop,South,Referral,0,Yes,
2920,e2b6b86c-85a0-4384-8db3-9dde7da1f951,Visit,17:41.7,Desktop,North,Paid,0,Yes,
2921,a2dccdb3-a9ee-464d-996d-cfb04c31f696,Visit,48:05.9,Desktop,North,Referral,0,Yes,
2922,bba78867-e3fd-4387-b6fe-5b02c958d2ff,Visit,04:19.1,Tablet,South,Paid,0,Yes,
2923,96fb3e5d-df86-4153-9073-85afb18bd80b,Visit,42:52.0,Desktop,South,Referral,0,Yes,
2924,25cc1f59-026e-48cf-84cc-6345538d924c,Visit,10:30.3,Mobile,North,Referral,0,Yes,
2925,8c56f846-703a-450f-9fbe-f8ed101d82b0,Visit,48:30.6,Tablet,West,Referral,0,Yes,
2926,43a75dfa-1e42-4613-a352-73c132ff2f67,View Product,00:52.6,Mobile,West,Paid,0,Yes,
2927,dff23fc1-5279-4bd6-8901-f1f17fbc30b2,Visit,52:00.3,Tablet,North,Paid,0,Yes,
2928,a5de60c5-00a6-49aa-9e88-58fdc47bc6f8,Visit,26:11.9,Desktop,North,Paid,0,Yes,
2929,a0d6d77b-8a7c-435a-8f27-75115314a9cb,Visit,07:06.1,Desktop,East,Paid,0,Yes,
2930,9f601041-1027-4448-8f44-4c1167f3d381,Visit,52:18.1,Mobile,South,Paid,0,Yes,
2931,769ec5c4-a26b-482b-b81a-790fe87c6d5f,Visit,57:38.3,Tablet,West,Referral,0,Yes,
2932,773fa6b2-6d22-499a-a666-1ea3eb474448,Visit,46:40.6,Desktop,North,Organic,0,Yes,
2933,0a2c905b-e137-4e5a-8e3c-35778871333b,Visit,11:55.0,Mobile,West,Paid,0,Yes,
2934,bd8d30af-635c-4d79-9f0f-185b9b9625c4,View Product,38:23.7,Desktop,East,Organic,0,Yes,
2935,c0ec79ab-5690-41e6-bdc6-f318dbca0d87,Visit,11:25.8,Tablet,South,Paid,0,Yes,
2936,25536066-4f00-452d-97eb-49fb7fa90007,Visit,41:37.1,Desktop,North,Organic,0,Yes,
2937,c67f4910-db0b-45f2-a832-9d3cfd9d1ce8,Visit,32:12.0,Mobile,East,Organic,0,Yes,
2938,023182ae-c6eb-46c7-8b9a-7fa831443028,Visit,14:20.9,Desktop,West,Paid,0,Yes,
2939,988249f7-1952-4e61-976e-ea897b58b23d,View Product,47:44.6,Desktop,East,Paid,0,Yes,
2940,d3afcc1b-d253-40e2-868a-ed7bd26026f6,Visit,26:05.9,Desktop,East,Referral,0,Yes,
2941,0f50fb23-3ce4-4400-8991-db32990f8e8e,Visit,31:10.3,Mobile,West,Paid,0,Yes,
2942,a126c505-d044-476a-ba76-102745faa466,Visit,29:18.7,Desktop,North,Organic,0,Yes,
2943,6b05d031-0a99-4a7e-bca4-5944c5ffd614,Visit,54:51.3,Tablet,West,Organic,0,Yes,
2944,8bf1ab37-589f-42c9-baaa-55703ee8bcd4,Visit,29:06.0,Mobile,North,Organic,0,Yes,
2945,2c7cabce-84be-4086-9ae8-60e7519bb58e,Visit,27:44.4,Mobile,West,Paid,0,Yes,
2946,99dda31f-aa0f-445a-8d20-fe07deff4835,Visit,23:57.7,Tablet,North,Paid,0,Yes,
2947,a1c1f2fa-304c-478f-b27a-3947e65ce883,View Product,14:21.1,Desktop,South,Organic,0,Yes,
2948,d489d2a9-cdd4-4cf9-9230-4c07813a2265,Visit,32:49.2,Tablet,South,Paid,0,Yes,
2949,bb7057fb-c237-4859-9717-dc82cbd6b07b,Visit,29:20.1,Tablet,West,Referral,0,Yes,
2950,59250627-8eec-4ec9-9660-94b9d3e21cff,Visit,02:08.8,Mobile,North,Organic,0,Yes,
2951,f24a647f-a698-4664-9aab-7aac8c50d469,Visit,30:15.8,Mobile,South,Paid,0,Yes,
2952,9efb493b-b75a-43fc-bca3-cfb795cd8e74,Visit,32:30.1,Desktop,West,Paid,0,Yes,
2953,26fe5e46-f732-4f71-a207-363df90ebc70,Visit,47:37.1,Mobile,West,Referral,0,Yes,
2954,3f7906ca-9515-46a3-b8c5-b182bfa90771,View Product,10:46.9,Tablet,East,Paid,0,Yes,
2955,16655096-32dd-4faa-872d-117166d81f6b,Visit,22:51.5,Tablet,North,Paid,0,Yes,
2956,2a35526f-40b3-43cb-abca-2ad5cb98f55a,Visit,48:54.5,Tablet,North,Paid,0,Yes,
2957,042184b1-261e-4d36-b590-4442ec813ab9,Visit,08:25.8,Mobile,West,Paid,0,Yes,
2958,c39f3593-30d1-44ad-b3ba-b090fc4c157d,View Product,32:54.5,Desktop,West,Referral,0,Yes,
2959,fac7d5a5-8482-435b-a15c-b774c4daca83,Visit,38:40.1,Tablet,South,Paid,0,Yes,
2960,f1f61567-be12-46f7-be99-bc5ca43f347d,View Product,16:34.1,Tablet,North,Organic,0,Yes,
2961,819f535d-553d-445c-97f7-25e3f1c91ac1,View Product,02:02.4,Desktop,North,Paid,0,Yes,
2962,5a88276b-5f50-47e7-a46d-93bf5f41c30f,Visit,58:13.2,Desktop,South,Referral,0,Yes,
2963,ce5749a6-627f-4d24-a3d1-e920ba28f9fe,Visit,02:43.2,Tablet,West,Organic,0,Yes,
2964,79f68c39-c8e5-4baa-a13b-3fa1c7769631,Visit,52:44.3,Desktop,West,Paid,0,Yes,
2965,3c102375-3446-40af-a116-a9eccd115904,Visit,39:23.5,Tablet,East,Organic,0,Yes,
2966,2c3e52b4-cdb4-48e1-88d8-c44e6de00762,Visit,59:28.8,Desktop,South,Paid,0,Yes,
2967,f4d747b4-6eed-4216-a1af-8814bc5ce41f,Visit,13:52.3,Tablet,North,Organic,0,Yes,
2968,a2193f15-150d-40e0-9698-aef6dcc96671,Visit,29:08.3,Mobile,North,Paid,0,Yes,
2969,1ba72f3f-2b93-4049-bc2a-1515a95cc558,Visit,29:49.7,Tablet,South,Organic,0,Yes,
2970,b0949881-c0d0-4b74-b445-d3c2bbc028b6,Visit,52:41.6,Desktop,South,Organic,0,Yes,
2971,30c4e0ce-4223-4dd0-8ef2-b0b72d7c148e,Visit,42:45.6,Tablet,East,Paid,0,Yes,
2972,953b92ed-c114-43c0-970f-cc4c4b7942f6,View Product,34:14.9,Mobile,South,Organic,0,Yes,
2973,dc2f2a49-923d-4f5e-b8cb-6bad77af2d19,View Product,10:29.0,Desktop,East,Organic,0,Yes,
2974,b55569be-8499-4d8c-94bb-845789bfc9ec,Visit,45:13.0,Tablet,West,Paid,0,Yes,
2975,3d24c254-d473-40a0-9dd1-97d659b70cd2,Visit,01:02.2,Mobile,North,Referral,0,Yes,
2976,1a3a6f64-20fd-44b0-941d-c2ced31e5421,Visit,46:47.0,Mobile,South,Referral,0,Yes,
2977,acdb3b3b-fe43-414d-91cd-3beaf7687bd5,Visit,08:45.6,Tablet,West,Paid,0,Yes,
2978,397cc896-3b47-4cc1-9420-3a3b3eed1213,Visit,19:37.2,Mobile,North,Referral,0,Yes,
2979,351ed561-5d4c-421c-891c-6655d8d1fdff,Visit,27:26.0,Desktop,North,Paid,0,Yes,
2980,2cbc2e13-3a18-48ff-9b35-6d14b447cc30,Visit,14:10.4,Desktop,South,Organic,0,Yes,
2981,784cdba2-f2bb-4b45-bade-c2ef630d4f56,Visit,30:04.7,Mobile,West,Paid,0,Yes,
2982,eb64ceb5-a0bd-4561-b8e3-1d952ad89a4a,View Product,38:49.5,Desktop,South,Paid,0,Yes,
2983,94ac8c47-8c3b-4e6e-a74f-37c502649d35,Visit,56:35.9,Mobile,East,Paid,0,Yes,
2984,19542d7e-3bf2-40f0-924c-465a9d7f5a32,Visit,09:40.2,Desktop,West,Referral,0,Yes,
2985,161b782c-f4a8-4b53-a9f8-b5429182d3b2,Visit,37:19.3,Desktop,East,Referral,0,Yes,
2986,f825634e-bf33-48f1-b612-7175c56494fb,View Product,27:39.7,Desktop,West,Referral,0,Yes,
2987,092a3c99-5f93-47fc-ab93-5e35d6868501,Visit,14:04.6,Mobile,West,Paid,0,Yes,
2988,ecd0c377-5ea8-47c4-bc68-b7459319409b,View Product,21:48.6,Tablet,East,Paid,0,Yes,
2989,97482680-cc74-4508-a47b-3e31d8e6c4e7,Visit,57:12.8,Desktop,East,Organic,0,Yes,
2990,44c75b5c-6a82-4d70-b7f1-b263ffaadc3b,Visit,29:15.0,Tablet,West,Referral,0,Yes,
2991,cb4560f1-701c-499f-ab88-2e39c5735d2f,Visit,10:55.1,Tablet,East,Organic,0,Yes,
2992,4c288993-1abd-455d-b345-4347dd485cd9,Visit,03:03.1,Tablet,South,Referral,0,Yes,
2993,7ef874fc-5f44-47ac-8f5a-8e8b2cb3ad8d,Visit,16:14.1,Tablet,West,Referral,0,Yes,
2994,06b51e96-123b-44d5-97b2-c233684ebcd2,Visit,30:37.1,Mobile,East,Referral,0,Yes,
2995,3ec94db7-bdd4-412c-8acd-f1e7e2f05314,Visit,09:23.0,Mobile,South,Paid,0,Yes,
2996,9c46b647-2c4e-41bc-ad17-43bee01b21ca,Visit,45:53.4,Desktop,East,Paid,0,Yes,
2997,2e07520b-c1b4-4796-9780-306e4acb60b7,View Product,01:46.7,Tablet,West,Organic,0,Yes,
2998,b851cf49-8ae9-4e83-84e3-e02aa564512b,Visit,58:00.1,Tablet,South,Referral,0,Yes,
2999,e1a53fe5-c9d8-483a-9207-261eaa08c89c,Visit,52:30.6,Desktop,South,Referral,0,Yes,
3000,27271cfa-1975-4453-9c5f-b1291f70ae4e,Visit,00:09.6,Desktop,East,Referral,0,Yes,
3001,db03e3f5-db19-4fb8-b839-fd7f44613e52,Visit,12:04.6,Desktop,North,Organic,0,Yes,
3002,446e16ba-98e3-47f5-b581-036312a06b0a,Visit,14:35.6,Tablet,North,Referral,0,Yes,
3003,b9501c5c-4fa7-4fbd-b516-abb55f77a6f9,Visit,28:14.1,Tablet,West,Organic,0,Yes,
3004,ef2fa2c6-7df2-4f48-a0ce-9c8727f026f1,Visit,23:15.9,Tablet,East,Organic,0,Yes,
3005,de404abc-6daa-4390-9742-55bf6b5cbdb9,View Product,28:34.4,Mobile,West,Paid,0,Yes,
3006,a7fff6fc-0425-42f2-a0be-c7da602161b3,Visit,30:07.7,Desktop,South,Referral,0,Yes,
3007,0b72e5ba-483b-42e5-a435-431be9dc3e3c,Visit,31:01.9,Tablet,North,Referral,0,Yes,
3008,1d18f279-023b-4789-b50d-c7a55d937648,Visit,48:04.9,Tablet,South,Organic,0,Yes,
3009,455fcac7-ca02-47f4-8fa4-d1b2c94f181c,Visit,44:12.1,Tablet,North,Referral,0,Yes,
3010,738fee28-0469-433e-9b36-2ee3274640d9,Visit,04:04.9,Desktop,South,Organic,0,Yes,
3011,5ddb3dc8-5e30-49a7-997d-7f41a9251c10,Visit,43:30.8,Mobile,East,Referral,0,Yes,
3012,aa2de437-25a3-477f-8445-3c7667b094fb,Visit,03:42.0,Mobile,North,Referral,0,Yes,
3013,64780379-fff0-426c-8178-74b14c6977e4,Visit,43:02.3,Desktop,North,Organic,0,Yes,
3014,e2898342-c198-459c-9d42-0dfb1f78007b,Visit,08:23.2,Mobile,North,Referral,0,Yes,
3015,4ef027ba-283d-4ca2-a469-0b9a42ac21c6,Visit,37:27.8,Tablet,West,Referral,0,Yes,
3016,4a1d5450-e58a-4b34-bde7-9e0248ecdeea,Visit,25:42.9,Mobile,West,Referral,0,Yes,
3017,bee2dddd-52c3-43a9-be77-0e8f8068b7e3,Visit,39:57.7,Mobile,North,Organic,0,Yes,
3018,c00c180d-efb3-4dc7-bf84-ff4345444138,Visit,47:08.0,Desktop,North,Paid,0,Yes,
3019,26feb792-5447-4692-a80d-0a246f5b5384,Visit,02:27.0,Mobile,South,Paid,0,Yes,
3020,95bc3232-203d-48ff-a5f2-98f80777d7f5,Visit,53:14.4,Mobile,West,Referral,0,Yes,
3021,fc9f7d17-a69c-46fb-b932-d4891c79248c,Visit,31:16.0,Mobile,North,Paid,0,Yes,
3022,202e9227-d70e-4440-8d47-2b4c5d0c0927,Visit,07:49.7,Tablet,East,Paid,0,Yes,
3023,341e8a45-f71c-4223-bebc-5b7b8ee5de98,Visit,41:01.1,Desktop,South,Paid,0,Yes,
3024,02da8d57-d0fe-4958-8c55-8917231597ed,Visit,58:34.0,Tablet,West,Paid,0,Yes,
3025,a71dee1e-4dea-4b62-93a3-f76b127ffc7b,View Product,44:03.7,Mobile,North,Organic,0,Yes,
3026,31ac37ef-574d-4a1e-8a68-b348053d6a47,Visit,52:04.3,Mobile,South,Paid,0,Yes,
3027,3ecc4307-f3d7-4a96-92cc-b0361411637b,Visit,20:54.5,Desktop,East,Organic,0,Yes,
3028,2800122f-3ef6-430c-a52a-07b0625d46fa,Visit,39:21.6,Desktop,West,Referral,0,Yes,
3029,e9170044-db1f-48c7-a19b-a13e403ac69d,Visit,04:38.3,Tablet,East,Paid,0,Yes,
3030,454cbcc2-df3d-4f1f-85cb-efc853fcceea,View Product,06:39.4,Desktop,South,Organic,0,Yes,
3031,ede6430b-3b01-4995-9442-32c929c622b4,Visit,15:50.1,Tablet,East,Paid,0,Yes,
3032,fbb4abcf-1c2b-4521-8c2d-e21888b9b79e,View Product,05:16.2,Desktop,North,Organic,0,Yes,
3033,e782f833-8d59-4f74-bd4c-f5e19165a528,Visit,54:53.4,Desktop,West,Referral,0,Yes,
3034,d25251ab-4045-4b82-937a-eb58e808e050,Visit,39:37.5,Desktop,North,Referral,0,Yes,
3035,4f81d488-4baa-4f91-acba-45844c928827,Visit,02:09.1,Tablet,East,Organic,0,Yes,
3036,90c48e50-2671-483f-8223-c411d78b66a4,Visit,45:39.8,Mobile,North,Organic,0,Yes,
3037,3426de50-8538-4ee3-9611-044ab3b2ec46,Visit,36:44.1,Desktop,West,Referral,0,Yes,
3038,a5cdf15c-44da-4ae3-80aa-e9738e6e7669,Visit,36:30.3,Desktop,East,Paid,0,Yes,
3039,4d46be9a-31cc-4cc7-a601-1a5f55ef5537,Visit,28:22.3,Tablet,East,Paid,0,Yes,
3040,62e680e1-fb19-417e-be52-2c6fcb694fd0,Visit,29:25.0,Desktop,West,Paid,0,Yes,
3041,76a61c7d-079c-4e68-8486-50edcfa3a280,Visit,26:22.7,Desktop,East,Referral,0,Yes,
3042,f3283915-6c5f-4b8b-a51a-278c454f1789,Visit,19:14.3,Tablet,South,Referral,0,Yes,
3043,02c70e32-cb61-4896-8c2b-bfe3300b5f44,Visit,32:14.9,Tablet,South,Paid,0,Yes,
3044,39dd457d-caa6-4dd2-9546-045873f26c6c,Visit,33:29.2,Tablet,South,Paid,0,Yes,
3045,ac040ec9-5f8d-413e-8dd8-3f08451d3f33,Visit,44:28.1,Desktop,North,Paid,0,Yes,
3046,45fa9aec-42a7-4779-8c75-b167735728a7,Visit,39:21.2,Desktop,West,Paid,0,Yes,
3047,56cd6160-fcdb-4dde-9b78-53c6776838be,Visit,59:03.9,Desktop,East,Organic,0,Yes,
3048,029fc9de-de35-4163-9670-c9066c857a62,Visit,17:42.3,Desktop,East,Referral,0,Yes,
3049,0a454d1b-b47e-46c0-a4cf-4f8cbf0c58b3,View Product,39:16.4,Desktop,East,Organic,0,Yes,
3050,3c463f1e-a07c-495e-8ba5-2a9bdebe2daf,Visit,00:38.0,Desktop,South,Referral,0,Yes,
3051,ced26986-d84d-44f8-b856-9602af76ecd7,Visit,10:56.4,Mobile,East,Paid,0,Yes,
3052,adf78f6a-279d-4102-b0de-2a4208bfe148,Visit,14:28.8,Desktop,North,Paid,0,Yes,
3053,11529e8c-849c-453b-99b9-f9a93309bb21,Visit,15:20.0,Mobile,South,Organic,0,Yes,
3054,5c2daf11-eace-4dd3-808a-f84d60e79192,Visit,03:57.2,Desktop,South,Organic,0,Yes,
3055,5a4c02ed-1d7c-400c-aee5-5bc1f66e5e43,Visit,03:50.6,Tablet,East,Organic,0,Yes,
3056,a91db1d0-90c2-4a3c-bccc-768da2001dad,Visit,18:59.6,Tablet,South,Paid,0,Yes,
3057,e01315f7-33aa-4032-ae63-640566b1abd5,Visit,45:59.9,Tablet,East,Referral,0,Yes,
3058,b277661b-bb07-4816-ad79-7e94b1d626e8,Visit,35:25.4,Desktop,North,Organic,0,Yes,
3059,496ac2df-51e4-4d0e-97ff-6e6dfe47bcc0,Visit,44:52.7,Desktop,South,Organic,0,Yes,
3060,55c4b29d-fd5e-418a-8f9e-f257c07331d2,Visit,38:15.4,Desktop,South,Organic,0,Yes,
3061,bee6e57c-830a-491c-bf97-1e190fb0f762,Visit,15:33.3,Tablet,West,Paid,0,Yes,
3062,9c013092-0c90-417f-9a80-dbcb4df03788,View Product,25:38.3,Mobile,North,Referral,0,Yes,
3063,32dae7e3-30c1-4b63-bce8-2f96ede012e3,Visit,56:31.5,Desktop,North,Referral,0,Yes,
3064,3406d33d-b691-462d-afba-e45af8e7d7df,Visit,41:15.1,Mobile,East,Organic,0,Yes,
3065,5c4f02b6-c6d7-481c-888a-fd41b16de818,Visit,28:17.1,Mobile,North,Referral,0,Yes,
3066,0cfec800-f064-4c92-870a-89aaed982c87,Visit,55:24.0,Desktop,West,Referral,0,Yes,
3067,c801c7a2-7e65-4108-b67b-e8caa07e2cad,Visit,09:06.5,Tablet,East,Referral,0,Yes,
3068,c6ab763b-9c81-47da-9d01-ef9962bf0422,Visit,17:24.8,Tablet,South,Referral,0,Yes,
3069,8672af4a-76f0-4fb6-a05a-0955ba4101dd,Visit,20:19.4,Desktop,South,Organic,0,Yes,
3070,7e42fe02-b2c2-4cc6-9dfa-b9931be2459e,Visit,11:25.6,Tablet,West,Paid,0,Yes,
3071,afbaa946-0753-4d07-8d3c-fafbddf9f57a,Visit,25:57.3,Desktop,West,Referral,0,Yes,
3072,da8f5673-b532-477a-a7bb-c86c4f873886,Visit,57:13.7,Desktop,West,Organic,0,Yes,
3073,c6ce023a-f4a5-4b2a-ae6f-2fbf74706b79,Visit,35:23.1,Desktop,South,Organic,0,Yes,
3074,e626174a-6b00-46ba-b933-424f6e571ca5,Visit,00:05.7,Tablet,North,Paid,0,Yes,
3075,28851f59-3d13-47a2-bc38-8746c49021af,Visit,30:28.3,Desktop,North,Referral,0,Yes,
3076,d58227bf-d590-4e5a-9359-c781f8698f0d,Visit,37:49.2,Tablet,North,Referral,0,Yes,
3077,71c3b434-b504-4be2-a45b-2543df0e2e5a,Visit,22:56.6,Mobile,North,Organic,0,Yes,
3078,e156b052-5ca3-408c-bf37-76a043245287,Visit,05:50.9,Mobile,North,Organic,0,Yes,
3079,111c2474-5b13-44de-9208-6cd36836b310,Visit,08:19.3,Tablet,South,Referral,0,Yes,
3080,900d07e1-ded7-4e1f-ab5a-edcdc904bf2f,Visit,04:52.1,Tablet,South,Referral,0,Yes,
3081,c6f2627e-0133-4789-aadf-12d767eb4e9f,Visit,44:42.3,Tablet,East,Paid,0,Yes,
3082,d2bdbb51-41e4-4d1e-a406-7e3b70084e52,Visit,28:42.1,Mobile,East,Organic,0,Yes,
3083,0d15f227-5ae7-43ab-8372-f5661c0a2df5,Visit,56:43.5,Mobile,West,Referral,0,Yes,
3084,7624571c-3da9-4b66-ac28-deef5c46918e,Visit,07:37.6,Tablet,West,Organic,0,Yes,
3085,6b5e98fe-2368-47d8-a456-b0c8a9a9055e,Visit,16:23.0,Tablet,North,Organic,0,Yes,
3086,2f65fba4-0d83-4c66-9397-3065d93fff0a,View Product,22:56.3,Desktop,West,Organic,0,Yes,
3087,741aa3ac-1fa7-409c-bd66-8f7fa1a7c45d,View Product,17:11.9,Mobile,North,Referral,0,Yes,
3088,e252ddc3-f121-445b-b336-c38a6624c596,View Product,27:16.3,Tablet,East,Paid,0,Yes,
3089,c729a499-2b35-46aa-8daa-a3b4b68d8f2a,Visit,01:19.2,Tablet,East,Organic,0,Yes,
3090,c53713f2-efae-409f-bd16-343756f6c4b9,Visit,27:43.2,Desktop,North,Referral,0,Yes,
3091,afb68552-b8be-4a17-b8e1-7e2800cc71dc,Visit,25:16.0,Desktop,East,Referral,0,Yes,
3092,d0dcf929-d7b8-445c-86db-e761985e4ade,View Product,28:03.0,Desktop,West,Referral,0,Yes,
3093,646a1f3e-573b-41d0-be4b-c68bc30192ef,Visit,00:28.1,Tablet,West,Referral,0,Yes,
3094,4211d904-3a6a-4c32-a3a0-0c45cf7bd06f,Visit,30:13.6,Tablet,South,Paid,0,Yes,
3095,c52d8e84-fe36-4627-9b37-d190ccc36200,Visit,43:26.6,Desktop,East,Referral,0,Yes,
3096,f0d1e19e-7cfa-49fd-b5ba-db895e237d40,View Product,01:18.0,Desktop,South,Organic,0,Yes,
3097,6043d9b9-d144-41f5-a47b-f5171672a8a9,Visit,17:44.2,Tablet,South,Organic,0,Yes,
3098,c3ab5932-31c8-48c3-8100-7739cd92ccfb,Visit,06:48.9,Desktop,South,Organic,0,Yes,
3099,b049d1fc-a383-4267-ac79-f4e5ef5353cb,Visit,45:56.0,Mobile,East,Referral,0,Yes,
3100,2d7c3157-1550-4aa4-8f64-2d15d962bec7,Visit,05:34.2,Mobile,East,Paid,0,Yes,
3101,bdee43c5-0233-479c-ac7f-13713ec68113,Visit,53:02.6,Mobile,South,Referral,0,Yes,
3102,0e1cb89a-cf0b-4810-8574-3dc157a0931c,Visit,39:55.2,Tablet,South,Referral,0,Yes,
3103,18b9b62d-e633-4ba6-a020-85879f6c4c37,Visit,54:35.9,Mobile,West,Paid,0,Yes,
3104,c6fc3fa4-0226-48a6-9a20-63cd8d5790eb,Visit,38:37.7,Desktop,North,Referral,0,Yes,
3105,3891fedc-69ba-4d5f-8531-5bab0edc8e52,Visit,17:51.6,Desktop,North,Organic,0,Yes,
3106,60d29ede-3fab-46a2-87c6-25e468937d3c,Visit,30:48.0,Desktop,North,Organic,0,Yes,
3107,cd50d359-7b4d-4c48-b503-492999d29d06,Visit,16:07.1,Mobile,West,Referral,0,Yes,
3108,b8a5a8a7-e866-464d-b419-9d232200f937,Visit,15:10.9,Mobile,South,Referral,0,Yes,
3109,00713ad0-2c81-4e1e-a778-7df0255cc914,Visit,33:40.4,Mobile,North,Organic,0,Yes,
3110,62a480ae-d30d-4e1b-9d5c-785c85e42708,Visit,44:35.2,Desktop,East,Organic,0,Yes,
3111,640de9e6-1b19-4a35-8b70-e46a14bd54c9,View Product,46:39.8,Desktop,North,Organic,0,Yes,
3112,4b41ca19-2b50-4601-bc73-5c6caff6ab0d,Visit,04:04.9,Mobile,East,Paid,0,Yes,
3113,c1f91a38-4233-4975-aeaf-84f7b319042a,Visit,50:45.3,Tablet,West,Organic,0,Yes,
3114,ecdc381f-e895-415f-af02-55a5c99611ec,Visit,25:45.6,Tablet,South,Paid,0,Yes,
3115,d7dcee0d-af46-4e03-9646-a4e7a5b2e436,Visit,37:44.0,Tablet,South,Referral,0,Yes,
3116,1031b9a2-774f-4f8a-8da5-660699d97521,Visit,38:58.8,Desktop,West,Referral,0,Yes,
3117,c0d9e142-42e4-4130-ad52-aecf155ab3f9,Visit,24:13.0,Desktop,North,Paid,0,Yes,
3118,3bc1d565-525b-4284-bbd0-9c6a8119d2c8,Visit,44:18.5,Tablet,West,Referral,0,Yes,
3119,1b4c8969-c554-4c5d-8904-3f92b2d3a594,Visit,35:34.9,Desktop,South,Organic,0,Yes,
3120,10ac87f4-7ec6-46e4-a7d4-9039ee09e0c5,Visit,28:13.2,Mobile,North,Organic,0,Yes,
3121,95d6ebd5-d2c5-45a1-841a-53d8d11ac0bc,Visit,05:31.4,Mobile,North,Organic,0,Yes,
3122,c71ed0a2-67f6-43a6-a72f-835bcc354370,View Product,16:02.3,Desktop,North,Organic,0,Yes,
3123,359bfa7a-d90d-4775-882c-a1410f9ed6a0,Visit,16:34.0,Mobile,East,Referral,0,Yes,
3124,e506979b-b531-4696-be3e-21b827f714bf,Visit,15:51.6,Desktop,West,Referral,0,Yes,
3125,24c7722a-d9c9-45c0-9959-5ec4fafb0ff3,Visit,59:55.0,Tablet,North,Organic,0,Yes,
3126,cc54d325-4b71-46d4-bf5e-cfc536959ee5,Visit,04:58.7,Tablet,East,Paid,0,Yes,
3127,4baf5729-f6c6-4bc3-ba90-e431814e72ae,Visit,46:41.5,Desktop,South,Organic,0,Yes,
3128,5327f641-29d8-4679-8595-e02bc156e6a6,Visit,40:27.4,Mobile,West,Organic,0,Yes,
3129,73f91671-d42c-4c18-98f5-3a0993e0dde9,Visit,19:33.7,Tablet,South,Organic,0,Yes,
3130,62a3b0ca-7439-4cd2-8105-8f5529bbe0d0,Visit,26:24.6,Desktop,West,Referral,0,Yes,
3131,98a83414-53bc-4cd8-a738-6e210cb3547e,Visit,34:52.5,Mobile,South,Referral,0,Yes,
3132,37852dbb-9242-48c7-a79f-b957a3c337a0,Visit,35:27.6,Mobile,West,Referral,0,Yes,
3133,6f370e29-7b3c-4c40-a984-79821dcb95ca,Visit,31:19.1,Mobile,East,Organic,0,Yes,
3134,39ee692b-3a79-41bc-9942-78fb7d0eff30,Visit,29:38.3,Mobile,North,Referral,0,Yes,
3135,b9a92a64-d466-4409-9a66-e89eb5694bb6,Visit,49:26.7,Desktop,North,Referral,0,Yes,
3136,3f0c7930-9f19-4c0f-84ba-6903c4e51740,View Product,07:41.8,Tablet,West,Referral,0,Yes,
3137,c19dca66-e95c-4390-ac7d-ef09760e5ee8,Visit,30:59.6,Mobile,East,Paid,0,Yes,
3138,66596df8-2d90-4e33-9514-03bc8385dd27,Visit,49:54.3,Tablet,West,Paid,0,Yes,
3139,f9048cea-e116-4f4f-8930-7f21dcc0188b,Visit,21:01.9,Desktop,South,Organic,0,Yes,
3140,f0cc7712-aadb-4992-94d4-43bf8bf1f86c,Visit,20:06.0,Mobile,East,Paid,0,Yes,
3141,45280fbc-4499-4980-a23b-f17b86c68010,View Product,24:50.4,Mobile,South,Paid,0,Yes,
3142,957534f9-a9e6-44fc-95dc-ddf240d35d9d,Visit,48:03.8,Mobile,North,Referral,0,Yes,
3143,642883d4-3ff8-4923-a679-93f5e75c8f1f,Visit,15:33.8,Desktop,East,Paid,0,Yes,
3144,c7057438-4c0f-4dc5-ae29-511e879c9d86,Visit,18:18.5,Desktop,South,Paid,0,Yes,
3145,66d8471d-f729-4d64-b15f-9d820176f09b,Visit,48:03.0,Mobile,East,Paid,0,Yes,
3146,2c9602a2-7854-4fb4-8cec-f2213066bbd9,Visit,14:51.0,Desktop,North,Organic,0,Yes,
3147,7f812641-81f0-4d31-8142-01c90570560f,Visit,36:03.9,Tablet,West,Organic,0,Yes,
3148,3920b938-5d18-4a44-9988-4fc72b6f2514,Visit,40:10.0,Tablet,East,Paid,0,Yes,
3149,7bd6a2a1-38a8-4962-a8d2-30e977d3f0fd,View Product,28:15.7,Mobile,South,Organic,0,Yes,
3150,49f04119-76fd-4176-8b28-ccbe16ba762a,Add to Cart,43:56.6,Desktop,East,Organic,0,Yes,
3151,5b5255b7-437c-4179-b5e6-cdf4ba980a3f,View Product,57:06.3,Mobile,East,Organic,0,Yes,
3152,2e7dd817-9235-4f59-bf71-9b180ce3ead9,Visit,21:45.2,Desktop,South,Organic,0,Yes,
3153,d4957595-5d0b-4eb4-92be-f952a44bd3b2,Visit,20:17.9,Desktop,West,Paid,0,Yes,
3154,f9af251f-50c3-4059-9849-64ab94a625b6,Visit,08:58.2,Desktop,North,Referral,0,Yes,
3155,a00e0c02-a066-48f4-9c35-aa7813193ddf,Visit,50:04.8,Desktop,East,Paid,0,Yes,
3156,c4338d32-b6c7-41ef-a321-e6a1702a90ee,View Product,01:25.0,Desktop,East,Organic,0,Yes,
3157,156fe23a-61ec-4be4-893f-e049f01c62be,Visit,14:59.1,Tablet,West,Paid,0,Yes,
3158,204a2afa-cb43-4ccb-9a86-c90d5f7ac3e5,Purchase,23:33.3,Mobile,South,Paid,1650,No,No
3159,64d32515-de2a-4bdc-b117-aa3ce3eb2b51,Visit,03:39.2,Mobile,North,Paid,0,Yes,
3160,cb0b6b4f-db48-4af5-b93c-ea127eb91128,Visit,03:39.5,Desktop,East,Referral,0,Yes,
3161,53db6b19-8ae3-4ad4-9e66-1cc34ba25b2c,Visit,39:12.3,Desktop,South,Organic,0,Yes,
3162,94be7b13-d641-4ac0-a167-9d285de2c32a,Visit,58:33.7,Tablet,South,Referral,0,Yes,
3163,9d3bd300-ea7c-4dcf-b7d3-c27498df6aa5,View Product,39:01.1,Desktop,East,Organic,0,Yes,
3164,c6f4576a-80af-4aed-bc79-4938058a28e1,Visit,02:15.0,Desktop,North,Paid,0,Yes,
3165,9313e15e-cc4f-42f3-8fb4-e4f0c779c3fc,View Product,25:52.2,Mobile,South,Referral,0,Yes,
3166,388427fd-13c4-4c79-8843-d6bbdab7e996,Add to Cart,53:27.8,Tablet,East,Organic,0,Yes,
3167,26aca1a2-31a4-4345-a808-cc78edb0260e,Visit,37:43.3,Desktop,South,Referral,0,Yes,
3168,15886742-5180-4b55-bdd4-8e645b579b1b,Visit,53:00.2,Tablet,East,Referral,0,Yes,
3169,065ef507-efb9-4f0b-9955-4af6d09f74b9,Visit,08:25.7,Desktop,East,Organic,0,Yes,
3170,b6f0f187-a88a-476e-8697-103e3c270ec4,Visit,25:58.7,Desktop,North,Paid,0,Yes,
3171,a3d8f374-59e8-4486-9c30-be8b649b3826,Visit,15:34.6,Tablet,West,Organic,0,Yes,
3172,020fecab-fa0f-4e5b-9bda-80600143639e,Visit,01:57.0,Desktop,East,Organic,0,Yes,
3173,b3132a86-0bd8-415a-92d9-296a5693b3c2,View Product,41:23.6,Mobile,North,Organic,0,Yes,
3174,ebb686f3-7ae1-4c02-ac22-9833e2cc1ea8,Visit,39:48.5,Mobile,East,Referral,0,Yes,
3175,958a926b-794f-484f-bb0b-7dacace4d6f5,Visit,55:33.7,Desktop,North,Paid,0,Yes,
3176,0a65c97b-b425-4846-8079-d89b969e7656,Visit,06:02.1,Tablet,North,Paid,0,Yes,
3177,d0af2f70-4c5c-4d71-ac8b-9aa039111d72,Visit,37:06.1,Desktop,East,Paid,0,Yes,
3178,5e021486-eda2-42a1-ad8a-c7b2bb8fc6a8,Visit,53:44.8,Mobile,West,Organic,0,Yes,
3179,be1c26db-bb66-4693-8bc3-8fa5e29a483e,Visit,14:22.0,Desktop,South,Organic,0,Yes,
3180,ee5d2f04-a259-459d-8de6-80aa3c1d53e9,Visit,49:54.5,Mobile,East,Organic,0,Yes,
3181,9bf740fd-496a-4da6-ba32-93c0b95cfa1f,Visit,03:58.9,Mobile,South,Referral,0,Yes,
3182,c226f6d2-19ca-4301-b040-854dc031bf6e,Visit,27:32.9,Mobile,West,Referral,0,Yes,
3183,6dc5c15f-9b95-41de-9d6c-f2788755a868,Visit,29:20.5,Tablet,South,Organic,0,Yes,
3184,073ff280-ef7f-4e60-9e4a-ef2f12addafc,Add to Cart,38:46.3,Mobile,South,Referral,0,Yes,
3185,645e6c01-2618-4946-b1e0-339702a78500,Visit,55:23.8,Tablet,East,Organic,0,Yes,
3186,49111dbb-ef29-46c5-a516-8e7d715f22ef,Visit,44:47.9,Mobile,South,Organic,0,Yes,
3187,d410203c-0824-4e6c-9aa8-1aa270af18ab,View Product,10:19.9,Desktop,South,Referral,0,Yes,
3188,e9a7b5a7-ca4a-44b4-bd10-c88b5d2df28d,View Product,29:57.3,Desktop,North,Organic,0,Yes,
3189,fa66e552-7e45-45a6-a1aa-4ecda04ad931,Visit,36:56.1,Mobile,East,Paid,0,Yes,
3190,558ec71a-3fe2-490e-91b8-84f09395ef28,Visit,43:12.9,Mobile,South,Organic,0,Yes,
3191,49cd40e7-b44a-4a77-83fa-8abb657b4879,View Product,49:02.9,Tablet,East,Organic,0,Yes,
3192,74150927-aa6b-4685-a925-76e913397814,Visit,13:06.7,Desktop,East,Organic,0,Yes,
3193,b1395f4d-5779-4aff-bf87-10ff1baa2339,View Product,07:19.3,Mobile,South,Organic,0,Yes,
3194,e0efa51b-fe4d-4f32-8f10-aa69cffb71e7,Visit,23:41.3,Mobile,North,Organic,0,Yes,
3195,c17ecea2-e5e4-41ce-ab27-174a6fc4a0b6,Visit,46:45.2,Mobile,East,Paid,0,Yes,
3196,03a6e82f-2953-4bb3-a47c-1e14d9a1c226,Visit,08:16.0,Mobile,North,Paid,0,Yes,
3197,998ddd55-38f8-4d44-b652-ee4df40bcefe,Visit,02:34.9,Desktop,East,Paid,0,Yes,
3198,a2e72f5e-0f09-4e8f-95f5-d80e55c5c23a,Visit,43:09.9,Mobile,West,Referral,0,Yes,
3199,2257cf4b-fa99-4a27-9412-993dd5cf658e,Visit,34:59.6,Desktop,South,Paid,0,Yes,
3200,2c432847-a603-44a0-8a73-43243d63c89a,Visit,09:00.4,Mobile,East,Paid,0,Yes,
3201,ecd57c9c-e015-4196-abcf-ce7153d3e079,Visit,39:17.3,Desktop,West,Organic,0,Yes,
3202,e516568a-c387-46da-b4e0-0caf936ad849,Visit,09:07.5,Tablet,West,Paid,0,Yes,
3203,bb92505a-07e3-465c-a6e2-6992c7de7dd7,Visit,45:47.2,Desktop,West,Referral,0,Yes,
3204,1083ef03-3730-4914-9cf5-1904d6553a11,Visit,46:43.9,Desktop,East,Organic,0,Yes,
3205,58b454c3-1d2b-41d5-9e39-3f2a0bfc5932,Visit,52:35.6,Desktop,West,Paid,0,Yes,
3206,cb4c86ec-7db1-4582-99eb-c026eece4ca5,Visit,46:15.6,Mobile,North,Referral,0,Yes,
3207,033a37be-b8e5-4721-9760-a8a8e199ae8b,View Product,54:27.1,Tablet,North,Organic,0,Yes,
3208,fd0b9d01-7a4f-442c-b472-a5876f1184f4,Visit,03:35.7,Desktop,South,Paid,0,Yes,
3209,ba163f63-460b-4b35-bd1e-872a6544d12c,Visit,50:48.9,Mobile,East,Organic,0,Yes,
3210,04b19036-79be-49b2-a3ff-e1ca83a4a135,Visit,30:26.0,Tablet,South,Referral,0,Yes,
3211,a586d4ec-5c92-4020-9c95-d44d43475a30,Visit,24:18.7,Tablet,South,Referral,0,Yes,
3212,0e15cc2d-1d2a-4cda-804d-6183ca80b580,Visit,57:57.7,Desktop,East,Referral,0,Yes,
3213,f4274ec7-ad16-4563-947a-e41d517181ec,View Product,41:01.2,Desktop,West,Referral,0,Yes,
3214,59991bdb-3d4c-4972-8a95-8e86d10246c9,Visit,16:49.1,Desktop,South,Paid,0,Yes,
3215,9b305eeb-25b0-4305-b419-3c901376e384,Visit,38:58.1,Desktop,South,Referral,0,Yes,
3216,4c3383f7-a1b0-474e-ab15-e0264db0e74d,Visit,45:52.8,Mobile,West,Organic,0,Yes,
3217,6b5ad4b5-49a3-4f97-885e-e7a8e9a4e8db,Visit,34:18.0,Desktop,North,Referral,0,Yes,
3218,5bf780ad-56ac-4de5-9ffa-6e818be48758,Visit,42:18.1,Mobile,West,Organic,0,Yes,
3219,ee53a01d-b3c8-4ec6-a50d-60d6d0635926,Add to Cart,22:31.4,Tablet,West,Referral,0,Yes,
3220,f6fe6987-b665-4c95-aae9-7aa5904cbb70,Visit,30:54.7,Mobile,East,Organic,0,Yes,
3221,f9576fbb-5b03-4c1d-b068-6eec309e1240,Visit,31:12.8,Tablet,East,Organic,0,Yes,
3222,972f6793-2fc0-4035-ac29-1c75ecf7874f,Visit,02:48.0,Tablet,East,Referral,0,Yes,
3223,b396cc25-b039-470c-b398-52a23b9bae69,View Product,21:22.2,Mobile,North,Referral,0,Yes,
3224,3a7e9222-f902-4590-9e42-963c417857c9,Visit,33:22.6,Desktop,West,Paid,0,Yes,
3225,8a4a2c8a-36ee-429a-a6fd-5c1ba1d7eddb,Visit,29:48.1,Mobile,East,Organic,0,Yes,
3226,ad1cea4b-c51e-4232-98d8-04b43a192801,Visit,05:58.4,Desktop,North,Referral,0,Yes,
3227,7a13ff4f-1f1e-4282-b986-c94d07d45677,Visit,43:43.9,Tablet,South,Paid,0,Yes,
3228,26df4cd6-74d3-4ca0-8d1c-dcdcae78b9db,Visit,08:14.1,Desktop,East,Paid,0,Yes,
3229,8fea086a-48ff-4caf-bcda-ed0a22a7ff6c,Visit,13:49.3,Tablet,South,Paid,0,Yes,
3230,d3549889-a59c-4414-be54-6cc7a7e9ec9a,Visit,55:11.4,Desktop,West,Organic,0,Yes,
3231,75cf41ee-c199-444d-8f69-d60bfd4f8d0e,Visit,44:08.6,Tablet,East,Organic,0,Yes,
3232,4a853110-7f63-46f5-8c6d-c93417ab2560,Visit,52:48.6,Tablet,East,Organic,0,Yes,
3233,af30543a-fee9-45c0-a9ac-3a951b52904d,Visit,41:51.6,Desktop,North,Organic,0,Yes,
3234,c1616d5f-8b8a-43dc-9ec5-7ef11e467f59,Visit,51:45.2,Tablet,South,Organic,0,Yes,
3235,e5012a5e-1494-4a8c-8541-a3f14cb7aac3,Visit,47:31.4,Tablet,West,Organic,0,Yes,
3236,289b1c0a-3f61-4c92-bf58-74396931d62e,Visit,04:46.3,Mobile,West,Paid,0,Yes,
3237,7f25b475-d2e2-45dd-9566-015fcba8e7e2,Visit,08:38.3,Desktop,West,Organic,0,Yes,
3238,b3e80d25-ebb7-4b5b-9e4d-95a270206225,Visit,08:07.0,Tablet,North,Paid,0,Yes,
3239,4fc6601e-b340-48fe-9f0d-4f917e8070a8,Visit,05:40.0,Desktop,North,Organic,0,Yes,
3240,33a3f74f-ffec-478d-90a6-a2ff8c3e07ce,Visit,00:28.0,Tablet,East,Paid,0,Yes,
3241,36463dab-877e-4221-8d16-81c2253663a5,Visit,31:00.3,Tablet,East,Organic,0,Yes,
3242,5dcc87f9-1a61-4b45-ad22-9db2a85b2313,Visit,24:27.2,Desktop,South,Paid,0,Yes,
3243,e0e6e386-7c76-4c66-9b58-5b4ce2aa67f8,Visit,22:31.8,Tablet,East,Organic,0,Yes,
3244,caa5a3a0-6db7-47cb-a6c2-5e858be9f763,Visit,36:51.4,Desktop,South,Organic,0,Yes,
3245,75111a6b-38d1-4bbf-91ca-48b9fb7ddf5c,Visit,24:21.9,Tablet,East,Referral,0,Yes,
3246,5ad655ae-5688-4633-a817-1eb8ae8fee3a,Visit,48:35.6,Mobile,South,Referral,0,Yes,
3247,413ae8a1-565d-4c9e-b47d-6ccfa4cfa9e2,View Product,39:52.4,Desktop,North,Organic,0,Yes,
3248,3e1342af-4f0f-4c65-9372-7de251c47d0e,Visit,17:41.7,Desktop,East,Referral,0,Yes,
3249,cd9d9823-8490-4b3c-9cf0-3ca6d520aec3,Visit,39:12.5,Tablet,West,Referral,0,Yes,
3250,cbe5676b-d62a-4a68-ae8f-55ea3cd0afe0,Visit,40:02.5,Mobile,South,Organic,0,Yes,
3251,5e7166b5-8c52-4103-a54a-2ddb09e862bc,View Product,08:38.6,Tablet,South,Referral,0,Yes,
3252,22ba6fc3-a72d-43ce-9005-196819fd3287,View Product,38:42.0,Tablet,South,Paid,0,Yes,
3253,d5750bcf-f674-4e90-86fc-a872ecdf328f,View Product,52:00.1,Mobile,North,Referral,0,Yes,
3254,0a7e1a11-84ca-413b-99e4-5f7f4f214658,Visit,41:03.7,Mobile,East,Referral,0,Yes,
3255,a2a83d55-6c3b-4c1c-9f7c-db7392ab6d5a,Visit,10:47.4,Mobile,West,Paid,0,Yes,
3256,b6a3ceb8-bcc9-40a6-a7a1-394ca05bb20b,Visit,49:58.4,Desktop,South,Paid,0,Yes,
3257,5fb7e329-7faa-4d72-b682-16ef595ab134,Visit,17:16.6,Tablet,East,Organic,0,Yes,
3258,af6cd418-5839-47c5-81b4-bb15a16e2811,Visit,53:36.3,Tablet,East,Organic,0,Yes,
3259,d8dcb667-5857-40f2-a13e-36edd64dcc9f,View Product,08:37.4,Mobile,South,Organic,0,Yes,
3260,0bf188d3-854e-45dd-a76c-c1b1a39bd0ed,Visit,23:46.4,Mobile,South,Organic,0,Yes,
3261,c2a6f09c-9881-4d10-923d-3ecba4f6a7fa,Visit,46:45.6,Desktop,East,Paid,0,Yes,
3262,8b2e6318-ebeb-4f33-b0c2-0164928a93d8,Visit,53:52.0,Mobile,East,Organic,0,Yes,
3263,0f726fe6-5f26-4ac8-aaa3-736bc0555f84,Visit,04:17.9,Mobile,West,Organic,0,Yes,
3264,0fe44e67-d6bd-4c6c-8956-c3baa2f4a818,Visit,59:38.4,Mobile,North,Organic,0,Yes,
3265,3d6783e8-210d-4fbf-9cd4-bf468b7b8cdf,Add to Cart,16:58.9,Mobile,West,Referral,0,Yes,
3266,a9a1c486-0388-42d4-bac5-148d08136367,Visit,21:13.1,Mobile,North,Paid,0,Yes,
3267,6d1279ac-5486-4516-ae6a-87eb822eb83e,Purchase,16:21.8,Tablet,South,Paid,778,No,No
3268,6211307f-ddc4-48cf-ab00-5350d2a62821,Visit,55:25.0,Mobile,North,Referral,0,Yes,
3269,43755dd1-251d-46de-8006-84da2a0104d6,Visit,44:35.5,Desktop,East,Referral,0,Yes,
3270,fbf4ffc1-a5f8-4b21-9b14-16e5af0bc631,Visit,40:34.3,Tablet,North,Organic,0,Yes,
3271,04ccfe7b-7354-4767-ad9f-92c244d46676,Visit,42:04.3,Tablet,West,Paid,0,Yes,
3272,d26e0f08-93b5-40fa-845d-a2f3151350cc,Visit,51:05.7,Tablet,East,Referral,0,Yes,
3273,8879984b-79aa-433c-bf69-5b41df993bd6,Visit,00:45.5,Tablet,South,Referral,0,Yes,
3274,7f880439-8b12-437c-a100-61e5c8ffb5dd,Visit,48:47.6,Mobile,North,Paid,0,Yes,
3275,bfc88d71-611c-4bf3-a333-fdd7daaadae6,Visit,25:12.5,Desktop,North,Referral,0,Yes,
3276,29ad25a5-d5ca-4ff0-b0b3-bcbfb97df2a5,Visit,35:08.3,Desktop,South,Organic,0,Yes,
3277,a4935e47-de8f-47ed-9bb5-ca15a6c96f47,Visit,53:00.2,Tablet,North,Referral,0,Yes,
3278,b905a91c-f100-4921-9bf8-c35593d45237,Visit,48:10.9,Mobile,West,Organic,0,Yes,
3279,8536b2f8-afa4-455e-85db-e1cf41425ae0,Visit,15:42.7,Desktop,East,Organic,0,Yes,
3280,1b5e39a3-1c23-4fba-9ebd-9c5c56054679,Visit,47:28.8,Mobile,East,Referral,0,Yes,
3281,d2382cbc-2367-4a0b-881b-17ce4f5a3344,Visit,17:56.2,Tablet,South,Paid,0,Yes,
3282,43d5b5f0-0565-4053-9b7b-e39579810b3d,View Product,05:29.4,Desktop,North,Paid,0,Yes,
3283,ed4f4867-f987-4da9-a898-7b08b30b0eaa,Visit,18:38.3,Mobile,North,Referral,0,Yes,
3284,67a2fd6c-d00b-4cd9-8b61-4245b3bfd832,Visit,25:36.0,Mobile,West,Paid,0,Yes,
3285,37215eda-7fc6-4157-b4d0-f38a935087eb,Visit,24:18.6,Desktop,North,Referral,0,Yes,
3286,6dbb01b3-7f7b-4051-a30e-611cedf29ee5,Visit,42:28.7,Mobile,South,Paid,0,Yes,
3287,ced24cc8-3e0c-4050-99b1-be6057261402,Visit,57:16.9,Mobile,West,Referral,0,Yes,
3288,b08c8faa-8604-493d-b3ef-514f773d0a98,Visit,50:22.3,Mobile,East,Paid,0,Yes,
3289,c410168a-3914-452e-a7e9-8ec45dd965c8,Visit,46:25.2,Desktop,East,Referral,0,Yes,
3290,33b9bf16-84c2-492b-b2ea-f1f86e22097d,Visit,15:11.9,Mobile,South,Paid,0,Yes,
3291,37a32817-1879-4e10-ba7d-3ae0753d4fcf,Visit,54:16.1,Tablet,North,Paid,0,Yes,
3292,deb7d615-c77e-4f36-8799-4e35ee3d70ae,Visit,38:21.8,Tablet,North,Paid,0,Yes,
3293,5d1b094a-e449-41c8-b5d9-c7f6e958d469,Visit,37:40.4,Tablet,South,Paid,0,Yes,
3294,5835457a-fa5f-4db2-a9c5-131e2ab7928f,Visit,46:04.5,Mobile,North,Organic,0,Yes,
3295,105f99bc-a874-4293-971e-85adde5bbdf2,Visit,59:36.5,Mobile,North,Organic,0,Yes,
3296,b4eef05b-542e-4859-a14c-171e3b0c1beb,Visit,40:44.7,Desktop,West,Paid,0,Yes,
3297,4be1756c-0297-4cfd-a87e-866147a5080d,Visit,17:55.2,Tablet,East,Organic,0,Yes,
3298,a991f1aa-492c-4ef4-8ddf-3aa0ca703a29,Visit,36:49.3,Mobile,South,Organic,0,Yes,
3299,3db5c0b1-3786-4fea-b60c-4f28a9db337a,Visit,13:28.2,Tablet,West,Referral,0,Yes,
3300,30da5d42-0e3e-47bf-af34-a27e38a45038,Visit,00:49.4,Tablet,West,Paid,0,Yes,
3301,3d6aa44e-415c-493f-9ab1-a3d97489b404,View Product,50:25.7,Desktop,East,Referral,0,Yes,
3302,832cb0d9-cfe1-411c-a91a-7c639b55800a,Visit,07:42.0,Desktop,East,Referral,0,Yes,
3303,7a52579e-5689-4f7c-8669-8466be6bddb5,Visit,15:02.6,Mobile,East,Paid,0,Yes,
3304,467d3f6e-8955-48d0-8d94-aa8a6858c4f6,View Product,02:49.7,Desktop,South,Paid,0,Yes,
3305,7e65d087-57d7-49c0-a85d-af6002456621,Visit,54:25.3,Desktop,North,Referral,0,Yes,
3306,52ebc297-4ff6-4868-8a64-47b3c382d132,Visit,14:39.2,Mobile,East,Organic,0,Yes,
3307,89b0a388-1053-4bc7-8675-bcd6ee385289,Visit,13:30.4,Tablet,East,Organic,0,Yes,
3308,2d3952de-4c5f-4f7a-95c3-ac0a7cef690e,Visit,10:10.9,Tablet,North,Referral,0,Yes,
3309,1d3b1aa8-1c68-45ec-b43c-803257b0311b,Visit,13:34.6,Tablet,North,Referral,0,Yes,
3310,2efb70bc-6fbd-47a3-a506-f9a1fb828e63,Visit,55:21.0,Mobile,South,Referral,0,Yes,
3311,258ba3fd-2960-47b5-84ee-e4e1aff75dde,Visit,15:40.5,Tablet,North,Referral,0,Yes,
3312,da4f31f7-796a-4129-bdd2-1653b1f70555,Visit,09:34.7,Desktop,East,Paid,0,Yes,
3313,9d19e56e-e5ad-4fd2-bb59-50b01a0796ec,View Product,41:37.0,Desktop,South,Organic,0,Yes,
3314,b96352a2-4e99-4065-9390-00c8757ce15f,Visit,50:27.2,Desktop,East,Organic,0,Yes,
3315,2c7ee1ea-a754-4479-865f-9b5ba9cf673f,Visit,42:19.3,Desktop,South,Paid,0,Yes,
3316,a24d3635-9d05-4fc8-8a0b-462b08fa1b5d,Visit,38:39.4,Mobile,East,Referral,0,Yes,
3317,7b30102a-635b-464d-914b-413f4306d839,Visit,51:25.9,Desktop,West,Paid,0,Yes,
3318,20844c98-bb2a-4f69-9bb5-950f998d6341,Visit,26:44.0,Desktop,East,Paid,0,Yes,
3319,09c4c386-c6e3-4c59-a19d-7fc15ef53a77,Visit,17:13.5,Tablet,East,Organic,0,Yes,
3320,dab575f0-fe00-4e38-9650-36c6543cc0bc,View Product,16:27.2,Tablet,North,Paid,0,Yes,
3321,d88dea27-af9f-426b-9f06-fa7f28f59145,Visit,13:36.7,Mobile,East,Paid,0,Yes,
3322,4f5aa48d-2962-44bd-8ea9-8b9fbaccca18,Visit,59:54.7,Desktop,North,Organic,0,Yes,
3323,09c2b210-628a-4634-8698-365378f6c440,Visit,23:43.9,Mobile,East,Referral,0,Yes,
3324,e31ab27c-68cf-43bb-b4cf-de735f37ebdd,Visit,52:25.1,Tablet,East,Organic,0,Yes,
3325,7e3cb5c2-ce98-4dad-bd95-4dd1dfe0930f,Visit,53:34.4,Tablet,East,Referral,0,Yes,
3326,bca611ab-a38f-4e46-aedf-5fa9d839508c,Visit,36:48.4,Desktop,South,Referral,0,Yes,
3327,4d2c361f-62c4-4a16-b8f5-a51ef3a968bf,Visit,28:36.4,Desktop,North,Paid,0,Yes,
3328,b210bdfd-2b01-4a26-85fd-008c9052f880,Visit,34:51.7,Mobile,East,Organic,0,Yes,
3329,36815f3d-a608-4f71-892b-90dd5a2ad127,Visit,06:57.6,Desktop,East,Organic,0,Yes,
3330,a11f1d77-3a08-4ebc-a6e3-36e249857c73,Add to Cart,10:52.6,Mobile,South,Referral,0,Yes,
3331,f60012b3-45c2-4f59-a6d8-a7c771abd47c,Visit,23:34.6,Tablet,North,Referral,0,Yes,
3332,445436e0-e2d2-4133-aca3-f5c7d482ea0b,Visit,18:30.2,Tablet,North,Paid,0,Yes,
3333,8531269d-848b-4808-a432-2f83525105a9,Visit,20:43.6,Mobile,North,Paid,0,Yes,
3334,3355cade-0a63-4cd6-a696-768ec1ada746,Visit,32:48.0,Desktop,South,Organic,0,Yes,
3335,c0a49f52-e6b9-4534-878c-ca270949cdcd,Visit,31:08.1,Tablet,South,Paid,0,Yes,
3336,655955f9-71ff-4a29-b8b1-720cb01d3c4e,View Product,05:23.8,Desktop,East,Paid,0,Yes,
3337,709f8e6c-c94a-4ff5-8cac-209d6238a293,Visit,35:52.7,Mobile,West,Referral,0,Yes,
3338,e8a6c3d4-8dbe-4811-b20e-0dacc24c6580,Visit,49:16.0,Tablet,East,Organic,0,Yes,
3339,a43d0068-aeaf-4cb0-989b-fd93288e930f,Visit,03:57.1,Mobile,East,Organic,0,Yes,
3340,468e90e0-14e8-473e-93ae-32636ac500a3,Visit,56:55.7,Tablet,South,Organic,0,Yes,
3341,8141bfc3-7cd7-4ee1-9d59-247a2b8459d7,View Product,38:50.4,Desktop,South,Organic,0,Yes,
3342,99a73b40-c073-4e8b-b5cc-47e4f9866ad6,Visit,25:48.3,Tablet,West,Paid,0,Yes,
3343,92fd17dd-57e0-4f98-b791-ff0f8912c2d3,View Product,09:19.2,Tablet,East,Paid,0,Yes,
3344,05ad6d5a-1876-416a-ba5f-bcb98575ffd5,Visit,17:12.5,Tablet,West,Paid,0,Yes,
3345,ee7f0893-32c8-4c82-b531-4ee01937fb85,Visit,46:43.9,Mobile,North,Organic,0,Yes,
3346,427fb742-0787-40b4-a968-ed99881921c8,View Product,46:41.6,Desktop,West,Referral,0,Yes,
3347,9b323b5b-1a9f-4b5e-988f-71a857613fe1,Visit,09:15.0,Desktop,West,Organic,0,Yes,
3348,9ddbab66-170e-434c-8395-c37a72e2a282,Visit,19:07.0,Desktop,South,Referral,0,Yes,
3349,e08509fd-c2cd-4532-aef7-e11c52f1c7c3,Visit,54:50.5,Mobile,East,Paid,0,Yes,
3350,8af45c57-91e8-4653-b612-777f917ca266,View Product,24:49.1,Desktop,South,Referral,0,Yes,
3352,b1461652-14a0-4787-81fd-7defdefe4a8c,Visit,36:54.6,Desktop,East,Organic,0,Yes,
3353,d9182d38-1204-4f9f-8bbd-3306f0ce02fb,Visit,20:52.0,Desktop,West,Organic,0,Yes,
3354,0b5a266d-b6db-4d59-9dfa-5886c8cee9fe,Visit,46:38.0,Desktop,South,Organic,0,Yes,
3355,4eb5bff7-bd08-4170-adbf-893f54d1bf14,Visit,27:23.4,Tablet,North,Paid,0,Yes,
3356,961765ad-bac7-45b7-aaaf-af4a18ad5b3d,Visit,04:36.2,Desktop,West,Paid,0,Yes,
3357,1a63e324-519f-4b10-83c8-45d50de8717a,Visit,22:35.6,Mobile,West,Paid,0,Yes,
3358,87d7297b-a0ee-43e8-bbcd-3f0fb4f1636d,Visit,27:53.4,Desktop,North,Referral,0,Yes,
3359,5b98c900-30b4-4716-bf6e-495edf246068,Visit,03:22.3,Tablet,South,Referral,0,Yes,
3360,05174441-2eb7-497e-aeae-eacdbfd7d3db,Visit,41:40.7,Mobile,East,Referral,0,Yes,
3361,506ccc3f-df0f-4988-a644-67027b0a6550,Visit,57:39.6,Mobile,South,Referral,0,Yes,
3362,f7676a9d-84f6-44a6-ada3-0ac547a43e5c,Visit,27:06.3,Mobile,East,Paid,0,Yes,
3363,631ecb15-b1e9-4756-99ed-8f8a1df07a19,Visit,43:14.2,Tablet,South,Referral,0,Yes,
3364,5e177d73-11ba-4372-b7c1-08921613052f,Visit,49:22.9,Desktop,South,Referral,0,Yes,
3365,ae372eb4-474d-4c94-a905-a437257fc317,Visit,47:08.6,Tablet,West,Referral,0,Yes,
3366,bb4dfe27-9a7b-43ce-85e3-be73ae1379dd,Visit,32:41.3,Desktop,South,Referral,0,Yes,
3367,eac3c31f-bde6-4779-b519-6d75ab1f8938,Visit,57:07.1,Desktop,North,Paid,0,Yes,
3368,c1de886e-eb1d-49f1-8f9b-bab08806f925,View Product,23:05.4,Tablet,East,Referral,0,Yes,
3369,e6565ed0-a83d-4f24-91ee-b1e5ea532955,Visit,00:51.9,Tablet,East,Organic,0,Yes,
3370,820e3d5f-56cf-4cb1-af7b-f6c2e2ce6642,Visit,16:28.8,Tablet,South,Organic,0,Yes,
3371,bb2d7cc5-ce8f-484f-85ba-b0d63c269eb7,Add to Cart,33:19.8,Mobile,South,Organic,0,Yes,
3372,0f46132c-2cac-40d4-ad71-3204383801ed,Visit,38:37.7,Desktop,South,Organic,0,Yes,
3373,7739052f-400d-48fe-bb86-f4be7f4b8abb,Visit,39:31.2,Mobile,North,Organic,0,Yes,
3374,fc10f4e7-8609-45fa-ae4e-392a963351bc,Visit,12:12.8,Mobile,North,Organic,0,Yes,
3375,7f68a00b-d7cb-481d-aa01-1b37747f4672,Visit,33:20.4,Desktop,South,Organic,0,Yes,
3376,7766da57-ef77-4b29-a1be-21937b399f13,View Product,15:38.9,Desktop,East,Paid,0,Yes,
3377,7b530365-c9a1-462c-953a-e43780c4a840,Visit,45:30.4,Mobile,South,Organic,0,Yes,
3378,553ff401-79b3-434b-9e6a-dc0bb0828a73,Visit,03:12.5,Desktop,West,Paid,0,Yes,
3379,3b59115b-aa7a-41c5-9fe3-67bf8bbb7ac6,Visit,37:27.9,Mobile,West,Paid,0,Yes,
3380,8f7ec055-fe0a-44cc-97f3-6be37151ba4a,View Product,15:43.4,Tablet,East,Organic,0,Yes,
3381,1784cead-0aeb-47e0-ae56-a052194d26c4,Visit,51:40.0,Tablet,West,Referral,0,Yes,
3382,91111627-8985-4df7-ae61-2b56de6462eb,Visit,39:19.3,Desktop,West,Referral,0,Yes,
3383,c0766828-df69-404c-9dda-e094b8d76ccc,Visit,24:34.4,Desktop,West,Paid,0,Yes,
3384,b7376c7a-7b5f-4bb0-8a58-d31a8ae7b90a,Visit,13:56.0,Desktop,North,Referral,0,Yes,
3385,3c7f54ac-cdf7-4b3a-88d0-8a245ba57ecf,View Product,22:28.1,Tablet,North,Referral,0,Yes,
3386,6b137bc2-4100-4f92-8d53-48976dc06a8a,Visit,28:24.9,Desktop,South,Organic,0,Yes,
3387,22482a34-0120-4047-b809-df2ec5e2aace,Visit,13:29.2,Mobile,West,Paid,0,Yes,
3388,7d1a3b73-0f3b-4b2f-9994-29a830002ebc,Visit,41:44.2,Mobile,North,Paid,0,Yes,
3389,056684d1-1641-4c19-806f-f15743ae9849,Visit,26:26.2,Desktop,West,Referral,0,Yes,
3390,cef33696-63ab-4f8e-99ce-12db0f12ca32,Visit,28:10.0,Mobile,North,Organic,0,Yes,
3391,aa0e8bbe-9ce6-4ef9-9be3-3b8677d13452,Visit,24:58.2,Tablet,East,Paid,0,Yes,
3392,d4d3f814-2914-4f7a-a0ee-d18a8e3d6ae4,Visit,50:24.2,Mobile,South,Referral,0,Yes,
3393,40b8a4af-af5b-4082-98e8-fd7d7bb9c7e8,Add to Cart,20:18.9,Tablet,North,Organic,0,Yes,
3394,18bbae4e-8048-408f-88f7-3cbf7020bfc8,Visit,55:41.7,Tablet,West,Referral,0,Yes,
3395,4bc8370b-745f-4794-91f0-268c60a3d2f0,View Product,23:33.8,Mobile,South,Organic,0,Yes,
3396,24c62552-3e9f-4ebc-82d3-e453efe02c64,Visit,22:33.7,Desktop,North,Paid,0,Yes,
3397,3aed707b-4f09-476b-bc79-d181621f660b,Visit,45:05.5,Desktop,West,Paid,0,Yes,
3398,bc0e403f-68df-4e01-ba19-e487d380ddb8,Visit,56:03.1,Mobile,North,Organic,0,Yes,
3399,06ccd6c6-3f81-41d1-aac1-5c75e9233c6e,Visit,12:00.3,Mobile,South,Referral,0,Yes,
3400,c1f171ce-87aa-401e-a6a0-0353d4819722,Visit,01:10.4,Tablet,South,Paid,0,Yes,
3401,620f050f-bcc3-4a28-819b-1c2f1a3df4c1,Add to Cart,29:02.6,Mobile,West,Paid,0,Yes,
3402,01d35671-a494-4fb4-98d4-ffff3dc1cb39,Visit,04:21.9,Tablet,North,Paid,0,Yes,
3403,767b16c7-9fe2-402f-aae1-23731473baff,Visit,42:45.6,Mobile,East,Paid,0,Yes,
3404,900ae531-352a-4d4d-9ae0-fdf072a076f3,Visit,05:29.9,Tablet,South,Referral,0,Yes,
3405,bad83645-89d1-4b51-a04a-0ca64ceb01ba,Visit,29:48.8,Mobile,North,Organic,0,Yes,
3406,d29b0250-0724-4559-96c4-1ef51d00710d,Visit,33:11.3,Tablet,South,Referral,0,Yes,
3407,f91207e4-bbad-4dab-9d06-6a851bc72491,Visit,45:45.3,Tablet,South,Referral,0,Yes,
3408,6e7906b1-a316-4e21-964e-4893a4652c7b,Visit,27:18.5,Mobile,North,Referral,0,Yes,
3409,ef2d308b-6360-48d9-997c-8ba008e914f9,Visit,30:55.7,Desktop,North,Referral,0,Yes,
3410,c326f20e-6192-4acf-afd8-a8835a8cb8a7,Visit,40:04.9,Desktop,West,Paid,0,Yes,
3411,5d660529-7367-4883-b1d2-afa01359ada5,Visit,19:12.0,Mobile,South,Paid,0,Yes,
3412,1d4d2149-cda2-4043-9132-c20b76498f16,Visit,31:06.8,Desktop,East,Referral,0,Yes,
3413,8c5bbbfc-8e06-4b23-9d82-8e74bd202d21,View Product,57:36.8,Mobile,West,Referral,0,Yes,
3414,05277b70-49c1-48ff-b925-fcd28c2abfcf,Visit,54:49.3,Tablet,East,Referral,0,Yes,
3415,06b336a6-cbc6-4a86-ad02-18b2e781fef4,Visit,06:07.1,Mobile,West,Organic,0,Yes,
3416,b45f77bd-bb0e-4076-8c4f-80040fcf5878,Visit,15:49.4,Desktop,West,Organic,0,Yes,
3417,7337a422-60e5-4ea0-8e88-87e5eb14f431,Visit,53:15.3,Desktop,West,Referral,0,Yes,
3418,c3e7c497-3bb6-4ad3-ab0e-70ac7f3252c5,Visit,03:35.3,Desktop,North,Referral,0,Yes,
3419,2dc4390a-5724-46bf-86cd-c676bc7595f5,Visit,33:24.3,Mobile,East,Paid,0,Yes,
3420,13e30ae0-fcdb-4ecf-acba-55f588dca0ed,Visit,43:04.0,Tablet,North,Referral,0,Yes,
3421,84067dbd-6695-4f63-aa0a-ee99b4fe112b,View Product,50:07.1,Mobile,South,Organic,0,Yes,
3422,335297c9-6749-4679-9e2a-aafcea45b725,Visit,00:37.8,Tablet,South,Organic,0,Yes,
3423,4687fdcb-3f57-4c14-852c-17bcafe8bcf0,View Product,10:15.4,Desktop,East,Paid,0,Yes,
3424,d0919134-86d3-4115-afbb-a5a98ca8c089,View Product,19:00.2,Mobile,South,Referral,0,Yes,
3425,df44ef66-e0aa-40c7-bb6c-b312b24dd6e0,Visit,56:27.8,Tablet,East,Referral,0,Yes,
3426,f2156fef-ed43-4008-8c11-b5d7bfffc168,Visit,45:01.2,Mobile,East,Referral,0,Yes,
3427,98a8891a-2fb0-4b1d-a4c3-ea723f069837,Visit,23:35.6,Mobile,South,Referral,0,Yes,
3428,3e738c6d-e9a8-469d-92d1-225d7a8e7ee2,Visit,06:35.6,Tablet,West,Paid,0,Yes,
3429,aacc7b88-962b-40d1-b1d0-2271d8937a49,Visit,21:21.3,Desktop,West,Organic,0,Yes,
3430,0d5e848f-d472-47fd-af72-acf147c38287,Visit,39:48.9,Mobile,West,Organic,0,Yes,
3431,4a8b4f23-4723-42e3-a9ef-84f5487fa140,View Product,02:50.2,Tablet,East,Referral,0,Yes,
3432,32c261c6-1010-4dd1-ab1e-2ee07df2008e,Visit,36:23.7,Desktop,East,Paid,0,Yes,
3433,f4e29c56-15b5-4c9a-b53f-2875e5a0ef13,Visit,51:13.9,Desktop,South,Paid,0,Yes,
3434,cd1364c2-1dcd-4d88-b4ee-31bfc36c0711,Visit,16:03.3,Tablet,North,Referral,0,Yes,
3435,aee979c0-68bb-4fb7-8fc5-154560b45083,Visit,01:30.9,Tablet,South,Referral,0,Yes,
3436,504ab1aa-0196-44aa-b875-6f289e0cde7c,Visit,40:33.0,Desktop,North,Referral,0,Yes,
3437,99297f0c-ba78-4e43-ad99-440b65396d0c,Visit,35:56.3,Tablet,West,Paid,0,Yes,
3438,ff698d66-9c33-457b-9c70-984f80297da4,Visit,56:16.4,Desktop,West,Referral,0,Yes,
3439,83fcb6eb-e723-4f39-8bd1-e521ec5603be,Visit,30:41.8,Mobile,West,Organic,0,Yes,
3440,78e35b9b-270c-4051-bb39-8bbda3099251,Visit,50:48.3,Mobile,South,Organic,0,Yes,
3441,d283bce9-7c5b-48e3-9a8c-8e67a15d888e,Visit,41:58.0,Desktop,East,Organic,0,Yes,
3442,bb69c10e-3d51-4a90-b2b5-f1dc73a953bc,Visit,34:01.0,Tablet,West,Referral,0,Yes,
3443,36b3e619-4895-47a5-98dd-cd165d0f4e24,Visit,19:14.1,Tablet,North,Paid,0,Yes,
3444,bdee682c-20b3-4bf2-a3c6-312ad334f984,Visit,31:53.0,Desktop,West,Paid,0,Yes,
3445,ca682ab8-5cfc-4596-b44b-a3b8ba3c6694,View Product,38:08.8,Mobile,North,Organic,0,Yes,
3446,a00aa4bb-4330-4b37-8ee8-5fd536d7583e,Visit,32:54.6,Tablet,West,Organic,0,Yes,
3447,dff21b4e-eb84-45d9-8982-f751e1e45c33,Visit,20:36.5,Tablet,East,Referral,0,Yes,
3448,a82c0438-5bf6-4e62-9e5c-c347f089a289,Visit,48:13.1,Desktop,East,Referral,0,Yes,
3449,21151d81-684f-45ac-9688-18a918f4b076,Visit,51:43.6,Desktop,West,Organic,0,Yes,
3450,0ca7a528-a268-4d67-9563-1ed08549317d,View Product,53:04.3,Tablet,West,Paid,0,Yes,
3451,8a45e5a3-4eb2-4504-8870-7d4b573d6fde,Visit,24:11.4,Tablet,North,Organic,0,Yes,
3452,4e670129-5a6c-4eaa-94af-3d23b4ba53ba,Visit,13:52.4,Tablet,East,Organic,0,Yes,
3453,ed20c642-3c53-40b9-b13f-4bf1a4e3e7da,Visit,25:48.1,Mobile,East,Paid,0,Yes,
3454,c1a43ad6-1ed0-4fa2-b6fa-da5f45274eaa,View Product,05:08.2,Desktop,West,Referral,0,Yes,
3455,5088ffca-3046-4bf7-b06c-d669608ac2ff,Visit,45:49.2,Mobile,North,Paid,0,Yes,
3456,79d39550-bf09-4324-acaf-cf822f497e3c,Visit,05:29.5,Tablet,South,Referral,0,Yes,
3457,4ac62ce8-5398-43eb-89de-4c47d3332bbd,Visit,16:56.7,Mobile,North,Organic,0,Yes,
3458,311b86ed-6735-4c01-82f8-45b9e47ee171,Visit,55:15.3,Tablet,South,Paid,0,Yes,
3459,0675bb84-5ea5-4cf1-97f8-d5e897710cef,View Product,16:18.2,Desktop,West,Referral,0,Yes,
3460,4f65fcf8-2ec9-48bb-98d9-f59eb2f50b7b,Visit,52:33.0,Mobile,West,Organic,0,Yes,
3461,bba5fffa-763b-4e3a-b167-35e38e896606,View Product,59:40.9,Tablet,South,Paid,0,Yes,
3462,facf439e-ac1e-4e99-b46a-749256604e21,Visit,32:18.3,Tablet,East,Paid,0,Yes,
3463,0a6b7ea0-1dcb-49b6-9d86-16d163f57a7f,Visit,39:55.4,Tablet,North,Paid,0,Yes,
3464,f4a20274-4507-41a9-a1fc-a68e44b7b6cd,Visit,46:03.2,Tablet,North,Organic,0,Yes,
3465,f95f3dfe-76ad-4789-87c5-c6e5219fd8ac,View Product,24:23.5,Mobile,East,Referral,0,Yes,
3466,faef28dc-90c6-482b-bf88-a05155a9e215,Visit,58:28.7,Mobile,East,Paid,0,Yes,
3467,3f295501-0e10-4a9f-b2d4-1578fd20b1f5,Visit,05:39.9,Desktop,South,Referral,0,Yes,
3468,78b639c9-e6ba-468d-bd2a-ab25d64585c4,Visit,05:00.8,Mobile,West,Referral,0,Yes,
3469,5b541eab-0793-47f0-aa69-839ba995a319,Visit,02:21.6,Tablet,North,Organic,0,Yes,
3470,59864e14-3669-4596-870e-3bf78f8265cb,Visit,00:12.5,Tablet,East,Organic,0,Yes,
3471,756afeca-7950-4a2d-87d4-9c02ad684ff0,Visit,37:29.3,Mobile,West,Referral,0,Yes,
3472,68dd0298-c8d5-48b6-8326-76296e5b6b70,View Product,17:28.6,Desktop,West,Organic,0,Yes,
3473,7c78bca1-bc4b-4f8a-be5a-551365e71082,Visit,25:46.0,Tablet,North,Organic,0,Yes,
3474,ab27bfbc-6ef2-45ea-8403-41ce8d7fc9e4,Visit,13:19.8,Mobile,West,Paid,0,Yes,
3475,8b7a8511-94ee-44fa-b6b4-89860e4fb56b,Visit,33:09.2,Tablet,West,Organic,0,Yes,
3476,f95fc608-8cf0-41f7-8dbd-646e90ce4bcc,Visit,49:04.4,Tablet,South,Organic,0,Yes,
3477,0a7f21fb-99d5-4118-b28d-76254ff58cc7,Visit,15:44.8,Tablet,South,Paid,0,Yes,
3478,2d31533e-972e-4810-a52c-36e5562d70ad,Visit,31:30.1,Tablet,West,Paid,0,Yes,
3479,331c936f-8a31-416d-b175-bc9f35e940a5,Visit,33:22.3,Desktop,North,Paid,0,Yes,
3480,d40eff18-f413-4097-8b7f-ea61d9d592fa,Visit,27:37.9,Tablet,West,Paid,0,Yes,
3481,781e04fd-e8b4-4300-a24c-763193730648,Visit,52:02.6,Mobile,West,Referral,0,Yes,
3482,545e432a-e588-4f12-bfb1-1361356d1508,Visit,48:22.1,Mobile,East,Paid,0,Yes,
3483,7bafacb1-73ef-4a5f-8988-3cef59731115,Visit,49:36.2,Mobile,East,Paid,0,Yes,
3484,97c2d411-9d7d-4aa3-b259-0e03f94125b9,Visit,22:49.7,Desktop,West,Paid,0,Yes,
3485,dc006c00-179c-48ba-a1aa-34365062dd0a,Visit,47:07.3,Mobile,South,Referral,0,Yes,
3486,4d7dea0d-5e63-4d13-a94b-b086cc1d6630,Visit,38:37.4,Tablet,South,Referral,0,Yes,
3487,db529255-b93e-4f98-ad86-da954aa51cd3,Visit,18:24.2,Tablet,East,Organic,0,Yes,
3488,5e6dab12-f6c1-46aa-ba2e-c005a946081f,Visit,13:48.7,Mobile,West,Referral,0,Yes,
3489,ead06b1a-208c-4e08-9a35-308ff9362912,Visit,04:41.3,Tablet,North,Paid,0,Yes,
3490,a39fec2f-8337-437e-8f9a-f0be81fcf556,Visit,31:19.2,Mobile,North,Paid,0,Yes,
3491,6ffe3b0e-f07d-49c6-850d-f2609202d2a8,Visit,22:19.2,Mobile,West,Organic,0,Yes,
3492,0378eec2-cf23-4364-a448-907d3d846b6f,Visit,21:42.9,Tablet,East,Organic,0,Yes,
3493,15e15a2a-36a3-4484-9564-4e3b047d9f82,Visit,48:49.1,Desktop,East,Paid,0,Yes,
3494,55cc4b4a-17fd-4187-bc4d-c147e2f0fe41,Visit,55:15.5,Mobile,West,Paid,0,Yes,
3495,923642c5-0be3-4436-95de-3bd3bae893b5,View Product,39:12.6,Tablet,North,Organic,0,Yes,
3496,1dd83f83-78c8-4a09-a375-4f072e115e1b,Visit,24:54.1,Tablet,West,Organic,0,Yes,
3497,5f247c5d-be21-4f91-b487-a6d32e781aa2,Visit,12:56.8,Desktop,North,Paid,0,Yes,
3498,29c95610-7805-4859-9b57-ed9b24cfb013,Visit,02:43.6,Desktop,East,Organic,0,Yes,
3499,33908da0-07fa-4b18-86fe-d78ad7ab1928,Visit,33:54.0,Tablet,East,Referral,0,Yes,
3500,6f4d52d8-04e9-47af-b90a-dad8fb4561a3,Visit,31:16.8,Tablet,North,Organic,0,Yes,
3501,ea318b10-b9a0-487b-af4f-1f03d9e5fd46,Visit,22:54.3,Tablet,East,Referral,0,Yes,
3502,d80d7ade-efa5-4b62-882a-c83009da51c7,Visit,04:57.3,Mobile,South,Organic,0,Yes,
3503,46b5cf77-1314-4196-ba63-47e2dc0bb77d,View Product,49:53.5,Tablet,South,Referral,0,Yes,
3504,77a09bb1-aa7b-40a0-8f21-17612c29604d,View Product,38:35.1,Mobile,West,Referral,0,Yes,
3505,a0f93701-3f9d-4aea-996a-ac84148bba8b,Add to Cart,32:03.6,Desktop,West,Paid,0,Yes,
3506,98806673-bed6-4213-b9e4-7e52b09d5164,Visit,59:29.2,Tablet,East,Paid,0,Yes,
3507,2402ba30-a668-4541-9a38-9bf8b1737978,View Product,19:36.2,Mobile,East,Referral,0,Yes,
3508,07e93b74-5df8-461b-8aa2-562eca442d01,Visit,34:12.2,Mobile,South,Paid,0,Yes,
3509,fb73c6dd-e168-4b73-a80c-56e17b4c947e,Visit,36:04.2,Tablet,South,Organic,0,Yes,
3510,d2add59c-abfa-41e3-bcdc-6eb53a4f24d1,Visit,41:04.7,Tablet,West,Organic,0,Yes,
3511,f58d6043-f943-493f-8a9d-d39ffa7a2bf9,Visit,01:14.1,Tablet,North,Organic,0,Yes,
3512,5513d802-d0d7-435e-9877-5f70a5be1f21,Visit,41:17.5,Desktop,East,Referral,0,Yes,
3513,ce712ae8-ec71-4c3a-ab7e-a35e554d9a47,Visit,51:50.0,Desktop,South,Referral,0,Yes,
3514,163a073a-111d-4cbb-bde1-1c2686645262,View Product,09:29.4,Tablet,South,Organic,0,Yes,
3515,11a00376-05df-4262-9a05-ca08aaf95cd2,Visit,36:26.0,Desktop,North,Paid,0,Yes,
3516,44755bc4-0144-4ae7-acb0-3aeb21cba876,Visit,18:06.6,Tablet,West,Organic,0,Yes,
3517,c2d9ea16-017c-4e4b-8fd8-bcc6c0844c20,View Product,52:07.4,Tablet,North,Organic,0,Yes,
3518,83c2552e-0913-4903-9a98-77b2f1b1015f,View Product,15:16.4,Tablet,East,Organic,0,Yes,
3519,1268987b-9487-44de-ad17-e6da78aec0b9,Visit,36:10.1,Tablet,North,Referral,0,Yes,
3520,4dd0d4d5-230c-4e62-8807-5b22e663b95e,Visit,53:05.5,Mobile,East,Organic,0,Yes,
3521,2b2b714d-6968-48fe-a11e-f4a6dc22872f,Visit,23:34.2,Tablet,East,Paid,0,Yes,
3522,fc2337d8-4c5f-4408-8a43-e8f3b0152a67,Add to Cart,47:33.6,Mobile,North,Paid,0,Yes,
3523,49dbf486-98b6-48d0-9963-d73e854a42e5,Visit,20:15.0,Tablet,West,Referral,0,Yes,
3524,b77db052-d202-4ede-a525-6a37cb7766ed,Visit,35:26.2,Mobile,West,Referral,0,Yes,
3525,4aa9e9f6-1ef6-4062-b58a-ab1ffdf8550e,Visit,01:18.4,Mobile,West,Referral,0,Yes,
3526,e12c060c-4dec-4275-bd17-9b4a4a4b3a6e,Visit,20:39.8,Mobile,East,Referral,0,Yes,
3527,f6b499c9-e0fe-426d-a630-434e85c631c8,Visit,02:50.3,Tablet,South,Organic,0,Yes,
3528,79b3ed14-25f3-4b3c-a071-96f6fdb402d6,Visit,50:32.4,Tablet,West,Paid,0,Yes,
3529,5c0df85c-160b-44e8-a414-0ca357b1f06b,View Product,59:13.8,Mobile,South,Referral,0,Yes,
3530,26af2b74-8622-4ea1-8304-21c17e0c7945,Visit,35:01.7,Mobile,South,Organic,0,Yes,
3531,4444cac0-0c04-4282-bf5f-e2c3ff6238d2,Visit,35:00.0,Tablet,West,Organic,0,Yes,
3532,38be8024-98e6-40f1-9ec9-5d382a92a28d,Visit,30:32.6,Mobile,West,Paid,0,Yes,
3533,a8d6fad6-6314-4ad0-838d-9509a2b2f503,Visit,20:13.8,Mobile,West,Organic,0,Yes,
3534,06591e35-73e3-43e1-bcf6-9f7fed7d6e53,Visit,47:01.8,Mobile,South,Referral,0,Yes,
3535,2951c90b-6544-490c-9ac7-b2b4d93c9e33,Visit,29:31.9,Desktop,South,Referral,0,Yes,
3536,e5acec99-517f-4306-a5ad-4bd0fd962ab1,View Product,27:41.7,Mobile,West,Paid,0,Yes,
3537,7554c112-809f-4d1d-8ff0-1568f2ad0483,Visit,15:26.8,Mobile,South,Paid,0,Yes,
3538,bb4492c0-11ba-426f-9b59-71fe73593a47,View Product,18:58.1,Tablet,West,Paid,0,Yes,
3539,2c567f4c-ca8e-43cb-b851-ce8bc5908bee,Add to Cart,47:52.1,Mobile,East,Paid,0,Yes,
3540,c74538f2-9fb4-45ec-adb7-f041f51d3aa7,Visit,21:15.6,Mobile,West,Paid,0,Yes,
3541,6d93bd2b-4de5-45c9-b99a-eb5272ac8327,Visit,34:46.1,Tablet,West,Organic,0,Yes,
3542,57bd78f6-4509-4345-9208-f70e8af8e837,Visit,09:32.8,Desktop,West,Referral,0,Yes,
3543,cb152bad-88bd-4653-9aa0-149d9c08ce3f,Visit,51:47.4,Tablet,East,Organic,0,Yes,
3544,b4b69fed-689e-452c-871e-a4289a9b25bd,Visit,26:31.0,Desktop,South,Referral,0,Yes,
3545,b7768d8c-41f9-472a-8477-0635af6dfbcf,View Product,25:46.0,Desktop,West,Paid,0,Yes,
3546,5a0f0df3-55c5-485c-a561-63dfeddedd09,Visit,20:51.2,Desktop,South,Referral,0,Yes,
3547,653fe97e-b72a-4818-90bd-988fb2d738ce,Visit,35:44.4,Mobile,East,Organic,0,Yes,
3548,0d8fff83-6197-4f39-acf1-29076ed12a1b,View Product,11:46.5,Tablet,West,Referral,0,Yes,
3549,3b86bba6-07fb-484f-a3aa-5bd8aef5d019,View Product,34:05.1,Mobile,South,Paid,0,Yes,
3550,723d2549-ad07-4952-ad8e-687cc9df81a4,Visit,55:42.8,Mobile,West,Organic,0,Yes,
3551,d5b842a0-d2e1-425c-8022-21fbe38442f1,Visit,17:18.7,Mobile,East,Organic,0,Yes,
3552,49d38cba-c87a-4b73-ad11-9a3741c34d46,Visit,39:34.8,Desktop,East,Paid,0,Yes,
3553,84f3ea51-8084-4994-941f-140dd71bbf0a,Visit,28:48.7,Mobile,East,Organic,0,Yes,
3554,c4b87f60-f101-4090-9fd2-afb5b62414c3,View Product,59:29.3,Desktop,North,Referral,0,Yes,
3555,7f1be2a6-5810-46f4-8b0a-42cb5c30171e,Visit,34:01.6,Mobile,West,Referral,0,Yes,
3556,fa2d95c3-e74d-4955-868c-eff527d231ad,Visit,38:01.6,Desktop,East,Referral,0,Yes,
3557,daeceabb-6015-4fa8-a805-0568a9f2fcf5,Add to Cart,47:36.5,Tablet,West,Organic,0,Yes,
3558,e8c56999-42fa-4ac9-bf03-58ea3d7db885,Visit,36:31.8,Desktop,South,Organic,0,Yes,
3559,6d6a58b7-6765-4faa-828a-9875795e830f,Visit,41:25.2,Desktop,South,Organic,0,Yes,
3560,a6ad7d2a-b361-489a-88a0-42c4908c1454,Visit,32:45.5,Desktop,South,Paid,0,Yes,
3561,9ebfc456-47b9-493b-a2dc-a9c5171affb8,View Product,18:51.0,Tablet,East,Referral,0,Yes,
3562,3e8ff5b2-c1ad-453a-b306-00308a1802bb,Visit,54:42.5,Tablet,East,Paid,0,Yes,
3563,6058bd5a-6e3a-4cd7-b425-8e33469c3f18,Visit,08:15.3,Mobile,West,Referral,0,Yes,
3565,e668fd52-e09d-4543-89d9-59b7a3ea672c,Visit,51:34.2,Mobile,North,Paid,0,Yes,
3566,a54058a4-91c0-4597-afae-83ad5e7918f9,Visit,55:58.5,Mobile,East,Organic,0,Yes,
3567,519f5a55-d1ee-49b9-bdfa-5d3f2bfcaec8,Visit,04:26.2,Mobile,South,Referral,0,Yes,
3568,793e26cf-06ee-4c83-8eae-19bfbffc4dc7,Visit,36:03.4,Desktop,South,Paid,0,Yes,
3569,d6121bc3-66d4-4eb9-99bf-bf348b179412,Visit,34:23.2,Mobile,North,Organic,0,Yes,
3570,ba3f1235-5e10-4b7c-8b6b-669f00d4a4ef,Visit,11:34.1,Mobile,South,Paid,0,Yes,
3571,bd6005f2-85af-4964-8062-2a4035ccc53f,Visit,04:55.9,Tablet,East,Organic,0,Yes,
3572,9a0bfaeb-332c-4cd3-a56c-49133b0d283f,Visit,44:08.7,Mobile,South,Paid,0,Yes,
3573,c98456c4-5db4-4d8d-bc10-f953465ec41b,Visit,33:28.7,Tablet,East,Referral,0,Yes,
3574,482f8447-d3e0-4070-9260-eec7143292e4,Visit,46:05.2,Tablet,East,Organic,0,Yes,
3575,9bc9fb7e-b76d-4454-a323-738eee5d3e38,Visit,04:45.8,Desktop,North,Organic,0,Yes,
3576,832070e2-0c41-4a96-af8a-a06243f5a9ec,Visit,25:43.3,Mobile,East,Organic,0,Yes,
3577,9ce9079b-07b8-4ce1-971f-68e354cfd1ae,View Product,25:20.3,Tablet,North,Referral,0,Yes,
3578,a6da8951-03f4-4b6d-a13a-30e4d8c089b2,Visit,12:47.8,Tablet,West,Referral,0,Yes,
3579,04119264-b178-4d7f-889d-097e7c2f7da3,Visit,28:06.5,Tablet,West,Organic,0,Yes,
3580,5dcdd056-d262-4527-ae9e-a54c1941e355,Visit,49:50.1,Mobile,West,Organic,0,Yes,
3581,3558ed6d-813c-44dc-ac7e-2d95878d9f15,Visit,22:31.9,Mobile,West,Paid,0,Yes,
3582,229aacfd-47e7-46c9-ac50-b37b6efbd806,View Product,57:22.0,Desktop,East,Organic,0,Yes,
3583,180c1fcf-dde2-40fd-bee9-f15ef99de9ae,Visit,20:22.8,Mobile,North,Paid,0,Yes,
3584,8ebe9cfa-a1ee-42c6-ba85-24cc2f8675f0,Visit,50:48.9,Tablet,East,Organic,0,Yes,
3585,3362de20-c4c6-40fd-a863-f21c476e67e3,Visit,52:33.1,Desktop,West,Paid,0,Yes,
3586,45253fbd-e325-4277-8167-e83d17956d91,View Product,41:50.5,Desktop,South,Referral,0,Yes,
3587,6228e9a9-00b5-48c7-ad85-8082c9daba0b,Visit,24:17.2,Desktop,North,Referral,0,Yes,
3588,90efe436-b7db-41c9-b431-29a84e1811da,Visit,01:33.8,Desktop,North,Referral,0,Yes,
3589,51020c8e-363d-4288-a008-fd0842efe72f,View Product,42:29.3,Desktop,South,Organic,0,Yes,
3590,73c435ad-491b-44a1-b5b9-a98604bc9d7f,Visit,29:43.9,Mobile,North,Paid,0,Yes,
3591,ff27befe-db4d-4af7-b5ce-31ed39c6f7c8,Visit,44:16.1,Desktop,East,Organic,0,Yes,
3592,faebdae4-e284-48eb-ac3f-86d26f06ed47,Visit,11:14.0,Desktop,East,Paid,0,Yes,
3593,f365f43a-3b1a-42f1-ba99-50ca2750ca5c,View Product,28:51.0,Desktop,West,Referral,0,Yes,
3594,6b5e539f-9bfd-4a9a-8f02-4e5f7af5dd47,Visit,49:09.0,Tablet,North,Referral,0,Yes,
3595,56d0b887-1428-407b-9aa0-12e0eb7c71ae,Visit,57:21.6,Desktop,East,Organic,0,Yes,
3596,817cdf55-2146-49f7-907d-027725cbbe66,View Product,32:15.5,Mobile,East,Referral,0,Yes,
3597,68d93fef-cecc-4b77-b410-03a88c62eefe,Visit,17:16.0,Tablet,South,Organic,0,Yes,
3598,99b64a74-f7da-4f62-9a2c-81bcf0b1a6ea,Visit,48:10.7,Mobile,South,Organic,0,Yes,
3599,a21c7546-473c-4112-9d81-c552ba1f54ee,Visit,00:22.3,Mobile,South,Paid,0,Yes,
3600,5ec85b14-b54c-4678-a295-a32990d0dfa8,Visit,55:50.6,Desktop,West,Paid,0,Yes,
3601,73189cfd-61ed-4dfd-9491-c378b4b81f6d,Visit,00:32.1,Desktop,North,Organic,0,Yes,
3602,1f405e85-6ab7-4304-ba1d-a5752dc01f9d,Visit,57:32.3,Tablet,South,Referral,0,Yes,
3603,6d67980c-d781-408a-8014-14dbe50b0cd9,Visit,07:28.0,Desktop,East,Paid,0,Yes,
3604,5ca79b78-cb3b-4236-a92e-e8efec7820dc,Visit,25:24.8,Desktop,West,Paid,0,Yes,
3605,16bf65fa-a30d-4e76-b9f5-813fc3e9c4d3,Visit,59:13.3,Mobile,South,Referral,0,Yes,
3606,150c8be0-a298-4641-a774-4c60e6d2af74,View Product,57:27.2,Desktop,East,Paid,0,Yes,
3607,09c38acc-f806-4bab-bc95-430928585b70,Visit,44:03.3,Desktop,South,Organic,0,Yes,
3608,963e3d17-3044-428e-8fda-ef9191d3f225,Visit,22:04.7,Desktop,North,Paid,0,Yes,
3609,dccf9936-63d4-4549-8ccf-e5b33a97a15b,Visit,42:43.6,Tablet,North,Referral,0,Yes,
3610,9d5f155a-3298-416f-bc0b-6500b1de5cea,Visit,53:26.3,Mobile,West,Referral,0,Yes,
3611,91fba0a7-3121-4d75-8ae6-caf44cfc2b1a,Visit,07:20.3,Mobile,East,Organic,0,Yes,
3612,19d1482f-fd37-408f-8525-fc33e7471d04,Visit,48:54.8,Mobile,North,Paid,0,Yes,
3613,c26e2c58-5745-4154-acf9-f365bd4f52e4,Visit,47:17.0,Tablet,North,Organic,0,Yes,
3614,eee85ade-6b8c-42db-8bac-aeea6c84e8e0,Visit,27:09.8,Desktop,South,Organic,0,Yes,
3615,06d6caa4-aaa2-49d0-92f0-0bc4c465e0a1,Visit,31:26.8,Tablet,East,Referral,0,Yes,
3616,0a9eabc0-8b37-4040-9d67-d7bc32151490,Visit,44:09.4,Mobile,East,Organic,0,Yes,
3617,d788f486-5826-44d3-87be-3f9437a81233,Visit,24:21.5,Mobile,West,Paid,0,Yes,
3618,f404a737-7ef2-418a-81f3-88bdb7bcaa62,Visit,37:57.0,Desktop,East,Organic,0,Yes,
3619,41f4c280-5ecd-4187-ae76-abc456f1207b,Visit,12:34.1,Desktop,North,Paid,0,Yes,
3620,f73dfbf2-1f9e-4290-bbad-2c49c069c156,Visit,42:53.1,Mobile,South,Referral,0,Yes,
3621,3ece8dbb-50f5-4de8-8773-fc53ee23eef4,Visit,03:51.3,Tablet,South,Paid,0,Yes,
3622,f094aabe-faba-4e94-9ea4-a177cdd44492,Visit,53:59.7,Tablet,South,Paid,0,Yes,
3623,e6ad8ed5-3554-499d-a658-456567a087aa,Visit,23:26.0,Tablet,South,Paid,0,Yes,
3624,979db821-2b4a-4aff-a783-c84e13a610dc,Visit,39:47.2,Tablet,South,Paid,0,Yes,
3625,f23e55c3-20d1-405d-bc10-2fbcc10f18d9,View Product,22:31.3,Mobile,West,Referral,0,Yes,
3626,e119edb6-7140-4c35-b111-5634846d1d07,Visit,53:19.6,Desktop,West,Referral,0,Yes,
3627,85dd33ef-2363-4f6e-834e-28a398d7af45,Visit,36:43.8,Desktop,East,Paid,0,Yes,
3628,36d616bd-8979-4484-8e52-c89531767c8a,Visit,37:17.7,Tablet,North,Organic,0,Yes,
3629,fff46246-16db-4966-886c-8d59bc2990a3,Visit,21:30.4,Tablet,South,Paid,0,Yes,
3630,9dd38f1b-ca26-4834-9cbc-132b46dab2e5,Visit,34:49.5,Desktop,East,Organic,0,Yes,
3631,6e063c69-0b1e-4116-8fb3-be728ee36035,Visit,54:34.6,Tablet,East,Paid,0,Yes,
3632,c99d6a62-a03b-44fa-bd03-ef4c8fff64dc,Visit,33:57.6,Mobile,East,Organic,0,Yes,
3633,51914f66-0db1-4c30-a6f5-f4f9814c8a01,Visit,59:49.3,Mobile,West,Organic,0,Yes,
3634,3b8f92e6-06ce-4a16-86c5-77c3deff7957,Visit,32:09.2,Tablet,West,Organic,0,Yes,
3635,83b18b3d-76e5-41c8-bf86-9f246d00be66,Visit,37:10.2,Tablet,North,Organic,0,Yes,
3636,d41a5178-c213-4b58-b119-95b651b5d3d6,Visit,25:19.5,Mobile,South,Organic,0,Yes,
3637,9475c742-9138-4c77-8734-0013d888932c,Visit,13:42.3,Tablet,South,Organic,0,Yes,
3638,523a3707-3a86-4516-84b4-fc831d913100,Visit,48:17.9,Desktop,East,Referral,0,Yes,
3639,ad743476-8cd5-4761-9f42-cf38604b3d0c,Visit,06:57.8,Mobile,East,Organic,0,Yes,
3640,380bec7a-7e45-45f4-b49c-cb6288b71c42,Visit,38:12.8,Tablet,South,Organic,0,Yes,
3641,e72ae05e-e731-4033-9c8f-e51d21d11ae0,Visit,39:55.0,Desktop,West,Referral,0,Yes,
3642,6dbd3317-e3a4-4bb9-adf1-a58dd70df9ba,Visit,15:24.9,Tablet,North,Organic,0,Yes,
3643,f7be5f33-0410-4f3d-bcf2-293d8017bf81,Visit,00:44.4,Tablet,East,Paid,0,Yes,
3644,ef357031-7e6b-4821-88dd-b0d9768b09c0,View Product,27:34.8,Tablet,North,Organic,0,Yes,
3645,e7bcee53-4064-4f0b-85f0-238e34ed468d,Visit,57:35.6,Desktop,West,Paid,0,Yes,
3646,4049c6da-c4ee-4b6f-b41e-de12114015b8,View Product,42:55.5,Tablet,East,Organic,0,Yes,
3647,cad96089-aad0-454c-a9af-d8e9351d3ad4,Visit,28:24.4,Tablet,North,Referral,0,Yes,
3648,281511e8-ee03-45a4-bb15-5c49ad456264,Visit,54:26.5,Tablet,West,Referral,0,Yes,
3649,ec0434e0-9df4-47cc-875f-7309eac2e420,Visit,10:30.0,Desktop,South,Referral,0,Yes,
3650,25a4d78e-e6c7-431b-8241-e5cd8ae66b40,View Product,54:50.3,Mobile,North,Organic,0,Yes,
3651,e4eb21a9-93ca-4920-8c9b-3c833eb521a6,Visit,12:19.4,Desktop,South,Referral,0,Yes,
3652,4f5023dd-eea5-4cbd-bfe2-b96e008801fe,Visit,43:10.0,Tablet,West,Referral,0,Yes,
3653,18b4e92a-867b-44a5-9ce9-d4dab3f9669f,Visit,17:15.7,Desktop,North,Referral,0,Yes,
3654,833341ee-07f3-45f8-b2e7-a6b4e7f2601f,Visit,39:55.7,Mobile,North,Referral,0,Yes,
3655,8691229d-22aa-46e0-a157-b8fdd1434e12,Visit,54:06.9,Mobile,East,Referral,0,Yes,
3656,f8869069-a4a9-48b2-92c3-ba39a998db97,Visit,05:43.1,Desktop,South,Referral,0,Yes,
3657,fd08f144-d7b1-4eae-983f-3ce82ab94af2,View Product,01:43.2,Mobile,East,Organic,0,Yes,
3658,16ef64fb-71a5-49ba-a038-af119f61b453,Visit,32:50.6,Mobile,East,Paid,0,Yes,
3659,71f183b7-0c66-42e8-9676-95796fe1137a,Visit,24:08.7,Desktop,North,Referral,0,Yes,
3660,1bf469d2-d437-437b-985d-1feed10a0d7e,Visit,20:50.6,Tablet,South,Organic,0,Yes,
3661,cbf9ae49-8be9-4b84-ad6f-6d051d488455,Visit,54:13.6,Mobile,South,Organic,0,Yes,
3662,c74eeadb-97df-49e5-ad7f-2ec06bda004d,Visit,45:56.5,Desktop,North,Paid,0,Yes,
3663,8a5a3557-43a5-445a-942f-5a9bf605a9db,Visit,15:30.4,Tablet,West,Organic,0,Yes,
3664,1dba4d66-f777-422d-8a0f-450e2eff95f0,Visit,47:57.8,Desktop,South,Organic,0,Yes,
3665,52e1b8ae-a816-4521-a50f-a29635dbf476,Visit,46:14.5,Mobile,South,Paid,0,Yes,
3666,639f249e-333f-4e8f-be0c-faf85be00a88,Visit,29:31.6,Desktop,East,Referral,0,Yes,
3667,eeee6cab-066e-4acf-a4f5-2f48361a1fd9,Visit,24:28.9,Mobile,North,Organic,0,Yes,
3668,074e3417-ddea-49d0-9a41-868b3b224629,Visit,26:55.1,Mobile,North,Referral,0,Yes,
3669,f9c46d9c-0632-4400-b7f4-dcd79c6d5f25,Visit,58:51.2,Desktop,West,Paid,0,Yes,
3670,b8bcb8a3-2d10-46bb-a215-300b9ea0674e,Visit,11:44.0,Desktop,East,Paid,0,Yes,
3671,f343ab84-9517-4097-a333-8cb89680c984,Visit,59:49.8,Desktop,North,Referral,0,Yes,
3672,46c2b669-dba2-46ad-bc1f-463ed382b7d1,View Product,15:40.7,Mobile,East,Referral,0,Yes,
3673,95555d55-a963-476a-9f21-fc7676af0d03,Visit,52:59.8,Desktop,West,Paid,0,Yes,
3674,1c2ff82a-10f3-429f-bf2d-066bfa25141b,Visit,38:44.8,Desktop,West,Paid,0,Yes,
3675,f7d0343e-3a28-4449-9a14-237b198b3690,Visit,58:45.0,Desktop,East,Organic,0,Yes,
3676,95af49bd-c19d-459a-af34-f4762a8d3260,Visit,38:23.1,Desktop,West,Organic,0,Yes,
3677,f0c24d03-8287-4498-ae0d-6aa74db06826,Visit,12:50.8,Mobile,East,Referral,0,Yes,
3678,5378eb78-d4bd-4d71-86b5-c98c815463b6,Visit,26:35.8,Desktop,South,Paid,0,Yes,
3679,33b14316-e45a-4a0d-8bdc-9e0f6252cbc0,Visit,11:02.8,Tablet,East,Referral,0,Yes,
3680,f2e6db04-f97d-46b2-b460-264245a69a58,Visit,07:14.3,Tablet,North,Paid,0,Yes,
3681,9abe06d7-4b75-4d58-afb7-7a9313793004,Visit,05:51.2,Desktop,East,Organic,0,Yes,
3682,ef9e093e-820e-4785-bf20-2cf228bab415,Visit,48:16.9,Desktop,East,Organic,0,Yes,
3683,d30fe38f-8994-4469-b6d0-f2762ca0d836,Visit,01:50.3,Tablet,West,Paid,0,Yes,
3684,78c96ff0-4f86-4ffb-acb5-512f000459e8,Visit,57:10.8,Desktop,North,Paid,0,Yes,
3685,bd468a63-db11-4826-bf22-b6b91f60ee9f,Visit,45:46.0,Tablet,North,Paid,0,Yes,
3686,8db13286-423b-48c7-90db-d8c365d1e346,Visit,32:44.9,Tablet,East,Paid,0,Yes,
3687,d8e96aed-1931-444b-a91b-0d3cb9bf7f8a,Visit,37:04.4,Tablet,South,Referral,0,Yes,
3688,25a82522-444c-451e-a78f-535754185c2d,View Product,07:25.6,Desktop,North,Referral,0,Yes,
3689,dfce4f7d-a2de-4558-8928-3e7e3111c6e3,Visit,03:43.9,Tablet,North,Organic,0,Yes,
3690,bab55712-7df5-450e-9078-43d593e2475c,View Product,14:38.8,Mobile,North,Paid,0,Yes,
3691,dea61992-2d57-414a-834b-911c2cf6b8a5,Visit,50:16.9,Tablet,East,Paid,0,Yes,
3692,df764539-8ded-431f-a066-728b6a51e682,Visit,55:48.2,Mobile,West,Paid,0,Yes,
3693,9923aa26-f4e3-43e6-8fdf-ebfe6a2ba827,Visit,11:38.6,Desktop,North,Referral,0,Yes,
3694,9a6a1431-b663-427e-96cd-3698cd909ad0,Visit,24:08.7,Tablet,North,Organic,0,Yes,
3695,c81c895d-ddf1-4168-be04-3bd13fb8db8f,Visit,29:05.9,Mobile,East,Organic,0,Yes,
3696,4dae5f70-d0f8-4798-8a87-5fd7f53fecb7,Visit,12:37.2,Mobile,South,Paid,0,Yes,
3697,10e50846-d611-46fe-9c14-952f8db6f8f6,View Product,38:53.3,Tablet,South,Referral,0,Yes,
3698,0cb768c4-05c9-4af9-b365-c0944bb48d52,Visit,08:34.9,Desktop,North,Organic,0,Yes,
3699,9a49ca5c-2378-4b79-917e-46902f3767b7,Visit,03:20.7,Mobile,South,Paid,0,Yes,
3700,8069607e-2e8a-4faf-ac8d-0e6221de7b95,Visit,00:46.8,Desktop,West,Paid,0,Yes,
3701,da50f9d1-a585-4d45-9a4f-5a0b5c1c66c1,Visit,43:10.7,Mobile,South,Paid,0,Yes,
3702,87dcbc66-4aef-4aff-8807-09bb9efbab21,Visit,40:11.0,Mobile,East,Organic,0,Yes,
3703,8eaad469-9142-43af-8795-fbefbbb358a0,Visit,06:09.3,Mobile,South,Organic,0,Yes,
3704,2f60596e-670f-4f20-b864-2c45f45d44aa,Visit,43:22.7,Desktop,East,Referral,0,Yes,
3705,8ab69de7-ee81-4524-8fd1-13e31380ccbb,Visit,28:24.1,Desktop,South,Organic,0,Yes,
3706,58db7590-df7e-4eb8-af84-f4969f1106a6,Visit,09:19.7,Desktop,West,Organic,0,Yes,
3707,44504023-f4c2-4a37-948a-d29b59141dc9,Visit,18:04.8,Tablet,North,Referral,0,Yes,
3708,3db1d2cb-dc59-43f2-b1b6-68a7459c84f2,Visit,45:15.6,Mobile,West,Paid,0,Yes,
3709,914a504d-9706-42b6-9fb4-ac2529ab213f,Visit,43:19.1,Mobile,North,Paid,0,Yes,
3710,8095ee19-6299-45a7-bb0a-7d7d8f0fe82d,Visit,45:46.3,Mobile,South,Paid,0,Yes,
3711,8ab09465-2bb4-4efa-8337-4ae3a0e7a9d8,Visit,58:10.7,Desktop,North,Referral,0,Yes,
3712,b415a550-0486-464c-8996-9e492dbca075,Visit,17:33.1,Desktop,North,Paid,0,Yes,
3713,56d185e6-f993-44a5-9262-a8ccedf3f5c2,Visit,39:34.6,Mobile,North,Referral,0,Yes,
3714,62fdfb95-c399-4476-9e64-79899c74886e,Visit,21:15.0,Tablet,South,Paid,0,Yes,
3715,3393b9bf-0b24-409f-9f85-034fba42e79b,Visit,19:02.0,Tablet,West,Referral,0,Yes,
3716,93b52251-2b41-43d2-8ce4-940609c6ad24,Visit,44:13.0,Desktop,South,Organic,0,Yes,
3717,2e31ad94-de6c-46c0-a676-84cd2d59aa0a,View Product,13:39.5,Desktop,North,Organic,0,Yes,
3718,108cc24b-5b14-4d83-b72a-e072d98c4379,Visit,55:07.8,Tablet,West,Referral,0,Yes,
3719,58bac24e-01ec-4482-b5a8-675392c13e72,Visit,28:28.1,Desktop,North,Paid,0,Yes,
3720,c627722d-4e2a-4c20-8704-26c1f0952364,Visit,11:10.1,Desktop,North,Organic,0,Yes,
3721,f13ea37e-c0f2-4ec2-95fc-a3d7f4d9f109,Visit,33:15.6,Desktop,North,Organic,0,Yes,
3722,aed7e417-7a3b-4a9e-af30-454d21c6b653,Visit,54:50.3,Mobile,West,Paid,0,Yes,
3723,c581dd0d-bd3e-4b0a-91c5-31c050adc136,Visit,37:30.9,Mobile,North,Referral,0,Yes,
3724,2727a1d7-de9d-4d5a-9eb6-3dd6eee2abd5,View Product,59:18.0,Mobile,South,Paid,0,Yes,
3725,fad86581-2bb9-4274-9f64-84749c79bf63,Visit,19:49.0,Mobile,East,Referral,0,Yes,
3726,1fd2aeb9-8da6-40ac-a0e5-88a98817eb17,Visit,47:46.0,Mobile,West,Organic,0,Yes,
3727,034592ff-4cfd-4d8e-b064-2392eb721451,Purchase,41:17.6,Mobile,South,Organic,790,No,No
3728,d23aab25-0d20-4594-aff1-f0d9b0e71fec,Visit,32:25.3,Tablet,South,Paid,0,Yes,
3729,497c9ea5-eab5-4479-8f8a-18c072e85461,Visit,08:13.5,Mobile,South,Referral,0,Yes,
3730,76bdcbb8-f961-4f0d-b54c-bc457b6f2838,Visit,24:48.7,Tablet,South,Organic,0,Yes,
3731,ec970e61-9df1-465e-979f-9d62befef78e,Visit,05:00.7,Tablet,West,Organic,0,Yes,
3732,8a953ebc-b283-438f-b383-14eb8ad9c114,Visit,44:16.0,Tablet,West,Organic,0,Yes,
3733,b7cd91c4-c090-4963-bf8d-86d6e25013e5,Visit,15:29.1,Tablet,North,Referral,0,Yes,
3734,0c3fa29e-ef23-4f6d-8eeb-cd4bafd04580,Visit,16:29.8,Desktop,West,Referral,0,Yes,
3735,6042aadc-2bc1-4832-aa1a-5c546b1a33a3,Visit,44:27.9,Tablet,North,Referral,0,Yes,
3736,bf01e120-f87a-48b5-9653-f565fc55225e,View Product,44:20.9,Desktop,South,Organic,0,Yes,
3737,acb535f4-3b4c-4a55-b938-4a0e6437c460,Visit,04:09.2,Mobile,North,Paid,0,Yes,
3738,cebc4536-9915-4963-9356-a44a382441b8,Visit,58:16.5,Desktop,West,Referral,0,Yes,
3739,16d6d50a-9219-4f22-ba7e-6d8a1605303b,Visit,39:22.5,Tablet,North,Referral,0,Yes,
3740,6f1c761b-7a0c-4cad-9151-9cfe6595a227,Visit,15:03.5,Mobile,East,Referral,0,Yes,
3741,de1b5892-46fd-4293-81f8-67dd0ced7917,Visit,57:54.5,Mobile,East,Organic,0,Yes,
3742,b7d0f0ff-79dd-4d45-b414-36b4bd7d2254,View Product,18:58.8,Tablet,West,Paid,0,Yes,
3743,1e9feb1d-97c9-48a4-8f79-a739a86da331,Visit,06:17.4,Mobile,North,Paid,0,Yes,
3744,2de6fcaf-d362-4a42-86f0-89e0b6745dc1,Visit,27:54.7,Tablet,South,Paid,0,Yes,
3745,3962f780-d442-4ded-85aa-fa1b04303a2a,Visit,07:59.1,Desktop,West,Paid,0,Yes,
3746,e6e39c8b-f6fe-4d6d-8e87-22ed004087e2,Add to Cart,20:58.7,Desktop,West,Paid,0,Yes,
3747,a8bb2542-94af-4013-8900-ce6b335d9c5f,Visit,55:28.2,Tablet,East,Paid,0,Yes,
3748,783f7398-9a28-4048-8aff-6dea3135bf05,View Product,47:52.9,Desktop,South,Referral,0,Yes,
3749,fb593684-a7f4-4ca3-b7e0-72e641bb77b9,Visit,04:03.6,Mobile,East,Paid,0,Yes,
3750,1a21ff6f-4d31-407d-aa4e-bdd49eab6205,Visit,17:10.5,Tablet,North,Referral,0,Yes,
3751,67c5074f-36f8-4933-b672-d9e81feaaf26,Visit,20:39.8,Mobile,South,Referral,0,Yes,
3752,0c70bcf4-3543-4f85-89a4-dda29d580c49,Visit,04:10.6,Mobile,North,Referral,0,Yes,
3753,6f4755db-4524-4eeb-a655-e29202c7b8f0,Visit,57:09.3,Desktop,North,Paid,0,Yes,
3754,41ac5d1f-77ab-48ac-b157-cdcb4ce92beb,Visit,12:18.7,Desktop,South,Referral,0,Yes,
3755,06a8e0d6-9fa2-4979-86e0-dfc3e10786ca,Visit,11:43.0,Mobile,South,Paid,0,Yes,
3756,fb7558d9-a834-4421-8363-fd14a80e9970,Visit,48:49.7,Desktop,South,Paid,0,Yes,
3757,a00ccecd-2883-4803-bf0d-2d6709dcf9be,Visit,29:37.9,Mobile,East,Paid,0,Yes,
3758,82f37584-b966-45ec-b7dd-441613530adb,Visit,53:28.0,Tablet,North,Paid,0,Yes,
3759,ee3221cf-edfd-4cdb-b7e2-29ea27cf670f,Visit,17:50.3,Tablet,East,Organic,0,Yes,
3760,12f9c2dd-69a1-47a7-ade4-b6ecc6d3b831,Visit,23:25.9,Desktop,West,Referral,0,Yes,
3761,4bc5544c-16e1-4a1f-8313-6ce957a649a2,Visit,58:53.8,Desktop,East,Referral,0,Yes,
3762,d41df2a5-b15f-41a0-912b-d89e3740fcad,View Product,17:52.6,Desktop,South,Organic,0,Yes,
3763,5574cd12-6862-4e0a-a481-304b15cec7ac,Visit,40:42.2,Tablet,West,Paid,0,Yes,
3764,4c2c6b5f-03f4-42ae-be40-82ee49e55255,Visit,17:02.3,Tablet,South,Paid,0,Yes,
3765,7a7d127b-e3fe-494a-a176-57d33a994acb,Visit,58:21.3,Tablet,West,Organic,0,Yes,
3766,6c603a1e-d02f-4624-8419-5d53c93ce32c,Visit,10:07.3,Tablet,East,Referral,0,Yes,
3767,36abb302-1e6e-4588-8a3b-42c3a333c826,View Product,06:00.5,Tablet,North,Organic,0,Yes,
3768,428d5118-5465-4343-8ae3-055c3cfa54ae,Visit,56:56.9,Desktop,West,Referral,0,Yes,
3769,7750be4c-1e88-416d-9bc6-d4086500ec26,Visit,02:01.6,Desktop,South,Paid,0,Yes,
3770,fa378adc-7acc-40d6-b4a4-a326cc76f022,View Product,38:01.5,Desktop,North,Paid,0,Yes,
3771,ba675656-9db9-4198-bb00-c72d9aea29f5,Visit,27:20.5,Desktop,North,Paid,0,Yes,
3772,933d21ac-2a29-40f9-a583-ef5976b71f91,Visit,32:27.8,Tablet,East,Referral,0,Yes,
3773,2a1df9ef-1e06-40b2-bde6-0334a707ba4f,Visit,21:17.5,Desktop,South,Paid,0,Yes,
3774,238d1a44-49d1-439b-aa0a-7a5fd022493e,Visit,41:31.3,Mobile,East,Referral,0,Yes,
3775,47781f7d-1326-41f3-b8a4-d98fe804917b,Visit,41:14.4,Mobile,North,Paid,0,Yes,
3776,9f6d8770-b0c6-484d-8ee2-38b536df45f4,Visit,33:29.5,Desktop,South,Referral,0,Yes,
3777,b8fbf175-526e-4824-b34e-2d6e79a1e522,Visit,26:14.9,Tablet,West,Referral,0,Yes,
3778,9755c5b2-5fa1-4de4-9832-a2fa72fd48c5,Visit,08:29.9,Mobile,South,Paid,0,Yes,
3779,025e6a30-f71e-43ff-ba14-fd41ca18cf13,Visit,33:26.4,Desktop,North,Referral,0,Yes,
3780,b422e119-79e0-4098-b906-bacdba4fe376,Visit,17:13.3,Mobile,North,Organic,0,Yes,
3781,bbf34954-cc3a-4bed-a481-5f636966572c,Visit,17:03.3,Desktop,East,Organic,0,Yes,
3782,5c4ce05b-0586-45ad-84e4-f345f188606e,Visit,15:34.1,Desktop,South,Paid,0,Yes,
3783,ecdafa20-0cdc-4192-9393-6954ddc56335,Visit,31:16.3,Mobile,West,Organic,0,Yes,
3784,78142fb1-1d9a-4982-8763-1c3c6af96adf,Visit,05:48.1,Tablet,East,Paid,0,Yes,
3785,04d80a75-a368-4b8a-9d36-74f7a4060015,Visit,18:07.2,Desktop,East,Referral,0,Yes,
3786,a17740b3-5d5c-47ec-aade-1676da231cc0,Visit,29:55.5,Desktop,North,Organic,0,Yes,
3787,e66c264c-aa6f-486f-b727-7a91475d9ce1,Visit,06:43.3,Mobile,North,Referral,0,Yes,
3788,ae47a439-5225-450f-81bb-bc9bfed1f83b,Visit,25:32.9,Tablet,West,Referral,0,Yes,
3789,cbfbdd78-be15-4a6b-8402-ba7c2c5df79b,Visit,48:47.3,Desktop,North,Referral,0,Yes,
3790,94de7588-8d47-4985-96e4-1308d05e18e6,Visit,30:23.9,Mobile,East,Paid,0,Yes,
3791,f36b9776-1c4c-42b2-a96a-7872f71421ff,Visit,57:11.4,Tablet,East,Referral,0,Yes,
3792,2218c2e5-6fe5-45e0-99ac-e86b4c3f6acb,Visit,06:01.7,Mobile,North,Organic,0,Yes,
3793,5bc6370a-0a3b-4b7c-b33e-6d695fec37d3,Visit,45:40.2,Desktop,South,Organic,0,Yes,
3794,9d2a4015-37c7-4fa3-b227-d615e0b84b8e,Visit,10:25.7,Mobile,South,Paid,0,Yes,
3795,a890e4ec-4281-4db3-9b60-917d5b79bd1d,Visit,28:39.0,Desktop,South,Paid,0,Yes,
3796,71d24ecd-3ce9-4a70-9026-93c7cd978604,Visit,41:11.6,Desktop,North,Referral,0,Yes,
3797,daa571a2-92d7-4408-adec-e3792f3816d1,Visit,13:56.6,Mobile,South,Referral,0,Yes,
3798,df0df2e0-aeb3-4913-bfc4-39045cd26bf4,Visit,32:41.4,Mobile,West,Referral,0,Yes,
3799,95745704-f63a-4757-9aab-724ed9157440,Visit,34:42.9,Desktop,South,Referral,0,Yes,
3800,9a7dfd40-a704-4cae-ab4a-d776dc20cdae,Visit,01:36.7,Desktop,West,Organic,0,Yes,
3801,346ae62c-bace-484a-b636-14a208e372c6,Visit,34:06.5,Tablet,South,Referral,0,Yes,
3802,e81acaea-135a-447f-a57a-f6083e4688c0,Visit,35:36.7,Mobile,East,Organic,0,Yes,
3803,afd00d3d-1b85-48ab-b2ac-e844e7a78b89,Visit,28:03.3,Desktop,East,Referral,0,Yes,
3804,777dd3bb-5ada-4bcb-a254-3cb58bd8790a,View Product,50:14.9,Tablet,West,Organic,0,Yes,
3805,199287bc-483f-4f0c-8fa5-8ae8a22517c1,Visit,22:14.5,Tablet,South,Referral,0,Yes,
3806,a21b51c6-276d-42e8-b981-a5185d1ed1fe,View Product,44:42.2,Tablet,North,Organic,0,Yes,
3807,23ccbd20-90dd-4c8e-8153-7dedd7e9e7cf,View Product,26:25.9,Tablet,North,Paid,0,Yes,
3808,af0f1c48-ffea-4f70-889b-67f28c046c69,Visit,33:32.1,Mobile,East,Organic,0,Yes,
3809,38f88494-e649-4b31-a7fa-d94a2cbd6f09,Visit,48:39.0,Mobile,East,Referral,0,Yes,
3810,a023319c-c3b9-4dde-89f2-3835842ed549,Visit,26:48.7,Desktop,North,Paid,0,Yes,
3811,dfed45e6-aa78-4cad-8c8e-2653b43f3ede,Visit,48:41.3,Mobile,North,Referral,0,Yes,
3812,89d1fe62-e691-4959-b3d4-e66880ae875a,Visit,26:21.5,Mobile,East,Organic,0,Yes,
3813,ae03e7c5-8018-416a-9fdf-a9ff206cc259,Visit,45:44.9,Tablet,South,Paid,0,Yes,
3814,d59e77a7-708f-43df-a890-7098109a7334,Visit,49:50.0,Tablet,North,Paid,0,Yes,
3815,13e8fc76-aeab-4fc5-ae6e-a5a69b914e87,Visit,43:46.2,Tablet,West,Organic,0,Yes,
3816,78898109-0768-40d7-9fd4-2a46e3c52e58,Visit,47:05.4,Mobile,East,Organic,0,Yes,
3817,bdd22251-4fc5-40b6-a0e2-a669028ab84c,Visit,11:58.4,Mobile,West,Paid,0,Yes,
3818,5714f064-d3bb-44a3-a4bf-6cce7a22810c,Visit,02:20.0,Tablet,North,Paid,0,Yes,
3819,19641fff-fd51-43d8-9cfd-a377cbad3a36,Visit,44:35.2,Mobile,North,Paid,0,Yes,
3820,60527bd5-7b3c-4290-af44-831cb8e3ca1b,Visit,44:51.2,Desktop,South,Referral,0,Yes,
3821,182744cc-f4e6-4b23-8da6-5da1940e521b,Visit,36:35.6,Mobile,West,Referral,0,Yes,
3822,9c1881c7-ac62-4198-b4d4-cabb9c783826,Visit,14:50.8,Mobile,North,Organic,0,Yes,
3823,d71d01f1-7635-44fe-8d1d-83627fe47d1f,Visit,55:08.5,Mobile,West,Organic,0,Yes,
3824,411be1f4-9f5a-42a3-8cbb-34c0e65c5ed6,Visit,27:50.9,Mobile,West,Paid,0,Yes,
3825,b5d2ae4b-fa45-429e-a446-045339c9227e,Visit,47:20.7,Tablet,West,Organic,0,Yes,
3826,5a89211e-b179-49ee-b784-ea6fed8e65df,Visit,51:31.3,Mobile,East,Referral,0,Yes,
3827,f169292f-bf10-4f34-9184-17a4735bac7b,View Product,13:00.6,Desktop,East,Organic,0,Yes,
3828,c75d159f-b235-48f4-87b1-c64f34693256,Visit,03:52.6,Tablet,South,Organic,0,Yes,
3829,f4ff8769-11df-4ac9-89d6-0719b24e9364,View Product,55:31.3,Mobile,South,Organic,0,Yes,
3830,667dc25a-23dd-423b-888f-fc984aca08fa,View Product,34:42.1,Tablet,South,Referral,0,Yes,
3831,bcbd8b9e-f092-4801-b453-f7fe206606ba,Visit,55:01.7,Desktop,South,Referral,0,Yes,
3832,c55b7250-bc62-4a1b-84c5-e044fe6bb49d,Visit,11:10.2,Desktop,West,Organic,0,Yes,
3833,e5ebe018-f9e7-4f05-afcc-0c8a2ff82403,Visit,39:01.4,Tablet,East,Paid,0,Yes,
3834,d2f7c292-6376-41e6-b044-84b1ad7a4cd2,Visit,50:11.0,Tablet,North,Organic,0,Yes,
3835,18ab3219-4b6f-4e72-9cf0-0ad9c437e144,Visit,23:18.5,Tablet,North,Paid,0,Yes,
3836,fb6abfa0-df59-48b9-8b39-f626c6d79385,Visit,37:13.2,Desktop,West,Paid,0,Yes,
3837,3d9ff92e-ac7a-4fd5-ad11-9cfeeb52d7ea,Visit,42:39.3,Tablet,West,Organic,0,Yes,
3838,7bdf7095-21e6-472e-9824-4074fba10874,Visit,04:42.2,Mobile,South,Paid,0,Yes,
3839,bffbe759-47d2-42a4-ad76-5445df40c45f,Visit,09:42.3,Mobile,South,Organic,0,Yes,
3840,33bd7e3d-fc90-40b8-8c28-cd7fca58fcb1,Visit,27:06.7,Mobile,East,Referral,0,Yes,
3841,48e174f2-9a33-4e20-9762-7051b820f8c7,Visit,55:43.7,Mobile,North,Referral,0,Yes,
3842,2c801ff5-1e17-46ed-82a4-368e31a5a08f,Visit,14:52.6,Tablet,West,Paid,0,Yes,
3843,5b672579-7abb-4fa0-b228-c55bfb17e30e,View Product,38:53.1,Desktop,South,Organic,0,Yes,
3844,e5e23de4-34ba-4780-900a-0fa621e4ba9d,Visit,23:16.5,Tablet,West,Paid,0,Yes,
3845,b1a43bce-cbc9-40e2-b33d-91a96948c1b3,View Product,06:18.5,Desktop,East,Paid,0,Yes,
3846,5c0db3f4-2c1a-4781-8ad7-aa6f5228c58f,Visit,25:47.8,Tablet,West,Paid,0,Yes,
3847,2cfe2d0c-f879-4e69-90e2-65b01e90c9ea,Visit,34:08.2,Desktop,North,Referral,0,Yes,
3848,68c48ab3-071d-4638-9241-5f2436a56ece,Visit,58:18.3,Mobile,South,Organic,0,Yes,
3849,50e2c6c0-c94d-4deb-9eee-b0b61dfd0bf7,Visit,35:03.2,Tablet,East,Referral,0,Yes,
3850,9de73c99-4254-42da-9032-3018d41e0e3c,Visit,18:43.7,Desktop,East,Paid,0,Yes,
3851,b631ed76-e84a-4da8-a4e3-a6c86b35c210,Visit,31:18.8,Tablet,East,Paid,0,Yes,
3852,6df0917a-fbe1-4a7a-9b7c-578b55ff5060,Visit,19:31.9,Tablet,West,Paid,0,Yes,
3853,64f767a7-b702-45e5-a593-1f6d91c1f042,View Product,22:53.4,Tablet,East,Paid,0,Yes,
3854,817d9302-aa5d-45c6-a963-3bc45d020890,Visit,23:30.2,Desktop,East,Referral,0,Yes,
3855,ad40f651-f3d8-4645-af07-b6c94ff12fde,Visit,57:54.1,Tablet,South,Referral,0,Yes,
3856,066b6a21-4ba1-45f4-a118-8968d7a89267,Visit,15:52.1,Tablet,South,Organic,0,Yes,
3857,d0c79519-ef15-45e6-a3b9-73337323d18a,Visit,37:58.5,Tablet,East,Organic,0,Yes,
3858,0db87730-8004-4d33-a608-16fe8d221eca,Visit,35:31.2,Mobile,South,Organic,0,Yes,
3859,140540a5-2846-456a-9e0e-f7d83227e4f5,Visit,52:08.1,Tablet,East,Organic,0,Yes,
3860,23eb9d1a-d62c-4401-9bd4-ef2a5371b1fd,Visit,17:32.1,Mobile,North,Organic,0,Yes,
3861,a064351c-7bc5-4d69-8a03-676b7d35d273,View Product,39:53.5,Desktop,South,Paid,0,Yes,
3862,01e8210d-1961-443f-ad66-5eb6636ff385,Visit,29:46.7,Tablet,South,Referral,0,Yes,
3863,c24ec049-c919-4c98-a1a2-beb593e4da7b,Visit,53:19.1,Tablet,North,Paid,0,Yes,
3864,77e80fa0-5b9d-4aaa-914d-eb8da779edda,Visit,54:22.0,Desktop,North,Paid,0,Yes,
3865,0f5a0cf5-ba21-40aa-8113-c6a7c2868c32,View Product,33:51.8,Desktop,West,Referral,0,Yes,
3866,d2c5d1fb-b684-47f1-8255-d7d7a6a32d61,Visit,35:56.4,Desktop,West,Organic,0,Yes,
3867,6f26d8b4-efb9-4916-998d-ab1dbbc4ffe8,Visit,30:46.7,Desktop,West,Organic,0,Yes,
3868,62c4038a-28eb-4d9c-b573-2279c9c8dff6,Add to Cart,35:12.0,Mobile,North,Paid,0,Yes,
3869,3d2f893c-b327-4243-8a4f-a665cb9c7b03,Visit,07:50.9,Tablet,East,Referral,0,Yes,
3870,7d2b028b-f5b5-4a21-a41b-899bf3ce7eec,View Product,48:57.2,Mobile,West,Referral,0,Yes,
3871,a6e3f4f3-242c-473d-a704-7d74a5cf5225,Visit,31:29.3,Tablet,North,Organic,0,Yes,
3872,0806f3ca-11cd-4e41-a197-13ba978477b3,View Product,27:40.5,Desktop,East,Paid,0,Yes,
3873,5513cc86-881f-43f8-8772-dfd29b188356,Visit,27:36.6,Mobile,North,Paid,0,Yes,
3874,dfbdbc0f-fd52-450f-8e9b-eff29410972b,Visit,03:27.5,Mobile,West,Referral,0,Yes,
3875,7a60adeb-b75f-4639-864c-3eeaa0154740,Visit,15:40.3,Tablet,West,Organic,0,Yes,
3876,90a42514-e58e-4839-ab94-ac4b4bde669f,Visit,03:33.1,Mobile,South,Organic,0,Yes,
3877,6dc6542d-5ccd-4e20-9192-35247e89ba95,Visit,09:05.8,Tablet,East,Referral,0,Yes,
3878,8082751f-3112-4e05-979e-2e057c98d47d,Visit,21:55.7,Mobile,East,Referral,0,Yes,
3879,9fc89d6f-6e3f-42d4-a17c-16ee7ee6852a,View Product,23:01.0,Mobile,North,Paid,0,Yes,
3880,76b1afe6-51e9-4d73-a846-710e89d19ddc,Visit,41:26.7,Mobile,East,Paid,0,Yes,
3881,8c35440e-d16f-4dd7-8c73-198d55b55c6b,Visit,44:50.1,Tablet,West,Organic,0,Yes,
3882,bcc64ad6-a921-4727-bbce-2d127e51ae82,Visit,14:57.9,Desktop,East,Paid,0,Yes,
3883,9cd891aa-2878-412a-9967-0a1cb3a97c27,Visit,21:00.1,Mobile,West,Organic,0,Yes,
3884,81e4ed89-55ba-43d1-b757-236b54521bc1,Visit,56:03.9,Mobile,North,Organic,0,Yes,
3885,4db1781c-caa7-4f4e-b331-fd430c7d243f,Visit,41:54.1,Tablet,North,Referral,0,Yes,
3886,2e9d6b94-584d-487c-a9f0-e3ace091f2e7,Visit,26:51.0,Mobile,South,Organic,0,Yes,
3887,ef01e202-bce5-4d83-b895-5cc61c8152f5,Visit,03:46.0,Tablet,North,Organic,0,Yes,
3888,6e2bfb4a-e44f-4260-813a-4c7344af2784,Visit,39:47.3,Mobile,North,Paid,0,Yes,
3889,ca7182d6-3198-4cb4-bf6d-7880ba032164,Visit,48:04.6,Desktop,West,Organic,0,Yes,
3890,a811d3d0-9437-47b5-b1ac-813d0eb97cda,Visit,05:33.5,Tablet,South,Paid,0,Yes,
3891,46ee3aeb-bda6-4bd8-a7a8-85b56494c880,Visit,16:10.3,Desktop,North,Organic,0,Yes,
3892,ffb7e9b4-8f5b-4a16-86a1-c2f3e0a627c6,Visit,47:55.6,Desktop,North,Organic,0,Yes,
3893,0a6a0155-49e9-4c71-be04-130cd3365432,Visit,08:22.7,Desktop,South,Referral,0,Yes,
3894,d2d17380-e26e-43f6-bf0a-15fdb5d1660b,Visit,40:55.0,Desktop,North,Referral,0,Yes,
3895,5ac2feda-fb7e-4668-a4b4-60d7020b8f02,Visit,17:07.6,Tablet,West,Referral,0,Yes,
3896,bf100194-c1d6-49da-9c5f-f420687bbf2b,Visit,13:14.4,Tablet,East,Paid,0,Yes,
3897,3e368ae3-e39d-4437-9aa5-91abbaef6afa,View Product,08:21.3,Mobile,East,Referral,0,Yes,
3898,08972d45-662c-4f4d-b88c-bf49c3401141,Visit,48:26.4,Mobile,West,Referral,0,Yes,
3899,6997dd9e-7826-4468-afeb-222b3325a6f9,Visit,26:42.9,Tablet,East,Referral,0,Yes,
3900,797f6f39-1022-452a-94da-e83d8b3bb00f,Visit,52:25.6,Tablet,South,Organic,0,Yes,
3901,d699a2f8-65c3-4fa6-b840-d099d726df95,View Product,07:38.9,Tablet,West,Referral,0,Yes,
3902,8fdc99cc-9399-49a4-9d29-4798591522e8,Visit,16:33.9,Tablet,West,Paid,0,Yes,
3903,5bfa4c59-45ec-4334-a125-fa0ef878bec6,Visit,49:34.0,Desktop,South,Organic,0,Yes,
3904,c1998a3a-e0a4-454c-a5f0-9d12dee42260,Visit,02:28.8,Tablet,East,Organic,0,Yes,
3905,a9284053-1aec-4ddd-88c5-92bc4d4de37a,Visit,41:53.1,Mobile,North,Organic,0,Yes,
3906,cd13de63-abdf-45f3-8a61-e86366312482,Visit,23:45.1,Mobile,South,Referral,0,Yes,
3907,47a4f9bd-9578-4544-8b30-96aa7540fa11,Visit,19:29.1,Tablet,West,Paid,0,Yes,
3908,ff24f33f-8aa6-415a-88c8-4bc996ae726f,Visit,59:47.4,Tablet,South,Paid,0,Yes,
3909,d9fb4c4c-ef29-4724-b8f9-ee4944ecf14e,Visit,45:14.0,Tablet,West,Organic,0,Yes,
3910,2facdef8-d606-4da3-9ea2-018ac9ee6d51,Visit,13:05.1,Tablet,North,Organic,0,Yes,
3911,4ece007f-9d26-45eb-837f-e93cdb65224b,Visit,11:40.1,Tablet,West,Referral,0,Yes,
3912,2a82976d-70d2-4cd1-8f77-f143fee4e94e,View Product,56:06.2,Tablet,East,Paid,0,Yes,
3913,5a7dfc40-dcd9-4cd9-b6a4-6a9f853c5b6c,Visit,52:28.2,Mobile,East,Organic,0,Yes,
3914,76c224bd-b50a-45b5-8ff3-357787684f59,Visit,37:33.3,Tablet,South,Organic,0,Yes,
3915,786a93b0-0c35-401f-958d-0ba9385161ec,View Product,36:22.2,Tablet,South,Organic,0,Yes,
3916,490b7a48-8115-4ef1-8767-5ea6b76b4e36,Visit,38:16.3,Mobile,West,Referral,0,Yes,
3917,4c7d90e2-d16a-49a5-853a-19a3df31f679,View Product,21:40.5,Desktop,West,Organic,0,Yes,
3918,24617a70-2949-4c31-9031-9ffbfe2154c9,View Product,28:40.0,Mobile,South,Referral,0,Yes,
3919,dd0a97ed-635d-47db-b354-53e7d86c9b9d,Visit,06:58.9,Desktop,South,Paid,0,Yes,
3920,8890b960-66f0-4b0e-9f8c-934afe427e68,Visit,36:47.0,Desktop,East,Organic,0,Yes,
3921,80207d04-cb35-4eca-aadb-e1e14a3f90eb,Visit,47:41.0,Mobile,East,Referral,0,Yes,
3922,a92c6921-c576-463d-8149-d2c208b8d620,Visit,14:59.6,Tablet,South,Paid,0,Yes,
3923,ace8b636-1be7-4d93-88ab-95c2fbf8f01c,Visit,30:04.4,Tablet,North,Organic,0,Yes,
3924,309f4d7b-509b-40fc-a8ac-37ab7f59b320,Visit,22:34.6,Tablet,West,Organic,0,Yes,
3925,db1e5eaf-eeab-424a-accd-e34db9e443fe,Visit,54:31.9,Tablet,North,Paid,0,Yes,
3926,fa557f3f-b627-4e69-9d4b-5c28e71157be,Visit,14:53.9,Mobile,North,Organic,0,Yes,
3927,e8770cfa-68ba-4dff-b8c4-9e9aac454851,Visit,41:11.9,Desktop,West,Referral,0,Yes,
3928,8d4f2c0c-9ecf-4f77-bb1f-ab85109fa64f,Visit,39:50.4,Mobile,West,Paid,0,Yes,
3929,68702abd-29f2-4d73-a140-666f4149da2c,Visit,23:39.1,Desktop,North,Organic,0,Yes,
3930,05ef3159-9159-4198-a7eb-56e207bd15ba,Visit,50:58.3,Desktop,East,Referral,0,Yes,
3931,2b111d7c-4ecb-4787-bcca-680805ef7554,Visit,40:13.8,Tablet,West,Referral,0,Yes,
3932,88a9338c-59e8-4623-9fef-dfa3b882b70e,Visit,13:39.1,Tablet,West,Referral,0,Yes,
3933,eb6efe2d-7252-4c55-84f1-9e1d8a41ed95,View Product,45:42.3,Desktop,West,Organic,0,Yes,
3934,0a35348e-f035-4eff-ab9c-5a67af59fe35,Visit,24:25.9,Tablet,East,Organic,0,Yes,
3935,d4c6fc74-bb6c-45ad-add2-11bf62d99f08,Visit,08:15.8,Mobile,South,Referral,0,Yes,
3936,d007761b-b67c-47b5-86ed-3d3cd7cb0962,Visit,37:52.9,Tablet,South,Paid,0,Yes,
3937,9421f1e5-f098-4fec-9edf-55214e1155a9,Visit,25:01.5,Tablet,North,Organic,0,Yes,
3938,ed47da2b-18e5-4588-bec0-63869e756b8f,Purchase,29:24.4,Desktop,West,Referral,1780,No,No
3939,4d5bc4d9-2c8f-4fed-85f6-19bfbb1b97fd,View Product,08:00.9,Mobile,West,Organic,0,Yes,
3940,4a8f15e9-331a-4f89-a6e9-6fc62d2a6ca5,View Product,23:33.6,Tablet,West,Organic,0,Yes,
3941,4d1996f0-eb0a-4e48-b0be-d18c58668e4a,Visit,00:55.1,Desktop,South,Organic,0,Yes,
3942,5c6725d4-38ac-4bc6-a00f-e24421786f07,View Product,11:58.4,Mobile,South,Paid,0,Yes,
3943,6f112645-2306-4f4b-bd36-14cafbe0f5f9,Visit,23:21.4,Desktop,North,Organic,0,Yes,
3944,18875aa0-a936-4fca-afa8-c6209b5ab657,Visit,57:02.8,Tablet,North,Referral,0,Yes,
3945,60e3d4fd-b2bc-471e-92c2-c9fc4da628c2,Visit,51:00.9,Tablet,North,Referral,0,Yes,
3946,7beb2167-f549-4e8e-b51d-6e00105cb276,Visit,37:43.0,Desktop,West,Paid,0,Yes,
3947,7dbdec82-ddf8-4c9c-bfb5-ea04146c188d,Visit,28:46.7,Desktop,North,Referral,0,Yes,
3948,7be9ef16-dae0-44e5-92a0-d85d411472b5,Visit,29:29.0,Desktop,South,Organic,0,Yes,
3949,2a28548b-637d-4900-9079-2efdac1da89e,Visit,14:19.6,Mobile,South,Paid,0,Yes,
3950,b5118817-53c9-4684-9393-f6cb335dfbed,Visit,54:12.9,Mobile,East,Paid,0,Yes,
3951,bc857666-17d6-40f3-aca0-853c617517af,View Product,42:27.0,Desktop,South,Paid,0,Yes,
3952,bd3e9d76-41f0-41b0-8ae1-2c70e1630340,View Product,38:44.9,Tablet,West,Referral,0,Yes,
3953,da8843a0-cf9f-4b31-b91a-b3c1484b2e1e,Visit,15:43.0,Mobile,North,Organic,0,Yes,
3954,3e0d267d-51d5-4cc6-a47e-874ccffb638b,Visit,42:14.4,Mobile,West,Referral,0,Yes,
3955,4591a95d-20be-4266-9683-57024042464c,View Product,55:33.7,Desktop,South,Referral,0,Yes,
3956,f8162bf7-c3fa-4715-8cd1-e796040d1217,View Product,25:57.8,Desktop,South,Referral,0,Yes,
3957,30a66ac2-4c00-4d2b-a35f-da89f692049b,Visit,08:55.7,Desktop,North,Organic,0,Yes,
3958,e0988b49-3a13-492e-ad67-bf4ac8887345,View Product,31:18.1,Desktop,West,Organic,0,Yes,
3959,1c68501c-8f3d-454a-afa7-36772c6dab81,Visit,11:35.9,Mobile,East,Referral,0,Yes,
3960,e9457b27-d0ef-4e4c-81a3-398696a4f62e,Visit,44:30.3,Tablet,East,Paid,0,Yes,
3961,bae3d603-80bc-40fe-a017-34bea3d79afa,Visit,42:54.2,Desktop,East,Paid,0,Yes,
3962,af17d544-6116-46b6-9e70-2c168f30b1bb,Visit,23:54.7,Desktop,South,Paid,0,Yes,
3963,21a65f89-48aa-44d9-a1d1-ffa0c3b14136,Visit,06:11.6,Tablet,West,Organic,0,Yes,
3964,af9d2067-4530-4216-85ee-4797e3fe72aa,Visit,05:00.5,Mobile,South,Paid,0,Yes,
3965,0bde55bd-70c9-405e-bb4c-bcce5e355d13,Visit,37:43.6,Tablet,South,Referral,0,Yes,
3966,9bbcb845-3be6-4cdd-9c1e-7730c1ca1b4e,Visit,28:03.8,Desktop,East,Referral,0,Yes,
3967,f631b0b4-1f93-4ba8-9f21-ea284a140a94,Visit,39:28.9,Tablet,East,Paid,0,Yes,
3968,9aeddff3-1fc0-4f36-abb4-2845c295209b,Visit,09:36.9,Desktop,West,Referral,0,Yes,
3969,662bc717-27f9-445e-b61e-a36a7293802f,Visit,22:09.1,Mobile,North,Organic,0,Yes,
3970,951ac78d-3f24-4903-ac23-e730ed2a857a,Visit,12:42.8,Tablet,South,Organic,0,Yes,
3971,757ff1c3-9ecf-4af2-ae25-4b7d59c7f726,Visit,10:56.5,Mobile,West,Organic,0,Yes,
3972,e61f5e15-769e-4fb0-88b9-6a8f5e297491,Visit,53:55.9,Mobile,South,Referral,0,Yes,
3973,e4161a82-bb33-4c3b-a735-857ea328edfa,Visit,33:31.3,Mobile,South,Paid,0,Yes,
3974,b6ae4229-29a7-439a-b497-85a92765f850,Visit,28:30.9,Desktop,West,Referral,0,Yes,
3975,29c01f49-972d-4a0a-965e-a98f2c605694,Visit,28:46.9,Desktop,East,Paid,0,Yes,
3976,8977ec9c-0b9c-4bb8-8445-2339697b5b0e,Visit,20:01.9,Mobile,North,Organic,0,Yes,
3977,e31a4269-8818-49e8-926d-2d6aeabc64ea,Visit,40:56.1,Mobile,South,Referral,0,Yes,
3978,e63a77ca-9943-4cea-a3da-d71d208c703c,View Product,17:29.8,Desktop,North,Referral,0,Yes,
3979,c3571565-c25d-4058-b5d9-68c23c195410,Visit,41:41.0,Tablet,East,Paid,0,Yes,
3980,d55f1e6b-4abf-48f5-b6b7-4c6dbf034219,Visit,05:36.7,Desktop,South,Referral,0,Yes,
3981,458972ff-b66d-42b4-9fb1-a566177776fa,Visit,00:50.5,Tablet,South,Referral,0,Yes,
3982,01b24d91-1194-4af2-9988-1fccbe9da71c,Visit,26:21.7,Mobile,South,Paid,0,Yes,
3983,b07d49d2-6508-4d89-b46d-96c7a45aef42,Visit,19:09.8,Mobile,South,Paid,0,Yes,
3984,f113825b-83db-46ce-9730-ef9d506ed25a,Visit,33:04.5,Desktop,East,Paid,0,Yes,
3985,fd9501a9-3c78-4afb-b273-8ff19a2a426b,Visit,23:10.7,Desktop,South,Referral,0,Yes,
3986,ab269000-28ec-45ad-b013-412e7e706790,Visit,16:52.3,Desktop,South,Referral,0,Yes,
3987,8d02e127-2b51-4a9b-8c46-2a54f6ce557b,Visit,32:39.2,Desktop,North,Referral,0,Yes,
3988,31038e23-f772-473e-b2c1-0059fb50a36d,Visit,22:02.2,Desktop,West,Organic,0,Yes,
3989,4de4f514-15dc-40c1-a8c9-8d4e34693209,Visit,07:47.9,Desktop,West,Referral,0,Yes,
3990,3751d493-cbab-4943-960a-2ff0d380df89,Visit,11:49.7,Tablet,East,Referral,0,Yes,
3991,8ab57660-464a-48f1-9d91-526f462005be,Visit,37:38.4,Desktop,East,Organic,0,Yes,
3992,d63fc04d-b507-4196-a99b-26e5586cbb16,Add to Cart,24:16.5,Mobile,South,Referral,0,Yes,
3993,d5a25285-095e-4782-8281-6b49c5798491,View Product,15:22.9,Mobile,East,Organic,0,Yes,
3994,9d623359-0919-4e5e-b1f2-1b8286ff037f,Visit,03:14.7,Mobile,South,Organic,0,Yes,
3995,bcd42623-6757-4e96-8b77-e2ee7cf49e8c,Visit,52:42.3,Tablet,North,Organic,0,Yes,
3996,5fc77ef6-fd78-4614-b8ab-5829abc4fec6,Visit,41:40.3,Mobile,South,Organic,0,Yes,
3997,621594d7-0c2b-4162-8124-9c405519e297,Visit,01:33.7,Desktop,West,Organic,0,Yes,
3998,b41451b3-daaf-4c0e-a4f4-62f5d2f93d8f,View Product,01:30.1,Mobile,East,Organic,0,Yes,
3999,c5e773e7-9570-4152-afdc-a2bd3d2b738c,Visit,49:35.5,Tablet,North,Organic,0,Yes,
4000,1ed75b51-490e-4aa3-ae16-286139bab1bf,Visit,17:55.2,Mobile,West,Paid,0,Yes,
4001,7a399175-5454-49c2-b76a-a14129eb7eaf,Visit,55:00.1,Desktop,West,Referral,0,Yes,
4002,c30009db-37c3-4c89-93c0-1000ddc049a9,View Product,04:25.1,Mobile,South,Paid,0,Yes,
4003,a356a68d-53c1-4c87-9650-b4888d1771f0,Visit,38:54.6,Desktop,East,Organic,0,Yes,
4004,f73a4f33-7a45-4441-8707-73f4c20e93b8,Visit,21:29.4,Mobile,South,Paid,0,Yes,
4005,1a3ebba4-7210-4f93-bbb7-844aff13a520,Visit,32:11.9,Tablet,South,Referral,0,Yes,
4006,732899ff-beea-4266-93c9-ef5c9bdb45fe,Visit,36:46.9,Tablet,East,Referral,0,Yes,
4007,4984ba8a-982d-4c05-9b56-bb92ad7aa019,Visit,32:54.5,Desktop,East,Referral,0,Yes,
4008,4f6ed2e6-8d66-4cf5-b77d-2ce795255f8f,Visit,55:58.8,Mobile,North,Organic,0,Yes,
4009,e5c5bd5a-7ded-42ab-b1ca-150078d14a8f,Visit,10:20.7,Desktop,North,Paid,0,Yes,
4010,bd76e94b-3b75-461c-95da-11e3f7d7a4e9,View Product,08:56.2,Desktop,South,Paid,0,Yes,
4011,78f9a8a1-2b6c-4d3f-8c4c-0820ccccf433,Visit,33:40.8,Desktop,East,Paid,0,Yes,
4012,0d417343-457b-4527-8d20-67828e85f310,Visit,31:56.7,Mobile,South,Paid,0,Yes,
4013,58477c9c-cceb-479a-b6c2-2586ea474372,Visit,00:28.2,Desktop,East,Referral,0,Yes,
4014,32fbbc1f-575a-4017-88fa-42b98dd40acc,View Product,40:49.0,Mobile,South,Paid,0,Yes,
4015,019effbe-68c4-4878-afec-8c8d2b089f02,Visit,51:22.2,Tablet,West,Referral,0,Yes,
4016,ed3e98cd-376f-4970-830c-4e02d2ac3f8f,Visit,19:03.1,Tablet,West,Referral,0,Yes,
4017,16974775-bb3e-4bd0-845a-6dee79de3dd8,Visit,49:15.7,Mobile,North,Paid,0,Yes,
4018,75f42981-aa32-493f-a972-1cf4c0391f02,Visit,48:25.1,Tablet,West,Referral,0,Yes,
4019,b6f981cc-a7f1-417d-850b-c364680d276c,Visit,59:46.3,Mobile,North,Referral,0,Yes,
4020,50c8c3d4-417a-4c6f-8f01-3f0d4f633d40,Visit,15:54.3,Tablet,East,Paid,0,Yes,
4021,16bc5fdc-82d9-4c8c-bb42-c1241ecc7c10,Visit,54:49.7,Tablet,South,Referral,0,Yes,
4022,9c5dcc2f-3ca4-45cb-953f-608670f8ab1d,Visit,03:01.5,Desktop,West,Organic,0,Yes,
4023,710e0bb9-ced9-44ed-a6ed-7ad80d8fe317,Visit,57:18.1,Desktop,North,Organic,0,Yes,
4024,4d2d4564-bada-4d94-8bd8-20b983dd17c9,Visit,47:07.3,Mobile,East,Paid,0,Yes,
4025,f7066c21-4196-48cd-8e98-b42a86537df3,Visit,44:29.0,Mobile,West,Paid,0,Yes,
4026,24d874c5-1dcd-4c25-8aee-8ea0a061c9b9,Visit,39:03.1,Tablet,East,Referral,0,Yes,
4027,a1b5e556-6bb3-4307-b1d5-dcf64f9bda27,View Product,34:24.8,Desktop,South,Referral,0,Yes,
4028,fda77870-5383-4809-92bd-f4a2726e7829,Visit,42:48.9,Tablet,East,Referral,0,Yes,
4029,6c9d9e44-0c37-4ebd-90bd-21bc6a809e14,Visit,59:57.8,Desktop,South,Paid,0,Yes,
4030,b67349c5-1d75-4aca-a313-58aaa5e8fcc4,View Product,12:27.5,Desktop,North,Referral,0,Yes,
4031,ef4db6fe-deef-47ac-89a7-f0144e3cc5ba,View Product,09:37.7,Tablet,East,Referral,0,Yes,
4032,5d07adff-9c85-4406-b872-aa2f6195a5ba,Visit,55:49.6,Desktop,West,Referral,0,Yes,
4033,daeb7149-7a53-42db-827f-759ba10707e4,Visit,40:30.9,Mobile,East,Paid,0,Yes,
4034,5e7c6465-7867-42c6-849d-130a2fc09e7f,Visit,57:58.0,Tablet,North,Referral,0,Yes,
4035,3283d2c4-be3e-4148-a3eb-1dc84e0a05df,View Product,51:21.2,Desktop,South,Referral,0,Yes,
4036,13206661-f8a6-4685-ad4f-6d9ae0b59bc9,Visit,32:17.6,Mobile,East,Organic,0,Yes,
4037,5e2609b2-ab9d-4782-9266-45fe4801c1d3,Visit,44:57.1,Mobile,South,Referral,0,Yes,
4038,069d1371-ea0a-48ee-90d7-2c65446ffff6,Visit,00:15.9,Desktop,South,Paid,0,Yes,
4039,6d369afa-8266-4fc9-a5b5-2581e76198e6,Visit,36:24.4,Mobile,West,Referral,0,Yes,
4040,4d256984-39d7-42e3-bbbf-3a03d8ddbd44,Visit,46:58.3,Tablet,West,Organic,0,Yes,
4041,d0b8174b-e05f-4579-b07a-484502d20d63,Visit,06:47.9,Tablet,South,Paid,0,Yes,
4042,3ae8f806-dbf2-4d75-a5ac-db6a5d307ee2,Visit,55:09.6,Tablet,West,Organic,0,Yes,
4043,68daccc1-73d5-4e90-9a09-0b3ba32963c5,Visit,27:15.2,Desktop,South,Paid,0,Yes,
4044,3fd49cfe-b8a7-4839-a839-fafcd33f8c16,Visit,41:09.6,Desktop,East,Organic,0,Yes,
4045,02773cb0-a7ca-4b0b-94d7-18b7354c7b4c,Visit,41:29.1,Tablet,East,Organic,0,Yes,
4046,35ef9db8-996b-4a08-af11-97de1b91eb3f,Visit,09:55.9,Mobile,South,Organic,0,Yes,
4047,7ba9a1bd-13f8-4b1c-a229-13566b2dbaf3,Visit,59:56.4,Desktop,South,Referral,0,Yes,
4048,755983d2-0d10-4e1b-9427-c6cb064c0b63,Visit,42:55.5,Tablet,North,Organic,0,Yes,
4049,10320438-9513-44f9-a29b-2393299626f0,Visit,00:35.7,Mobile,West,Paid,0,Yes,
4050,7d9e7576-1a1b-4c1b-84da-99a15278757e,Purchase,04:57.1,Tablet,West,Paid,1833,No,No
4051,89f9ecb5-c488-4b19-b5da-41ee4b088040,Visit,32:24.5,Mobile,North,Organic,0,Yes,
4052,67568023-3806-4f56-bf0f-466cb822e8fc,Visit,58:43.3,Mobile,North,Organic,0,Yes,
4053,e93ae726-4588-41fb-9d98-0d49c8b210eb,Visit,15:50.1,Desktop,South,Referral,0,Yes,
4054,67dba58f-ef55-4b77-a841-df4929bb5131,Visit,47:05.3,Desktop,North,Paid,0,Yes,
4055,c7fee2f2-b296-4316-a9bb-213bc9b2d1d7,Visit,10:40.9,Desktop,North,Referral,0,Yes,
4056,5f2689bc-1940-42b9-b1eb-d62f74a751ac,Add to Cart,47:27.3,Mobile,East,Organic,0,Yes,
4057,9d82018e-e3e5-4e8a-8af9-43d49eda0fda,Visit,12:55.0,Tablet,North,Referral,0,Yes,
4058,18193308-38b1-40b5-b9ee-9ad39157a638,Visit,41:20.7,Mobile,North,Organic,0,Yes,
4059,3e75b385-7a4a-44bd-9934-5f132474ba71,Visit,11:54.8,Desktop,East,Organic,0,Yes,
4060,24db9c9c-6135-4045-802e-1c95cd1f9c5f,Visit,53:46.0,Desktop,North,Paid,0,Yes,
4061,4430c87c-2bad-46a4-b2bb-24208f20594d,Visit,14:41.5,Mobile,South,Paid,0,Yes,
4062,a3d7d058-648f-4a32-a0b4-7d13cc9fdfa1,View Product,20:03.5,Mobile,East,Referral,0,Yes,
4063,f06f5806-63fc-4655-9101-9eeae4bc45ec,Visit,47:54.4,Tablet,West,Referral,0,Yes,
4064,e9783508-47b0-446d-9bda-e8127acc67df,View Product,27:41.7,Tablet,West,Organic,0,Yes,
4065,8622605a-a21a-4520-a4f1-8cffa2a7b7fe,View Product,12:47.7,Tablet,South,Paid,0,Yes,
4066,18dc8200-9e21-4ad8-9961-e4414f6043d9,View Product,48:01.6,Mobile,North,Referral,0,Yes,
4067,94cb07f6-ab71-4906-ac9e-812e3450a66d,Visit,06:50.2,Desktop,North,Referral,0,Yes,
4068,7d25ab9a-538f-457a-8a99-021c974d67cb,Visit,11:40.2,Mobile,South,Organic,0,Yes,
4069,ccd14689-b8ed-4d7a-baa8-c18b023c8ebc,Visit,21:47.0,Tablet,South,Organic,0,Yes,
4070,599f9e89-4383-4d8b-b078-e262b32f406a,Add to Cart,08:57.7,Mobile,East,Organic,0,Yes,
4071,2c9e7cf1-7b42-46f6-9996-8045aae5e14d,Visit,56:23.5,Mobile,South,Paid,0,Yes,
4072,891145f3-b230-43d2-9a5b-92e397e0f3c8,View Product,37:06.2,Mobile,East,Paid,0,Yes,
4073,56c6c801-bd96-4e46-be4f-dacdb9f0a831,Visit,08:49.5,Tablet,East,Referral,0,Yes,
4074,84e7feff-9a75-4591-99cb-987219776fc1,Visit,36:32.0,Mobile,East,Organic,0,Yes,
4075,996f5ffe-0789-49de-a4f7-17f194c62465,Visit,30:49.8,Tablet,South,Organic,0,Yes,
4076,d9db9c0f-66e1-496e-ae27-b867232e69c2,Visit,35:17.6,Desktop,East,Paid,0,Yes,
4077,c4abea11-66d4-4801-9b22-b523fefe1483,Visit,37:28.2,Tablet,North,Paid,0,Yes,
4078,b3703c47-bc98-42aa-bb6d-bf3df86fdfb1,View Product,51:36.1,Desktop,West,Referral,0,Yes,
4079,90f6e9c2-7744-4868-a954-3dd200fb2e69,Visit,00:14.7,Desktop,West,Organic,0,Yes,
4080,401cd84b-62c9-492e-a75b-23300319ae9a,Visit,42:44.5,Tablet,South,Organic,0,Yes,
4081,c2dc5924-693b-4d67-9bba-b8fcb511e845,Visit,11:36.5,Mobile,North,Organic,0,Yes,
4082,134e7db0-adc5-4b11-844f-43972506f686,Visit,34:04.8,Mobile,East,Organic,0,Yes,
4083,49fdc6a7-8a68-406f-be32-c99bfc16dd5d,Visit,39:47.2,Tablet,North,Paid,0,Yes,
4084,79bc9608-24c7-416c-8b45-8a676f7da26c,Visit,17:02.7,Desktop,West,Organic,0,Yes,
4085,5adb3297-b050-47cd-931a-903a063e3edf,Visit,18:52.0,Desktop,East,Organic,0,Yes,
4086,8135b25a-67a0-499b-b91a-24db00909eb1,Visit,52:00.2,Tablet,North,Referral,0,Yes,
4087,6fccc566-c4a2-47f3-badf-15af47255f5b,Visit,16:48.2,Desktop,North,Paid,0,Yes,
4088,6c5eb7e1-c9e0-42a6-acd5-83fd5c6cfee4,Visit,23:24.7,Mobile,West,Paid,0,Yes,
4089,64bc0683-a408-49af-9632-394cd352c0ba,View Product,16:04.4,Mobile,North,Paid,0,Yes,
4090,0dce6453-9fd8-466d-a688-8ff7a74b5b21,Visit,23:57.8,Desktop,North,Paid,0,Yes,
4091,2c6dd39f-4fcd-4321-8179-412059b79ce9,Visit,55:57.2,Mobile,East,Referral,0,Yes,
4092,bbe3a669-4f3d-430e-bd91-077eb70b46af,Visit,03:03.6,Tablet,East,Organic,0,Yes,
4093,d77008ce-e32d-41b0-8715-e12df4655dbb,Visit,43:10.0,Desktop,West,Referral,0,Yes,
4094,51e7b43a-917a-4201-ac98-cf128bbf344a,Visit,15:33.2,Desktop,South,Paid,0,Yes,
4095,a0521d4f-12e9-4972-9bbd-19a463ee5e9d,Visit,42:45.3,Mobile,South,Referral,0,Yes,
4096,5b6e66bf-6c59-4130-8c4a-7369aa5ee5f7,Visit,50:51.4,Mobile,North,Paid,0,Yes,
4097,f46b6303-f31d-4a69-a1ff-60b32ed97215,Visit,29:06.3,Tablet,East,Referral,0,Yes,
4098,0de10630-3cf2-40d6-9d00-500d992254a9,Visit,57:21.4,Desktop,South,Referral,0,Yes,
4099,4f42ee07-e81d-427c-add6-f45b1ce4eb6e,Visit,33:56.4,Mobile,North,Paid,0,Yes,
4100,0d41ff01-9a68-4e3d-aa59-b5a25eb60c1b,Visit,49:30.1,Desktop,West,Paid,0,Yes,
4101,a61e3959-3594-4e98-be51-300a5ea1d346,Visit,33:56.5,Desktop,North,Organic,0,Yes,
4102,9e33592f-b915-42c8-9ec3-236a6c155d4c,Visit,01:47.4,Desktop,East,Referral,0,Yes,
4103,ebda867c-b23c-4992-8554-a23de67da079,Visit,03:49.2,Tablet,West,Paid,0,Yes,
4104,2412e359-b18b-4a6e-aa14-5ba5e5445ef3,View Product,58:18.6,Tablet,North,Referral,0,Yes,
4105,36d1cfc7-6d0e-47f3-9f24-17b8bfe5f77d,Visit,40:44.5,Desktop,East,Paid,0,Yes,
4106,a7f4f651-b0f3-40a2-b7fa-689b0d4d2591,Visit,27:45.4,Mobile,East,Paid,0,Yes,
4107,7ff19cbc-02d4-4624-aefd-344c7e32286a,Visit,32:41.6,Tablet,West,Referral,0,Yes,
4108,223d55d2-e3b7-443d-8228-f9c0bce1a857,Add to Cart,10:46.3,Desktop,East,Paid,0,Yes,
4109,4bc6bf47-8a73-431f-9c88-8606c611867e,View Product,06:14.8,Desktop,West,Paid,0,Yes,
4110,c6b3eccc-ac2f-462f-a975-5ba47b6bfbb1,Visit,03:51.4,Tablet,North,Referral,0,Yes,
4111,fbd86a7b-9fd1-43b8-966c-ed76b3881396,Visit,31:33.1,Tablet,West,Organic,0,Yes,
4112,116e2b66-45f5-4365-9bd2-f66764e686ec,Visit,30:24.1,Desktop,South,Paid,0,Yes,
4113,8b2e8df9-79f5-4d0d-b1ee-5be66bdc6c02,Visit,24:27.6,Tablet,South,Referral,0,Yes,
4114,04736147-be0a-4639-ad49-c7a4faf86f13,Visit,27:15.9,Tablet,South,Organic,0,Yes,
4115,b134579b-0d0d-43be-9c73-c45ab3cd3b08,Visit,03:53.9,Tablet,East,Paid,0,Yes,
4116,2d8b8762-b994-4237-8bb9-a91e460a77c8,Visit,02:44.9,Desktop,West,Paid,0,Yes,
4117,18754651-a166-41a0-99a1-b981c9f21460,Visit,16:47.3,Desktop,East,Organic,0,Yes,
4118,ac5e8d95-e97e-474a-9b5b-98a32140fe7c,Visit,32:48.3,Desktop,North,Organic,0,Yes,
4119,ddb82f2c-5f1a-40b0-8141-161da3be658f,Visit,31:44.9,Desktop,South,Paid,0,Yes,
4120,7d80011f-2496-444e-882d-4db757648d34,Visit,19:59.6,Desktop,West,Referral,0,Yes,
4121,f9c89f2e-f38d-481a-9d8d-1790f22e2da9,Visit,33:31.7,Desktop,East,Organic,0,Yes,
4122,edbcadf7-0173-4f45-8112-45005244bf73,Add to Cart,48:17.2,Tablet,South,Referral,0,Yes,
4123,633ac4a8-52c1-4a28-a4a2-9ef14d667f36,Visit,23:17.1,Tablet,East,Referral,0,Yes,
4124,df51c6e9-9710-45a0-a21c-e7e5962e7579,Visit,01:35.0,Tablet,North,Paid,0,Yes,
4125,4abe0b82-fcdc-405b-9f88-9ba48e66ef32,Visit,47:43.8,Tablet,West,Organic,0,Yes,
4126,0bd92303-4d4e-4639-89e0-cf5726f26bd0,Visit,15:40.0,Mobile,East,Paid,0,Yes,
4127,f075faca-de58-4a0e-a228-8f4acc0cd6b2,Visit,35:38.8,Desktop,South,Organic,0,Yes,
4128,e2cee6b1-c786-415f-96f2-b07ffc3da9bd,Visit,33:44.7,Desktop,West,Referral,0,Yes,
4129,0413a251-c0d1-4d09-a6a4-6d2f2fbbad1f,Visit,57:18.1,Tablet,East,Referral,0,Yes,
4130,757b079d-1cf1-4d94-a7ac-0101718fabfd,Visit,04:35.7,Mobile,East,Organic,0,Yes,
4131,4482e1a4-72cc-4bfc-8ab1-f2ab7630e0ac,View Product,51:33.1,Mobile,North,Paid,0,Yes,
4132,286361c7-a327-4a0f-948e-a8010770f9e7,View Product,01:29.8,Desktop,South,Paid,0,Yes,
4133,6851647e-81f3-4a1f-ac64-2c09ea8fe3e1,Visit,16:05.5,Tablet,North,Paid,0,Yes,
4134,6ac29375-c3db-46fe-8e84-b28ce61ae04a,Visit,32:01.2,Mobile,North,Organic,0,Yes,
4135,e9694cd6-c869-469c-83bf-7b8aeb1e5b3c,View Product,44:13.6,Mobile,West,Organic,0,Yes,
4136,8c876c2f-78b5-4bba-a576-83ad5dc53ee5,Visit,27:52.4,Desktop,West,Referral,0,Yes,
4137,11cf3a3b-265c-4e30-a748-830711efed9e,Visit,00:33.8,Mobile,East,Referral,0,Yes,
4138,9c989909-d613-4ca8-a1bc-63675899dc0d,Visit,52:18.5,Desktop,West,Organic,0,Yes,
4139,901c005e-1c7b-44bb-80df-d820c7f73533,View Product,45:06.0,Tablet,South,Paid,0,Yes,
4140,2fabdaa2-5c93-4093-82e5-2162e84b68a5,Visit,03:28.8,Mobile,North,Organic,0,Yes,
4141,9772ccf8-431f-4f90-89e1-2097a3a6d2f2,View Product,48:36.9,Mobile,East,Paid,0,Yes,
4142,2b4a92ff-86b6-4252-870f-d7f9bcf1fe34,Visit,53:40.4,Tablet,North,Organic,0,Yes,
4143,c1fe77e4-758f-420b-86ab-3eb2fccda834,Visit,41:40.2,Tablet,East,Organic,0,Yes,
4144,746932c3-bcca-49f1-9650-c7888a0331da,Visit,50:25.3,Mobile,East,Paid,0,Yes,
4145,13bf4b6b-092b-4cb1-9520-f4ee150c345d,Visit,19:26.6,Tablet,South,Referral,0,Yes,
4146,7a49ad2e-a244-4392-aae4-c3ed91494911,Visit,23:21.5,Desktop,South,Paid,0,Yes,
4147,751acec4-19e1-483c-b8b0-b7dd593da8be,View Product,44:23.1,Mobile,West,Paid,0,Yes,
4148,2e89b206-6b29-4eef-a1e8-0a56adba7327,Visit,02:10.7,Tablet,North,Organic,0,Yes,
4149,6539f505-5de7-41eb-ab3f-eef66a6af17f,View Product,25:31.2,Desktop,North,Referral,0,Yes,
4150,cbcc6332-38c6-4ce4-96ae-1d1a5cabd07d,Visit,52:50.5,Tablet,East,Paid,0,Yes,
4151,497bc25b-5585-4038-a7c4-40b93cc5b842,View Product,49:26.1,Desktop,West,Referral,0,Yes,
4152,c41c19d8-815b-4b06-98fd-14ebbc0d87dd,Visit,33:04.6,Desktop,South,Organic,0,Yes,
4153,e655264f-f9a0-48a4-a639-24ed04a912b6,Visit,08:13.4,Desktop,West,Referral,0,Yes,
4154,7827bdfe-8fc2-4eb8-9689-bcb7a413f37f,Visit,30:16.3,Mobile,East,Organic,0,Yes,
4155,037d0beb-c6db-465f-9544-1575ed7d53b3,View Product,17:29.9,Mobile,West,Organic,0,Yes,
4156,ba74fc15-cbbd-405f-aa37-7fba7db8a145,View Product,37:02.0,Desktop,West,Referral,0,Yes,
4157,79746b9d-6900-41ff-b2ca-f7c8c3d60a6f,Visit,50:05.8,Mobile,South,Paid,0,Yes,
4158,22b92e44-2444-405b-8274-6d271b29ef9a,Visit,42:56.2,Tablet,South,Organic,0,Yes,
4159,9787efbc-3a96-473f-a297-7a0c4ec7eba8,Visit,07:20.9,Mobile,West,Organic,0,Yes,
4160,68fc60e4-8890-46c6-be44-27f5ecd77352,Visit,00:25.9,Tablet,East,Organic,0,Yes,
4161,6d341fac-009d-43ff-a85f-23763219a623,Visit,25:36.5,Tablet,South,Organic,0,Yes,
4162,438c6661-ba14-44bf-adf1-e55dda7b83a8,Add to Cart,17:42.6,Mobile,North,Referral,0,Yes,
4163,2baa888d-4caa-400b-a79d-4f1594d22514,Visit,04:21.9,Desktop,South,Paid,0,Yes,
4164,719bc141-7e64-4c39-9251-50b35e08d162,View Product,58:32.5,Desktop,East,Referral,0,Yes,
4165,27ec2bc4-57c4-46d7-8ad5-00ca47860be6,Visit,37:38.1,Mobile,East,Organic,0,Yes,
4166,e02099b6-6ebe-40bb-a6e2-698770fddee3,Visit,56:56.8,Tablet,East,Paid,0,Yes,
4167,24b9604f-f4a9-4931-92f2-d31db6769cce,View Product,33:38.2,Tablet,North,Paid,0,Yes,
4168,bfb4c834-3c88-47ca-9d19-976e4955a184,Visit,39:35.7,Desktop,North,Paid,0,Yes,
4169,2a48a827-d7e8-445e-9c3a-c7122c1ea468,Visit,34:26.3,Mobile,West,Referral,0,Yes,
4170,3b28f741-3770-49d8-a1be-8d48bd126f2a,Visit,07:13.3,Desktop,North,Referral,0,Yes,
4171,d4266e6c-2485-4729-bf3f-b0c1fd917d30,Visit,44:27.5,Mobile,North,Paid,0,Yes,
4172,99b354cf-c114-4729-9a98-44220423c1b1,View Product,18:58.6,Mobile,North,Referral,0,Yes,
4173,53c55a38-0eab-47f1-a30f-eda527c97d47,View Product,24:17.4,Desktop,East,Paid,0,Yes,
4174,85cad01b-b993-4c9d-a596-5a875575fd93,Visit,14:57.4,Tablet,East,Referral,0,Yes,
4175,3094ecff-1afa-43d4-8a36-f0b9462bd84f,Visit,20:51.3,Tablet,North,Paid,0,Yes,
4176,90deddce-b46d-4d2f-8de3-75327c24837b,Visit,38:09.2,Desktop,North,Paid,0,Yes,
4177,8c69e425-b36e-4f13-83cf-fe4e0f929195,Visit,54:01.6,Mobile,South,Organic,0,Yes,
4178,fde39e1e-2d84-4103-9f3f-65b79fa2f933,Visit,18:27.2,Desktop,North,Referral,0,Yes,
4179,333e53bc-a57e-45e9-ba4b-e59226b6406d,Visit,18:48.5,Tablet,North,Referral,0,Yes,
4180,516fe836-2b86-4ef9-b9bb-107a7452b610,Visit,51:11.4,Desktop,South,Referral,0,Yes,
4181,8b205c2f-5345-4217-b1e0-c6ca98fa3013,Visit,28:28.4,Tablet,West,Referral,0,Yes,
4182,f90a650e-1222-4295-9cb5-e628ecbf6840,Visit,19:30.1,Mobile,North,Paid,0,Yes,
4183,c045f10e-e613-4d3f-b82a-ab24107c4af3,Visit,51:00.5,Mobile,South,Organic,0,Yes,
4184,30fbb35f-3beb-4d29-b215-d248a82da2e5,Visit,17:53.1,Tablet,North,Referral,0,Yes,
4185,363b8dcf-e802-498b-bc73-07c58c142434,Visit,56:51.7,Mobile,East,Paid,0,Yes,
4186,d445c7fa-bb7b-4642-8644-a0cd9e6e8df5,Visit,00:14.3,Desktop,West,Paid,0,Yes,
4187,6771cde3-dfcb-45d5-b851-a1f5985451ae,Visit,05:29.4,Mobile,North,Paid,0,Yes,
4188,4c32cbe8-3f69-43e8-9fb5-511fcfc40fd2,Visit,11:57.3,Mobile,West,Organic,0,Yes,
4189,29c3038c-b88e-4476-b393-78110943d92f,Visit,28:00.2,Tablet,West,Referral,0,Yes,
4190,65408d64-bb64-4f84-8a40-88706e48fc01,Visit,22:34.7,Tablet,South,Paid,0,Yes,
4191,b938d26e-03a4-4539-8a1d-5be648d0e6db,Visit,30:01.7,Tablet,South,Paid,0,Yes,
4192,2f63132d-7248-41d7-a267-f83e3766a5e1,Visit,26:49.2,Mobile,East,Referral,0,Yes,
4193,e6569d1d-0610-4c66-9dee-898409ef1c3f,Visit,44:17.2,Tablet,South,Paid,0,Yes,
4194,bbf089db-6b94-46b4-9faa-e41e07d9c7e2,Visit,45:49.3,Tablet,South,Paid,0,Yes,
4195,a64afb67-41d6-4dbe-918a-533401b4cb61,View Product,52:18.9,Tablet,South,Referral,0,Yes,
4196,541f7b6b-7cce-49d1-9ada-c7dc606d1065,Visit,53:37.7,Desktop,East,Referral,0,Yes,
4197,594f277e-c179-400a-a676-307ad5827af4,Visit,22:08.0,Desktop,South,Organic,0,Yes,
4198,a43b5b24-d1f7-4e47-8fc0-b9fd14355a73,Visit,26:18.8,Desktop,West,Paid,0,Yes,
4199,3eedc793-08c9-48be-9f6c-7fae2adbc4b2,Visit,15:13.0,Mobile,West,Paid,0,Yes,
4200,18b24c60-5735-4734-8163-96f14c18d1da,Visit,54:05.4,Mobile,North,Referral,0,Yes,
4201,1fcfcea0-e986-4603-89fa-c6c17c5621c8,Visit,54:17.5,Desktop,South,Organic,0,Yes,
4202,04394a18-70fc-46f5-be58-4e0a1d4fecdb,Visit,26:31.6,Desktop,West,Paid,0,Yes,
4203,ea906243-359a-4472-aab4-c976b9cd1a1b,Visit,30:46.3,Desktop,North,Paid,0,Yes,
4204,f889d575-d939-48d1-b8d9-50b16ce1d19d,Visit,46:19.4,Desktop,East,Paid,0,Yes,
4205,0fedea27-13d4-4532-8e56-4b30133aec69,Visit,31:59.6,Mobile,West,Paid,0,Yes,
4206,c6e36e44-83c0-45f1-8db6-31cab3840224,Visit,43:15.9,Desktop,South,Paid,0,Yes,
4207,631d4014-6de0-4241-8044-833292273868,Visit,02:13.5,Desktop,East,Organic,0,Yes,
4208,e31dea15-3f86-4604-bc04-d903e7acd45c,Visit,13:08.2,Tablet,East,Referral,0,Yes,
4209,b7775aaa-032a-4656-9cac-c37b09265c76,Visit,48:21.9,Tablet,North,Referral,0,Yes,
4210,ff3810a4-c1dd-414b-b135-7da787ec108d,Visit,46:37.2,Mobile,North,Paid,0,Yes,
4211,70d20099-2a8a-4082-be72-a9869417235a,Visit,32:40.0,Desktop,North,Referral,0,Yes,
4212,1505843d-6fd3-4173-9ad6-4624886fb095,Visit,20:50.9,Mobile,West,Organic,0,Yes,
4213,aee60f8b-873f-4f07-95ac-b5496c53d0b2,View Product,46:10.2,Mobile,North,Organic,0,Yes,
4214,a29ca793-b4aa-472a-ba4e-3c7c5df260c3,Visit,20:38.1,Tablet,South,Organic,0,Yes,
4215,4000be43-da2b-4ffa-8b00-b76715ea86f1,Visit,35:01.9,Mobile,North,Paid,0,Yes,
4216,64eaa4dc-f054-42e4-b1dd-9e505e95f41d,Visit,53:53.9,Mobile,East,Organic,0,Yes,
4217,6fa645a5-22d8-4995-9c3f-5b4888965ae2,Visit,26:24.2,Tablet,South,Referral,0,Yes,
4218,bc3c568d-909a-4ca6-bef2-0ef024c72197,Visit,40:42.3,Desktop,West,Referral,0,Yes,
4219,bae1a126-77dd-4b7b-99d6-058da5bf96b7,Visit,26:22.7,Tablet,West,Paid,0,Yes,
4220,0c23fb1c-56f2-4db9-ba19-6f7b267f6162,View Product,29:28.0,Desktop,East,Paid,0,Yes,
4221,5d8bc4eb-bef1-4acc-811e-1440fe67e84a,Visit,25:36.3,Mobile,West,Organic,0,Yes,
4222,0d5ad881-2904-46e1-956c-c00b3e98ce58,Visit,25:57.3,Tablet,North,Paid,0,Yes,
4223,4a73c7ad-ef32-4265-ab6a-8f6a81cabacd,Visit,34:40.9,Tablet,West,Paid,0,Yes,
4224,9a27d4a3-a4d2-4920-80ca-3edbed7d60dd,Visit,09:03.5,Mobile,South,Paid,0,Yes,
4225,20bef508-542f-41d3-be01-cb9babf321a4,Visit,30:52.8,Tablet,North,Paid,0,Yes,
4226,f0879548-1267-4678-bff1-754b27ad1cbb,Visit,10:16.9,Desktop,North,Organic,0,Yes,
4227,ec598d5d-fd32-444a-b577-610d7e4e7cca,Visit,00:04.0,Desktop,North,Referral,0,Yes,
4228,bbb43e42-61cd-4999-bac5-66de7bab5672,Visit,38:40.6,Tablet,North,Paid,0,Yes,
4229,34cf2cec-7ffc-4609-90f9-5f58dc2ddc80,Visit,32:34.7,Tablet,East,Referral,0,Yes,
4230,68777af7-b63d-4d89-90b0-ae15f66b1723,Visit,53:00.0,Mobile,North,Organic,0,Yes,
4231,b2401ab3-3fa6-4883-b9bd-bc08847d5949,Visit,48:33.3,Mobile,East,Organic,0,Yes,
4232,1d9ab0d2-0e6d-4b3d-ac35-87caea8c3e3f,Visit,54:38.8,Desktop,West,Referral,0,Yes,
4233,ece51fd0-7c61-4c4e-bd26-4415bd2e9e97,Visit,56:44.0,Desktop,East,Paid,0,Yes,
4234,ea7e7547-a740-4a1d-922b-da753a7edb00,Visit,01:38.7,Tablet,West,Paid,0,Yes,
4235,3d8faf31-8f10-4ee2-8866-a82a25d01419,Visit,08:19.8,Mobile,West,Referral,0,Yes,
4236,0b8b23b2-c2f5-42b8-ad2a-9cda9bfa47ab,Visit,51:39.9,Tablet,East,Organic,0,Yes,
4237,a77f63cc-8a97-4d38-bb65-34edccc5f985,Visit,00:29.5,Tablet,South,Paid,0,Yes,
4238,54c9a382-c058-4ff8-81f7-acc9948f5715,Visit,25:39.4,Mobile,South,Referral,0,Yes,
4239,debbabfa-3252-4f81-87cb-5e53dcae2f66,View Product,13:31.7,Tablet,West,Referral,0,Yes,
4240,3ad687e8-0936-4a15-a1f3-7dbdfce2ea95,View Product,29:18.9,Tablet,North,Paid,0,Yes,
4241,8ae081e1-b3fd-4b3c-ab7a-f490561f9e76,Visit,34:24.7,Mobile,South,Paid,0,Yes,
4242,4ef482ec-fcb6-42ad-a00c-c643cf8ac5a8,Visit,51:16.9,Mobile,South,Referral,0,Yes,
4243,e3ce8744-7d60-45a1-8dd7-a769be497bb5,Add to Cart,26:26.6,Tablet,West,Referral,0,Yes,
4244,35f100c4-ac8e-4c7b-897c-7945fe3f244c,Visit,10:57.9,Desktop,South,Referral,0,Yes,
4245,25575b6d-8317-4584-a290-bbf69f4ad10f,Visit,30:33.3,Tablet,East,Paid,0,Yes,
4246,76cf5502-9a94-4468-8018-85dc09770bc2,View Product,58:59.3,Tablet,South,Referral,0,Yes,
4247,b033cd5e-59eb-4349-bac8-c2d303e8da6f,Visit,55:35.6,Desktop,North,Organic,0,Yes,
4248,500e5c4b-612a-448c-a3e7-2f2d69bfe2c2,Visit,42:13.8,Mobile,South,Paid,0,Yes,
4249,cb422738-1fa6-4d86-806e-6ccf883c680f,Visit,44:39.8,Tablet,East,Referral,0,Yes,
4250,de920f35-4134-45ef-b034-968229937b5f,Visit,55:26.7,Desktop,South,Organic,0,Yes,
4251,6267618c-ce34-4bb7-96c4-bd5b086557ca,Visit,45:01.7,Mobile,East,Paid,0,Yes,
4252,63aae7db-8ecb-4954-a588-b579af2cfc7b,Visit,19:54.7,Desktop,South,Referral,0,Yes,
4253,6b86987f-a0f6-409b-b92c-b8f2fea4a11b,Visit,16:21.1,Desktop,West,Organic,0,Yes,
4254,83e9ac47-42a3-40a7-910d-cbd136b372da,Visit,39:42.6,Mobile,East,Organic,0,Yes,
4255,d50ce2f3-0bba-45e0-9c99-b5a08cc713d2,Visit,46:05.1,Desktop,West,Organic,0,Yes,
4256,6b2b5d60-b5c2-4014-bfa9-9ec275b98048,Visit,44:21.3,Tablet,South,Paid,0,Yes,
4257,4b57e043-1a22-4732-b2bb-d50dcd90e6ed,View Product,43:48.9,Desktop,East,Referral,0,Yes,
4258,b4928f09-01f5-4452-abb1-7c4d3462dd2f,Visit,34:53.5,Mobile,West,Referral,0,Yes,
4259,71c0ce7f-2a32-419f-808b-c3af6c2acb56,Visit,52:07.3,Tablet,South,Organic,0,Yes,
4260,145a7c34-8260-420b-b161-88e98525e60b,Visit,34:58.2,Mobile,East,Organic,0,Yes,
4261,279b27d0-85e1-4ea9-8f72-8f23f4f1a1b1,Visit,17:23.2,Mobile,West,Referral,0,Yes,
4262,5d03832a-2094-44b3-83b2-b4dd6c0992ff,Visit,07:32.5,Tablet,East,Paid,0,Yes,
4263,19e93670-b4d2-407d-b6b2-2939c9fa7f71,Visit,53:47.7,Mobile,South,Organic,0,Yes,
4264,ad78e4db-9787-4525-aef0-f6e5f2d07b31,Visit,44:56.6,Tablet,South,Organic,0,Yes,
4265,15809c05-41eb-4c01-b3d7-87564d5d4ebe,Visit,00:53.5,Desktop,West,Referral,0,Yes,
4266,a7149da1-6d8d-4544-8f1e-cef995887714,Purchase,47:59.2,Mobile,North,Referral,768,No,No
4267,0fd46f7b-537c-48ba-939e-4188facc2f65,Visit,49:07.0,Desktop,East,Referral,0,Yes,
4268,5041e0c5-e351-4f6d-ae1f-325177d11c1e,Visit,17:02.0,Tablet,North,Organic,0,Yes,
4269,91268453-ffeb-4506-959a-2f56868a173a,Visit,30:22.7,Desktop,North,Paid,0,Yes,
4270,1228b178-2a48-4530-af2a-46af9881bf38,Visit,00:36.6,Desktop,South,Referral,0,Yes,
4271,e7ab34c0-8fbb-4bf7-b3fe-d42dbe58a213,Visit,34:32.6,Mobile,West,Paid,0,Yes,
4272,cef9df37-d3b0-4c98-b526-c2f0fd8f1988,Visit,21:15.1,Mobile,North,Organic,0,Yes,
4273,16512be8-9c39-4e0f-9ec5-cb4513c6dbcc,View Product,19:24.4,Tablet,North,Paid,0,Yes,
4274,434065a2-44da-492a-b3d3-78baa29b712c,Visit,10:41.6,Mobile,West,Paid,0,Yes,
4275,294f529b-b1ef-429a-b178-698e91864d1b,Visit,38:32.4,Mobile,North,Referral,0,Yes,
4276,0e7e3459-90e0-4319-9acb-03eade0d563c,Visit,42:24.7,Desktop,East,Referral,0,Yes,
4277,63960645-aa63-41e8-945c-0da6ebbdee7d,Visit,04:29.6,Mobile,West,Paid,0,Yes,
4278,9b97ea9b-df9b-4e4f-867b-8cfa4e4fea6a,Visit,42:52.5,Tablet,South,Paid,0,Yes,
4279,7c743433-2a79-4863-b1f7-34c2fddca523,Visit,50:35.6,Mobile,East,Referral,0,Yes,
4280,95a38125-b70d-4c2e-9f02-c21357b28540,Visit,58:24.9,Tablet,West,Organic,0,Yes,
4281,fad44004-829f-414f-9057-170891af5269,Visit,25:58.8,Desktop,North,Referral,0,Yes,
4282,98a0307e-8776-401f-8cb1-648c3e7fd1b9,Visit,02:25.9,Mobile,South,Paid,0,Yes,
4283,f812100c-8406-4040-abc8-a921180f10d1,Visit,43:22.2,Desktop,North,Organic,0,Yes,
4284,e4eacf21-6744-435f-85fb-35bfedd5d1ec,Visit,24:31.8,Tablet,East,Organic,0,Yes,
4285,89472eef-ce4f-413b-a908-3d9249e9628b,Visit,35:27.4,Desktop,East,Referral,0,Yes,
4286,403a7afa-ea8f-4b04-8f01-5401000b6b5d,Visit,26:21.4,Tablet,East,Organic,0,Yes,
4287,5e19160c-4905-42e6-a353-44267d9248a7,Visit,50:03.8,Desktop,South,Paid,0,Yes,
4288,bb039403-4bca-48da-88b2-0fee72bab54e,Visit,26:56.7,Tablet,South,Organic,0,Yes,
4289,215e7415-8955-4e69-83fd-e9c04e5b0b50,Visit,35:41.6,Mobile,West,Referral,0,Yes,
4290,51848014-a347-431c-a156-76b46218447a,Visit,11:26.3,Tablet,North,Referral,0,Yes,
4291,84578a0f-9b53-4395-95c2-dd052c0e1a0a,View Product,57:28.8,Desktop,West,Organic,0,Yes,
4292,eed98976-a873-43d3-8259-8a00c52cb469,Visit,03:02.8,Desktop,North,Referral,0,Yes,
4293,88ce378c-53cd-4ff4-8772-96b807e51445,Visit,39:53.3,Tablet,North,Referral,0,Yes,
4294,8ed2d610-f531-48b5-946d-f591470c28d2,Visit,56:05.5,Tablet,West,Organic,0,Yes,
4295,b46bd170-726e-4d54-8043-0a0b45b73c3e,Visit,20:49.0,Tablet,South,Organic,0,Yes,
4296,c809d385-288c-4934-bf55-d151bfc4558a,Visit,30:04.3,Mobile,East,Paid,0,Yes,
4297,d1782713-ca73-42d7-8e50-56f605b3a85e,Visit,02:20.9,Mobile,North,Paid,0,Yes,
4298,a7582dad-f3d3-4f85-a7a4-a11208ae5729,Visit,35:27.9,Mobile,South,Paid,0,Yes,
4299,7ea82c46-56bc-4aea-90f8-cdca576adf0e,Visit,40:54.9,Mobile,South,Referral,0,Yes,
4300,e85b28bb-5c00-4815-8b3b-c5a937b07ca1,Visit,11:16.0,Mobile,East,Paid,0,Yes,
4301,7cfe8958-4bd7-4329-b4d4-181f896a43fc,View Product,28:40.2,Tablet,North,Referral,0,Yes,
4302,ba2a293b-24b5-473d-a89a-4b7f8dbc7739,Visit,06:03.1,Mobile,East,Referral,0,Yes,
4303,96b68eff-8fc4-4680-a133-e538a8f97dae,View Product,05:07.2,Tablet,South,Referral,0,Yes,
4304,526f7a0c-0d49-4659-9e1b-249db4b8f64d,Visit,18:54.5,Tablet,West,Paid,0,Yes,
4305,25e71ca0-d642-4c3e-85da-1eeb1c21f0b1,Visit,12:30.1,Desktop,South,Organic,0,Yes,
4306,4d7b96fa-1d9d-46f0-b8f2-61296a1e6e9f,Visit,36:33.1,Mobile,East,Paid,0,Yes,
4307,08ff8a05-1382-4400-ba36-80b248942538,Add to Cart,06:43.5,Mobile,West,Referral,0,Yes,
4308,c43b0f6d-9b0b-435b-a20c-68e72235eb6b,Visit,34:20.4,Mobile,North,Organic,0,Yes,
4309,db0212ee-6bcd-437e-9187-3812846eccdb,Visit,48:38.7,Mobile,West,Paid,0,Yes,
4310,dbacc9c2-69b0-4152-a668-632ea214c7af,Visit,10:17.2,Desktop,East,Organic,0,Yes,
4311,edc48223-5736-4651-a440-8d84e597ecc0,View Product,45:40.1,Tablet,East,Paid,0,Yes,
4312,7e114fae-0315-4d17-950d-1da410a133e7,Visit,32:32.8,Tablet,West,Organic,0,Yes,
4313,be1e7214-5539-4bfd-9f78-ba38661a3a7e,Visit,43:23.8,Tablet,West,Referral,0,Yes,
4314,a5b4656e-ef37-4677-b4bc-72d950a6344d,Visit,53:25.7,Mobile,South,Paid,0,Yes,
4315,734e6a31-df5c-4e61-803b-f32744169370,Visit,31:04.6,Mobile,West,Paid,0,Yes,
4316,3bf3976a-3d30-4e8c-a199-054c44335529,Visit,49:10.3,Desktop,South,Paid,0,Yes,
4317,5e942f4a-4c54-43eb-b65c-b80efc41773e,View Product,35:21.4,Desktop,West,Organic,0,Yes,
4318,f21124d9-9c5d-4c89-9665-1c3df2531cb9,View Product,49:55.3,Desktop,West,Paid,0,Yes,
4319,63757218-1bae-4fbb-b493-393de196286b,Visit,47:26.2,Tablet,North,Referral,0,Yes,
4320,a5e2a5bd-f399-488a-b772-5726ed2ea438,Visit,40:39.6,Mobile,North,Organic,0,Yes,
4321,e0a1071a-2ac5-4fd6-a712-38d47d141375,Visit,03:47.7,Desktop,North,Referral,0,Yes,
4322,2d8a50a7-d696-4fff-a2ab-6e64379ca5c9,Visit,10:12.3,Mobile,East,Paid,0,Yes,
4323,2ed23e67-88f7-4985-bd98-a78867576bf9,View Product,06:53.4,Desktop,South,Organic,0,Yes,
4324,9be7009d-e50b-4ff5-bee2-1e14d338b6b1,Visit,35:30.7,Tablet,West,Referral,0,Yes,
4325,2419b510-914c-4c5d-98ce-ed65d892a45c,Visit,01:36.4,Mobile,West,Paid,0,Yes,
4326,5799d6d2-c271-4274-994a-222ad5a7eb4a,Visit,41:34.8,Desktop,South,Referral,0,Yes,
4327,ff325474-a6cb-4328-a6e9-ec5bdad4e952,Visit,00:48.9,Desktop,South,Paid,0,Yes,
4328,e109565e-4467-44f9-8d0c-78cdab996333,Visit,45:16.0,Mobile,South,Referral,0,Yes,
4329,15309d00-2ae3-46f1-9767-23bdeb31e13d,Visit,29:44.5,Mobile,East,Paid,0,Yes,
4330,491a6135-7120-427c-886f-b7ad6cde393a,Add to Cart,44:28.7,Desktop,North,Organic,0,Yes,
4331,28d62a11-2f9a-45bc-ba28-04c75b5f239b,Visit,05:12.1,Desktop,North,Organic,0,Yes,
4332,89313037-8361-44eb-adaf-16e778db8602,Visit,35:19.0,Mobile,East,Organic,0,Yes,
4333,08379642-347e-4113-9b58-832b456cd773,Visit,00:43.6,Desktop,South,Paid,0,Yes,
4334,9cfc232b-6ed2-42c6-b4db-afa2113bbb96,Visit,15:26.2,Desktop,West,Referral,0,Yes,
4335,c0d200b2-9008-449e-bb40-b5ae41686882,View Product,03:54.9,Mobile,South,Organic,0,Yes,
4336,3a2ddcf6-eb9f-4d0f-9e31-4c67756a8f4b,Visit,21:49.3,Tablet,West,Referral,0,Yes,
4337,4681f3c3-346d-418a-a476-d73a256b4d49,View Product,27:47.9,Mobile,South,Paid,0,Yes,
4338,9f6cfa10-9e5d-439f-8626-23739e6edf0a,Visit,51:35.3,Mobile,West,Referral,0,Yes,
4339,78925798-e3d5-4a3b-9bab-056cb08ead99,Visit,52:04.1,Tablet,South,Paid,0,Yes,
4340,2a9a9d99-db6b-45c3-96fe-83edd80495d9,Visit,51:31.0,Desktop,East,Referral,0,Yes,
4341,fada9fb7-7b58-4104-9baf-545d408e654d,Visit,44:42.5,Desktop,West,Organic,0,Yes,
4342,25169ddf-f01f-45c8-a999-ec53e8e01730,Visit,16:26.0,Desktop,South,Organic,0,Yes,
4343,28c8ff57-fb82-455a-afee-6e9f5b85c6ec,Visit,03:11.2,Tablet,South,Organic,0,Yes,
4344,3a71f7a3-1530-444f-b207-3073c6246975,Visit,56:12.6,Tablet,North,Organic,0,Yes,
4345,738d648b-beb3-427a-8dbb-0de62b78fa46,Visit,45:21.7,Mobile,East,Paid,0,Yes,
4346,33481418-5a75-4416-97c2-3ea9bca7c524,Visit,46:06.5,Mobile,West,Organic,0,Yes,
4347,a1cd3315-c222-46bd-9f53-4f653b5e30e3,Visit,17:28.7,Desktop,South,Organic,0,Yes,
4348,1bc668b1-9ffd-4743-8b43-de42ab88115b,Visit,28:15.6,Desktop,West,Organic,0,Yes,
4349,501be32c-c76c-48dc-9daa-535f9564bce4,Visit,00:12.7,Tablet,West,Organic,0,Yes,
4350,a7682b94-57c8-4dc0-8e66-4e6d5ec2fc73,Visit,31:53.2,Mobile,East,Organic,0,Yes,
4351,4acac6c0-14fb-4c84-9f28-0720f9a108b7,Visit,08:59.9,Tablet,East,Paid,0,Yes,
4352,098f7527-a8b6-4743-9c69-ed43a0fa8922,Visit,42:33.5,Desktop,South,Referral,0,Yes,
4353,8f3c5cef-ff57-4bc3-8964-4f1840342d07,Visit,46:03.8,Desktop,South,Paid,0,Yes,
4354,92be9fd7-b78b-4935-9a4d-e04b505f90f3,Visit,45:18.9,Mobile,North,Paid,0,Yes,
4355,f9e9258a-39bf-4a03-8aa7-5783cefb179b,Visit,48:08.9,Mobile,South,Organic,0,Yes,
4356,d04791ad-3e6a-441f-a65c-23b302df43de,Visit,11:40.0,Tablet,East,Paid,0,Yes,
4357,0aa94f81-7efc-44fc-aba9-fb20da095d87,Visit,25:54.3,Desktop,South,Paid,0,Yes,
4358,aee3b756-2619-4e5d-af8e-b301b9baefdd,Visit,19:25.0,Desktop,West,Organic,0,Yes,
4359,714c6284-95bc-48cc-8af1-dddc0f900f7e,Visit,18:33.9,Mobile,East,Paid,0,Yes,
4360,d6d3e0fd-0368-4503-bbdc-bb1f3c57c14f,Visit,07:40.1,Desktop,South,Organic,0,Yes,
4361,82ad1596-92b4-4db5-86ad-93079380e556,Visit,46:38.8,Tablet,East,Referral,0,Yes,
4362,cc635682-3488-4659-adb0-fe0cef0aa97e,View Product,22:28.3,Mobile,North,Referral,0,Yes,
4363,fe6335d7-9b90-4235-a18b-f925d51a4696,Visit,20:59.0,Mobile,West,Referral,0,Yes,
4364,e2240b36-f666-4abc-bd92-354c99693173,View Product,31:54.9,Tablet,North,Referral,0,Yes,
4365,a66ef7f5-59af-4201-8d3d-727d6197b63b,Visit,44:35.2,Tablet,North,Paid,0,Yes,
4366,180932cb-c268-4c33-867a-07b552fed420,Visit,13:42.4,Tablet,East,Referral,0,Yes,
4367,4c25e249-be1b-4a06-be87-30453493344a,Visit,17:48.8,Tablet,West,Organic,0,Yes,
4368,56673497-28bd-4fde-99ed-2c64c5a64b7a,Visit,54:09.9,Desktop,South,Organic,0,Yes,
4369,4e0286c7-cb2d-471d-a30e-e92da701969c,Visit,27:47.7,Tablet,West,Paid,0,Yes,
4370,e430cb67-1b9a-47af-a7cc-1b132748da08,Visit,12:08.8,Mobile,West,Organic,0,Yes,
4371,86d23b71-6821-4cc9-bb6c-48ec14c93ef1,Visit,18:37.1,Mobile,West,Paid,0,Yes,
4372,54425b50-1a56-48e2-98f9-2599b7237e37,Visit,26:46.6,Mobile,North,Referral,0,Yes,
4373,5ea62b30-46a5-45a2-9fdd-6a5c0c94640a,Visit,29:17.5,Mobile,West,Referral,0,Yes,
4374,37e374dc-bdfa-4e33-b74e-6823702f1812,Visit,05:10.2,Desktop,West,Organic,0,Yes,
4375,f7ac42c7-6f01-42ff-ab1e-a61afbd86571,View Product,00:13.9,Mobile,South,Organic,0,Yes,
4376,503fd1dc-a602-424f-9805-7e7a4bb4eec2,Visit,26:49.7,Mobile,East,Organic,0,Yes,
4377,bd3f7082-a3bd-4b6d-82db-96b83a591323,Visit,29:35.6,Tablet,South,Organic,0,Yes,
4378,33a92915-d7f9-41b1-bdb9-8d799851d6a8,Visit,27:31.1,Desktop,North,Organic,0,Yes,
4379,dfea950d-8948-4a7e-a905-62a3dd3f3b11,View Product,25:11.8,Tablet,South,Organic,0,Yes,
4380,b11cf537-07d8-4f0f-8a77-f082abe7ef29,Visit,41:19.0,Desktop,East,Paid,0,Yes,
4381,4d374c14-89b9-405b-9b3d-f4cd45ee7407,Visit,51:45.1,Tablet,North,Paid,0,Yes,
4382,d8852998-90d2-43fd-b0e8-14e46691a2e4,View Product,44:31.7,Mobile,West,Organic,0,Yes,
4383,4fd0fbe0-b6f4-49c2-9035-e8acf4af9a3c,View Product,07:33.4,Mobile,South,Paid,0,Yes,
4384,01afb633-02bf-4e4a-b3f2-9fc17a9f23d7,Purchase,23:22.5,Tablet,East,Referral,460,No,No
4385,9f681f32-c691-49da-8f4a-105a23e5ac86,Visit,38:53.3,Tablet,South,Organic,0,Yes,
4386,74c2862e-5fd3-471f-a3ae-b0365da4d562,Visit,30:28.3,Desktop,East,Organic,0,Yes,
4387,4d44ab6c-9e07-42e6-9660-59363c9d9372,Visit,37:40.1,Mobile,North,Paid,0,Yes,
4388,d7acf46c-def1-4a3f-899e-13dbf6ac3f36,Visit,49:52.1,Desktop,West,Referral,0,Yes,
4389,1a97ce6f-7101-46a4-b164-54b70b07b88a,Visit,23:40.8,Desktop,South,Referral,0,Yes,
4390,a06ad765-2a35-45b3-b028-08775bd11f0d,View Product,21:48.8,Desktop,South,Referral,0,Yes,
4391,fa5df120-edd7-4159-8a9c-c72277bc0f1e,Visit,14:44.3,Mobile,West,Organic,0,Yes,
4392,9b711361-6262-4b08-92f4-5d7e09e69ac0,Visit,08:23.8,Desktop,West,Organic,0,Yes,
4393,d069fa41-e99c-4f36-be0a-98f09aa12f94,Visit,16:04.5,Desktop,South,Organic,0,Yes,
4394,6a9b4f33-0927-45c6-965a-8ab5ee4d0687,Visit,02:04.1,Mobile,North,Paid,0,Yes,
4395,c81e6a83-f36c-40fd-9fdd-3e54107851e7,Visit,14:40.8,Desktop,West,Organic,0,Yes,
4396,3c6cb3a3-5d9f-42e9-8cfb-f9c2156aa83a,Visit,47:32.9,Mobile,West,Organic,0,Yes,
4397,7911c864-2b51-4655-aaa6-ae00cf763b46,Visit,28:31.2,Tablet,East,Referral,0,Yes,
4398,b1028421-ad33-4dd7-92ec-c7de65a27445,Visit,04:36.1,Tablet,East,Paid,0,Yes,
4399,3b85bffc-da6a-4512-ade5-7e0f44cdef1b,Visit,33:06.8,Desktop,East,Referral,0,Yes,
4400,2ca259eb-0636-4514-b504-3f38da86f8ca,Visit,09:25.7,Mobile,West,Referral,0,Yes,
4401,e17a7c57-2bc6-4858-ab59-2ee2706c7a24,Visit,51:09.6,Mobile,West,Referral,0,Yes,
4402,de4a9b7d-aad4-47f7-a703-431dab99b53a,Visit,16:48.8,Tablet,North,Organic,0,Yes,
4403,abadfd92-5094-4ff4-98c2-24b82ed9be37,Visit,44:06.3,Tablet,West,Organic,0,Yes,
4404,67c21a83-911a-45d0-934f-8ab085996877,Visit,47:46.3,Tablet,North,Organic,0,Yes,
4405,4233bbbb-e9a3-49db-a57d-4931803aa0b6,Visit,19:11.9,Mobile,West,Organic,0,Yes,
4406,b566359a-f9de-40e1-9866-2da94ab3a916,View Product,54:56.3,Mobile,East,Paid,0,Yes,
4407,cde3e729-9d28-466d-abc3-69defcb78030,Visit,20:07.2,Mobile,East,Referral,0,Yes,
4408,06c0a6ca-95f8-459e-bc7e-a41337820f04,Visit,57:56.9,Desktop,East,Referral,0,Yes,
4409,822462fe-4212-41a4-936c-ea04b52639f0,Visit,44:52.9,Desktop,West,Paid,0,Yes,
4410,452d683f-d266-410b-b5cd-b60f9198a042,Visit,54:52.6,Desktop,West,Organic,0,Yes,
4411,9b83f380-8d3f-474b-bb5b-97e4a139073a,Visit,45:58.7,Desktop,North,Referral,0,Yes,
4412,483d8ea7-5224-4a5c-8bd3-ed351d514396,Visit,16:40.4,Tablet,North,Paid,0,Yes,
4413,e1404d24-91ec-40c0-abd4-0e4c030b16e6,Visit,57:50.6,Desktop,North,Paid,0,Yes,
4414,2ce8367b-02c3-42b7-9032-e295a6899cca,Visit,56:20.6,Mobile,North,Organic,0,Yes,
4415,87f92f49-bbb3-4908-901c-7602b0eee57f,Visit,21:27.4,Desktop,West,Organic,0,Yes,
4416,09fd87af-ddf9-4214-b215-d2a3d7cbd71f,Visit,53:56.7,Mobile,South,Paid,0,Yes,
4417,22a83329-d88c-4b94-8c0d-ddff5d758585,Visit,36:21.5,Mobile,North,Organic,0,Yes,
4418,7f60318d-3384-4350-8995-66c11a46aef5,Visit,02:43.1,Tablet,North,Referral,0,Yes,
4419,bb9db403-a378-4476-bcf7-691ada1fa018,View Product,35:34.6,Tablet,East,Referral,0,Yes,
4420,c8892512-9e34-4436-9ef5-4ddddcf91cbc,Visit,15:03.6,Desktop,West,Referral,0,Yes,
4421,127a497c-cb66-4a33-8493-78a4f5881206,Visit,14:10.7,Tablet,South,Organic,0,Yes,
4422,6595235f-74b8-4218-8d61-30bbcc6498bf,Visit,52:53.5,Tablet,East,Paid,0,Yes,
4423,5af6978a-fee9-4370-9f57-a24ac008508f,Visit,48:57.4,Desktop,West,Referral,0,Yes,
4424,1f51859a-efb0-47d0-b72e-a6167e6e4bf2,Visit,35:21.5,Mobile,East,Paid,0,Yes,
4425,c11fcdfc-68c5-445c-a404-b7158b6d1afd,View Product,32:15.3,Tablet,East,Organic,0,Yes,
4426,78e193fc-5245-4cfd-88c3-db5769b57c7f,Visit,30:29.4,Mobile,South,Organic,0,Yes,
4427,37b890e7-578d-4649-b443-b361fffb0ae7,View Product,52:12.9,Desktop,West,Referral,0,Yes,
4428,b846f1ca-0487-4125-9a4d-f736c6e85411,Visit,16:41.7,Desktop,North,Referral,0,Yes,
4429,a446aa41-19a1-471d-ba12-012f6a04ef2f,Visit,36:20.3,Mobile,West,Organic,0,Yes,
4430,2c52588c-8280-4987-8c4a-69f63f42bd66,Visit,20:01.4,Mobile,East,Referral,0,Yes,
4431,a43cb22c-c35e-4750-9aa8-3f7fe7f1d177,View Product,30:28.9,Tablet,West,Organic,0,Yes,
4432,000865db-f89f-4cf5-98b4-cb527dbffc0b,Visit,59:17.6,Desktop,West,Organic,0,Yes,
4433,14b9c5ed-b632-4d67-8e38-c48579784886,Visit,18:06.8,Mobile,West,Organic,0,Yes,
4434,d8996fbe-12ba-4826-9c9f-95fa87116463,Visit,50:39.3,Desktop,West,Organic,0,Yes,
4435,db4bcaa3-c86c-4860-90f5-565813a18c27,Visit,17:37.2,Mobile,South,Paid,0,Yes,
4436,b7c0ca22-4051-48c1-a2ef-38f95f801343,Visit,40:20.5,Mobile,East,Organic,0,Yes,
4437,7b09d6f3-0ff0-4c4f-8fe6-a7779fdbb077,Visit,28:12.7,Mobile,North,Referral,0,Yes,
4438,1961b770-8946-42d1-9089-b88205f4df4e,Visit,08:31.7,Tablet,North,Referral,0,Yes,
4439,d27f3e58-cfe2-4e32-8060-92b68096342e,Visit,02:13.0,Desktop,South,Organic,0,Yes,
4440,9482f961-21ee-45a3-810c-73bcdef67d1c,Visit,50:08.4,Desktop,North,Organic,0,Yes,
4441,927fe087-e41a-42c7-929c-ed7ef08dbd31,View Product,57:35.8,Desktop,West,Referral,0,Yes,
4442,7b7f7d13-5126-491f-b48b-63f954375bda,Visit,57:22.9,Mobile,North,Referral,0,Yes,
4443,74b065b4-1ed5-455c-8228-2bde20c67d55,View Product,56:23.6,Tablet,North,Organic,0,Yes,
4444,ab999b21-3b49-4507-b1c7-c72b166ab4ca,Visit,11:13.2,Tablet,South,Organic,0,Yes,
4445,bda6edcc-ca36-461c-a955-9552d96e34e7,Visit,20:42.7,Desktop,East,Paid,0,Yes,
4446,5ef4f7eb-fa08-427c-aeab-13242200809f,Visit,58:29.6,Tablet,West,Paid,0,Yes,
4447,5ce66276-b461-4c9d-8d2d-7336df9577c1,Visit,13:38.5,Desktop,South,Referral,0,Yes,
4448,effecc54-8ce5-4e5b-9a29-66107a302709,Visit,15:36.5,Mobile,North,Organic,0,Yes,
4449,2e03dd6c-8bc8-46ef-a5b1-7e03e73c27b9,Visit,17:51.5,Mobile,South,Referral,0,Yes,
4450,5e134d68-2374-4dd9-81e9-9a63c23b63ea,Visit,57:43.3,Desktop,North,Paid,0,Yes,
4451,99444f3d-0bed-43bc-84ff-869735c3b1d1,View Product,34:15.7,Tablet,West,Organic,0,Yes,
4452,c57a3738-a599-4307-9f30-1895d8c2e729,Visit,14:22.9,Desktop,West,Referral,0,Yes,
4453,3fbd1d88-900c-49a1-84f1-86d2b4dbad20,Visit,21:37.7,Mobile,East,Referral,0,Yes,
4454,346d7b1e-bb97-4edb-bf6b-ea2915166dd0,Visit,28:50.0,Mobile,West,Paid,0,Yes,
4455,5c686a72-71a6-441a-94a0-7d8b827e3bdf,Visit,58:13.4,Mobile,South,Referral,0,Yes,
4456,5a0f5c93-ca3e-4678-baab-1b657d104fc5,View Product,51:11.2,Tablet,West,Referral,0,Yes,
4457,f90f3c8e-3c8e-471e-b181-120a6ad8ff38,Visit,54:41.7,Desktop,North,Organic,0,Yes,
4458,7cca979c-5aef-457e-8b0c-eed365d78c79,View Product,46:44.3,Desktop,East,Paid,0,Yes,
4459,a1ecf55b-bd2f-4618-9130-bf909710a651,Visit,15:42.4,Tablet,North,Organic,0,Yes,
4460,58deb4c1-e523-4cac-882e-69bf0a4c2d62,Add to Cart,55:10.1,Tablet,East,Referral,0,Yes,
4461,db470f70-6be0-459a-9762-613a195ceee4,Visit,16:20.3,Mobile,West,Organic,0,Yes,
4462,960db738-ba64-4e69-91c0-0f61be3bc0a2,Visit,14:16.2,Mobile,South,Organic,0,Yes,
4463,cb319b71-efce-4ce3-b0d6-59006a460b35,Visit,44:31.4,Desktop,North,Referral,0,Yes,
4464,ae105bd4-f828-492a-9452-fe9d1135e7de,Visit,40:28.7,Mobile,West,Paid,0,Yes,
4465,f958eb81-6464-4687-9b7e-a0b09f93bc8a,Visit,08:05.7,Desktop,West,Paid,0,Yes,
4466,b77ec6a2-a59b-40f0-b4bd-945674adfe3e,Visit,43:27.7,Desktop,North,Referral,0,Yes,
4467,cc3ded55-b93b-4cb0-907d-bb42caa9692b,View Product,41:24.3,Desktop,East,Referral,0,Yes,
4468,8d7ee437-2725-4e4e-840a-8af7a896a09c,View Product,23:16.4,Tablet,South,Organic,0,Yes,
4469,b35f78d5-fcf0-42a8-af49-36e00762c414,Visit,19:59.2,Desktop,North,Referral,0,Yes,
4470,28eb84e1-9d24-48b4-93a9-502c8e59c53c,View Product,33:28.6,Tablet,East,Paid,0,Yes,
4471,024f8802-0193-4807-b728-b2a88fc83a0b,Visit,47:27.9,Mobile,South,Referral,0,Yes,
4472,75252c8d-b5f4-40ab-afd8-e1c6d5a1fa33,Visit,33:53.9,Desktop,North,Paid,0,Yes,
4473,ef108149-282c-4850-a818-0a5f172c9b90,View Product,46:26.9,Desktop,West,Organic,0,Yes,
4474,ea6396f3-6e27-48e7-8e83-76d832393dbc,Visit,14:02.2,Tablet,South,Paid,0,Yes,
4475,ba4a94f3-f3c3-48e3-b5d8-09e5911d8e12,Visit,40:58.4,Mobile,North,Referral,0,Yes,
4476,697a293f-7eda-49be-a82d-6d390603a07a,Visit,58:16.3,Mobile,North,Paid,0,Yes,
4477,592d9d5f-da15-4307-8a6f-38dd7ef46306,Add to Cart,06:15.5,Mobile,West,Organic,0,Yes,
4478,0c918d14-62e8-4169-8c8a-cf1c0f0716c6,Visit,34:05.8,Mobile,West,Referral,0,Yes,
4479,27f4a0db-ac2d-4ccc-adf5-61e30e03443e,Visit,22:46.9,Mobile,North,Organic,0,Yes,
4480,e372c26e-3ab4-4b48-8853-be2c09cff455,Visit,03:01.4,Tablet,South,Organic,0,Yes,
4481,d7d2e674-7d0b-4c35-96d4-a35442330c16,Visit,47:13.4,Desktop,East,Referral,0,Yes,
4482,a185c452-4128-4eb2-87e4-69cbd9f1fca4,Visit,32:24.8,Desktop,East,Paid,0,Yes,
4483,87939b21-aa09-41d5-86a1-882f3fb51c1b,Visit,42:02.7,Desktop,South,Paid,0,Yes,
4484,b9e2eae9-84db-4491-adfa-44bca37dfc9e,Visit,32:32.5,Mobile,West,Paid,0,Yes,
4485,5218d2f1-47f3-4f5f-9e07-771795cbbc8e,Visit,28:52.5,Mobile,South,Organic,0,Yes,
4486,48c968f1-8a0d-43fd-8583-c2ef7eb58391,Visit,02:17.8,Desktop,North,Organic,0,Yes,
4487,bc202945-02d4-4753-80e7-9bdbff264bff,Visit,48:55.4,Tablet,South,Paid,0,Yes,
4488,0821606a-1c68-42da-8817-0c7acda595ae,Visit,20:41.3,Mobile,South,Organic,0,Yes,
4489,8b57832b-aa55-42c4-927d-c92e40eaf656,Visit,18:07.8,Desktop,North,Paid,0,Yes,
4490,2cfe911a-8ffc-4d96-a517-66d86bf789c3,Visit,51:50.2,Tablet,South,Referral,0,Yes,
4491,9bf202e4-78b7-485d-8441-8a884f3d5ebf,Visit,36:54.9,Mobile,East,Organic,0,Yes,
4492,6673dcca-38e2-493e-a79d-97d8df866a85,Visit,38:20.8,Mobile,East,Referral,0,Yes,
4493,72d722be-18e1-4fb5-9e3d-538eefe6a3e4,Visit,21:07.6,Tablet,East,Organic,0,Yes,
4494,15f5e5f0-544a-4834-9eec-c41ab535cab5,Visit,05:42.1,Tablet,West,Paid,0,Yes,
4495,d6de283b-3276-444b-89fe-9654d3d6191d,Visit,26:59.2,Tablet,West,Organic,0,Yes,
4496,5f1db3de-60c8-424b-854a-f75f7404ad30,Visit,06:20.5,Mobile,West,Organic,0,Yes,
4497,f440507a-bb21-454c-946a-e7e8e6d99553,Visit,44:29.4,Desktop,East,Paid,0,Yes,
4498,29e6b25c-4f26-4eb5-9151-53b7a26e8137,Visit,46:32.3,Desktop,South,Referral,0,Yes,
4499,b1f23b35-bfeb-4b19-9425-0df818e69eca,Visit,32:32.0,Mobile,South,Organic,0,Yes,
4500,55bf093e-fbb2-4b42-82d5-8e4b7da5314f,Visit,51:59.8,Desktop,East,Organic,0,Yes,
4501,44a084b2-2781-434d-a774-18cdfb0d31e2,Visit,39:53.4,Tablet,East,Organic,0,Yes,
4502,8ce87c37-712b-406a-ad65-cbf49a0dedf8,Visit,26:17.1,Tablet,South,Organic,0,Yes,
4503,caa23e60-3230-41dc-bcd9-a96cfe4ea38e,Visit,49:41.0,Tablet,West,Referral,0,Yes,
4504,83c277a2-6fd7-4929-a21c-6f1db0bc4d63,Visit,33:39.0,Desktop,South,Organic,0,Yes,
4505,ce36448c-bf00-43de-8aff-141c4f43eede,Visit,49:32.6,Desktop,West,Organic,0,Yes,
4506,e1df46cc-e690-417b-8e05-5227efabe578,Visit,23:46.9,Mobile,West,Paid,0,Yes,
4507,1d81552a-6032-4ebb-8813-4b7140982450,Visit,37:47.1,Tablet,East,Organic,0,Yes,
4508,7045e165-23d6-4b57-87db-6e09b0637266,Visit,47:06.4,Mobile,North,Paid,0,Yes,
4509,4f8014da-8aa1-4262-8186-c51bd358d74a,Visit,21:28.0,Mobile,North,Organic,0,Yes,
4510,331c2f8d-a574-4438-ab6b-a08ed7ca4b53,Visit,21:56.2,Mobile,East,Organic,0,Yes,
4511,a1793d30-c54d-45b6-a866-945882b725aa,Visit,26:56.5,Desktop,West,Organic,0,Yes,
4512,38d1915b-26f0-4fa3-b8fb-7520c11f79b9,Visit,47:03.4,Tablet,West,Paid,0,Yes,
4513,8c0083b7-188a-45f1-b64a-b9114f315df0,Visit,23:13.1,Mobile,North,Paid,0,Yes,
4514,e324016e-456c-46c9-a82d-ba4acfecd477,Add to Cart,13:13.2,Desktop,West,Referral,0,Yes,
4515,5a7f37e4-ec54-42b1-813b-3ece0c24a156,Visit,52:52.2,Mobile,East,Organic,0,Yes,
4516,39aa2db1-fb95-4681-bd7a-89eedaf95520,Visit,16:45.1,Tablet,East,Organic,0,Yes,
4517,be01b6b0-cbd6-4920-8038-ac1d60ac91e0,Visit,45:20.6,Mobile,North,Paid,0,Yes,
4518,17479b6c-ba8b-4fb9-bd3c-326947d6dac1,View Product,35:32.8,Tablet,East,Organic,0,Yes,
4519,8323dfc5-1741-4ccb-b6ec-7977714c77b9,Visit,57:09.1,Desktop,West,Referral,0,Yes,
4520,32391f24-0867-48c2-a82b-2b8e9e024468,Visit,18:09.9,Tablet,North,Referral,0,Yes,
4521,77adf4d8-d532-47c1-8cbf-de2a41a04b91,Visit,14:50.4,Tablet,North,Organic,0,Yes,
4522,003be8d8-efd2-4846-8598-e210508635f8,Visit,00:06.6,Mobile,North,Organic,0,Yes,
4523,3053cb48-15cd-4776-befa-52000bbdc8aa,Visit,25:39.9,Tablet,East,Paid,0,Yes,
4524,357b5afc-8c81-4e7b-a96b-9639e2e35e07,Visit,22:00.5,Desktop,North,Referral,0,Yes,
4525,9642f547-b668-40ef-9802-605a8b047de3,Visit,53:17.1,Desktop,East,Organic,0,Yes,
4526,dcd00fd0-8f3a-4578-bbec-246976582f91,Visit,54:43.2,Desktop,West,Organic,0,Yes,
4527,f849e823-13d9-4853-a3e4-bb04498cad94,Visit,20:23.0,Tablet,North,Referral,0,Yes,
4528,10342ebd-c0a8-4fe1-9284-949f1b90a49e,Visit,58:50.4,Desktop,South,Organic,0,Yes,
4529,d5cc121f-6c3c-4843-a371-bd93c2fb3c65,Visit,39:34.5,Tablet,North,Organic,0,Yes,
4530,659165bd-cd87-449c-92d3-fe841288e2a7,Visit,36:27.0,Tablet,East,Organic,0,Yes,
4531,173d9279-0939-4281-abd0-a7650b3d48ff,Visit,05:30.5,Tablet,East,Organic,0,Yes,
4532,95446283-7000-47a0-9fa0-5bcc5a4c81e9,View Product,48:31.5,Tablet,West,Paid,0,Yes,
4533,71465979-c1ce-4d1e-b81c-ee623a8a08d5,Visit,45:23.2,Tablet,East,Paid,0,Yes,
4534,c6b16a48-f890-47f1-84fb-be14c25b07a0,Visit,19:52.2,Mobile,West,Organic,0,Yes,
4535,aab89e88-8424-4932-85d8-05b854865b30,Visit,56:58.4,Desktop,East,Referral,0,Yes,
4536,d040aab2-88de-4cbe-9a0a-335e206c5487,Visit,51:05.3,Mobile,South,Organic,0,Yes,
4537,479cf1d8-f5f6-4a95-a922-6e1e56c6fb4c,Visit,09:14.9,Mobile,East,Paid,0,Yes,
4538,946f3300-5fdd-436a-a855-09fff81f54d7,Visit,39:59.8,Desktop,East,Paid,0,Yes,
4539,270dfea6-523c-4624-a47e-8706620fa9e1,Visit,34:19.3,Mobile,North,Paid,0,Yes,
4540,61ec6aba-a14c-4037-8e1c-de8d1b45bb94,Visit,23:05.8,Desktop,North,Paid,0,Yes,
4541,a96f5357-2000-4c90-9686-abe833f3c961,Visit,53:38.2,Tablet,East,Referral,0,Yes,
4542,8ff25711-48c5-40be-aae4-9825f14aad98,View Product,48:52.2,Tablet,West,Referral,0,Yes,
4543,f78d9029-6dea-48d8-9084-7313cf9e5593,Visit,06:49.2,Tablet,South,Paid,0,Yes,
4544,c55f4086-f03c-4cd4-a96e-7521e6fe1c26,View Product,42:59.6,Desktop,East,Paid,0,Yes,
4545,cb50d870-6a9d-4ba8-873a-e79030d4b8a5,Visit,09:19.1,Desktop,West,Paid,0,Yes,
4546,4b203d6c-ff53-4246-951d-688785ff3064,Visit,05:02.2,Desktop,East,Organic,0,Yes,
4547,f4c8a633-7df6-400b-a94c-36e4710a74db,Visit,58:06.7,Mobile,South,Organic,0,Yes,
4548,ef0fe48f-5699-4fcf-8dc7-aebe50762f64,Visit,59:35.6,Mobile,West,Organic,0,Yes,
4549,935ae5e6-bc33-4270-abca-081fb420d843,View Product,09:40.5,Desktop,East,Referral,0,Yes,
4550,abda81c1-ee49-441f-838b-7502dd5df98e,Visit,51:52.3,Mobile,East,Referral,0,Yes,
4551,77dd4d8e-44b2-4afc-8c1c-541f9e4ee327,Visit,11:36.2,Mobile,East,Organic,0,Yes,
4552,065c8579-9494-4ade-b35c-fd74d2c2e575,Visit,09:00.7,Tablet,West,Paid,0,Yes,
4553,c67cff42-ba60-48dc-b08d-42c9943d1cb1,Visit,35:32.5,Tablet,South,Paid,0,Yes,
4554,04a8a0d6-da00-412d-bba9-f845f32f8e7e,Visit,41:39.8,Desktop,South,Referral,0,Yes,
4555,ce439ced-55b8-41e8-bd59-85e0a6d70e72,Visit,42:29.1,Tablet,West,Referral,0,Yes,
4556,7d8d2764-53a4-45ae-a755-cdbe9ab24066,Visit,48:32.3,Mobile,West,Paid,0,Yes,
4557,be86761f-6933-40fb-a11d-570ddfcdd948,Visit,14:09.0,Desktop,East,Organic,0,Yes,
4558,00f81b35-2106-41a9-8179-d71a1dd54581,View Product,59:07.2,Tablet,West,Paid,0,Yes,
4559,e389653b-ff83-4067-a71f-4bb3fd0a039f,Visit,40:12.8,Desktop,North,Organic,0,Yes,
4560,3035fc18-c33d-4c58-8518-6d4f432c309a,Visit,12:30.1,Mobile,West,Paid,0,Yes,
4561,014ca8b7-5675-42e7-821d-13dcf6ef0af9,Visit,56:11.9,Tablet,East,Organic,0,Yes,
4562,599b2788-f15a-436a-a4f0-f18ce04c1b31,Visit,48:51.5,Mobile,West,Organic,0,Yes,
4563,18617d22-2086-4e66-9c39-4a12648d6797,Visit,11:23.1,Tablet,North,Organic,0,Yes,
4564,1c5a4a9d-b762-49c7-b9a5-6664dd54751d,Visit,56:45.8,Desktop,North,Organic,0,Yes,
4565,e04b97a7-b940-4cf1-8d73-e0c8d4b59421,Visit,07:19.5,Mobile,North,Organic,0,Yes,
4566,7812720a-8f76-4cf0-9886-f5923ded13c4,Visit,42:03.2,Tablet,East,Organic,0,Yes,
4567,89e0689a-72cc-4708-86f8-b8335c9fd5b2,Visit,34:12.5,Tablet,South,Paid,0,Yes,
4568,9ecbd374-e68d-4952-939b-e08bc868edae,View Product,46:18.3,Mobile,South,Organic,0,Yes,
4569,30c2e0ad-eb5b-4702-acc3-c4f95096cb43,Visit,49:24.7,Tablet,South,Organic,0,Yes,
4570,1c3781c3-97c3-4f95-933a-2e2568c8e6ea,Visit,29:15.3,Desktop,West,Referral,0,Yes,
4571,e034b65d-76b1-4660-a001-ccdbdf8aa020,Visit,11:09.5,Desktop,North,Paid,0,Yes,
4572,ef9ab5f5-1229-4193-9a63-2d4ecbee4022,Visit,13:59.4,Tablet,North,Paid,0,Yes,
4573,3bbd6e95-8c50-48fa-bbcc-804b273acf19,View Product,49:21.0,Mobile,West,Paid,0,Yes,
4574,82a1f51c-88fb-4f31-9dc4-360f4b2871bc,Visit,52:29.2,Mobile,North,Organic,0,Yes,
4575,f879a017-4235-40ba-a2f5-73a4454b9f7c,Visit,49:22.4,Mobile,North,Organic,0,Yes,
4576,d4e742a7-e353-4264-83d7-6a4a9e874553,Visit,58:41.3,Mobile,West,Referral,0,Yes,
4577,8cfa2031-b011-422e-b2e9-56b569f14d40,Visit,40:34.1,Mobile,North,Paid,0,Yes,
4578,69b44203-78b8-4753-a68e-b1f054c90684,Visit,10:24.6,Tablet,East,Referral,0,Yes,
4579,f062057a-596f-4f6e-9905-3c187e99622f,Visit,53:11.7,Desktop,South,Organic,0,Yes,
4580,0215b705-09df-476a-9a9f-826563ae5d6e,Visit,51:12.8,Desktop,East,Organic,0,Yes,
4581,61b059ce-c5ab-4963-9f37-83670578cacf,Visit,18:43.9,Mobile,North,Referral,0,Yes,
4582,d4197723-f8a6-41a9-a026-78fb474bd07e,Visit,50:11.5,Mobile,North,Organic,0,Yes,
4583,ad244b06-e6c1-4e07-9bfa-95d25a38bd56,View Product,54:58.4,Mobile,East,Paid,0,Yes,
4584,702c684c-dfc8-4cc6-8b10-1ce42992bdb8,Visit,15:26.5,Tablet,West,Organic,0,Yes,
4585,b3a04584-a9a9-48ab-8121-3e0c3db195a2,Visit,08:17.5,Tablet,South,Referral,0,Yes,
4586,15668a2e-27ab-4c7f-b223-959d0a63a7ce,Visit,31:48.2,Mobile,West,Organic,0,Yes,
4587,b17b5c96-bd8f-4738-9270-918bc54e7bf4,Visit,32:44.1,Mobile,East,Organic,0,Yes,
4588,af4e7bf4-5f20-4fbe-b652-0c437e03c048,Visit,04:00.9,Mobile,West,Paid,0,Yes,
4589,769ec6f2-3e23-4443-a881-1e6138651183,View Product,00:31.7,Tablet,West,Organic,0,Yes,
4590,21b6d640-374a-449d-a7ef-5b3fb6444435,Visit,46:40.1,Desktop,East,Organic,0,Yes,
4591,19dcd415-2be2-430a-985b-1a2104b327fe,Visit,03:13.5,Desktop,West,Organic,0,Yes,
4592,aab903e2-56e0-4df5-b82c-83467a7d72cf,Visit,51:21.2,Tablet,South,Paid,0,Yes,
4593,78905cfc-2b3d-48cd-a633-c02bec713332,Visit,11:41.9,Desktop,North,Paid,0,Yes,
4594,f562e42a-c3d6-49e9-b7df-868da0f6fb91,Visit,29:06.3,Mobile,West,Referral,0,Yes,
4595,2439b697-9664-4f62-96cc-583c7fbc0420,View Product,36:55.9,Mobile,North,Referral,0,Yes,
4596,f35dc2a6-e7a3-4081-a131-3eee79c013eb,View Product,19:16.8,Mobile,North,Organic,0,Yes,
4597,2f341226-fba7-49bc-9bf8-1cff8f9e2e9a,Visit,42:30.2,Mobile,East,Organic,0,Yes,
4598,30d50441-1849-4248-9efb-8c3ac9e192a8,Add to Cart,14:20.9,Mobile,East,Paid,0,Yes,
4599,40aedefe-f10f-4e28-b306-ef19141a6488,Visit,26:32.1,Tablet,South,Paid,0,Yes,
4600,0d30f12f-84b6-43c6-a597-4a6c2ffc8909,Add to Cart,53:50.8,Tablet,North,Organic,0,Yes,
4601,e17574ec-c41b-4409-9e15-7d00eac82257,Visit,42:35.2,Tablet,East,Paid,0,Yes,
4602,c20d49af-aa85-4731-93f1-fe14d1ea520f,Visit,17:56.4,Mobile,East,Referral,0,Yes,
4603,010d6905-c322-4499-9eca-72eba9d08491,Visit,49:51.5,Desktop,East,Paid,0,Yes,
4604,1bc97189-1c53-4172-b1c1-55432224c48c,Visit,59:02.1,Tablet,North,Organic,0,Yes,
4605,e792a9e4-e473-48fa-99a8-248e70d9247a,Visit,17:57.4,Desktop,West,Paid,0,Yes,
4606,f82a4645-062b-4ec3-a305-1b6943afd0d9,Visit,19:05.5,Desktop,North,Paid,0,Yes,
4607,f04d6435-8d21-49b1-adfa-a94bbb5ccbfa,Visit,47:42.7,Desktop,North,Paid,0,Yes,
4608,3a712aca-0f9d-4f49-b8ad-482090c79cde,Visit,00:29.2,Desktop,East,Organic,0,Yes,
4609,d6af6f0b-c230-4055-87d1-c4fe3a019483,Visit,29:49.2,Desktop,South,Referral,0,Yes,
4610,d19765fa-8683-4c2e-85b1-0093c29f0f6b,View Product,46:11.0,Desktop,West,Paid,0,Yes,
4611,7ac69047-2e2d-4254-aaac-d7de20425752,Add to Cart,01:42.9,Mobile,East,Organic,0,Yes,
4612,65e085c8-98b4-4023-a4d8-656868d6d174,Visit,38:49.2,Tablet,South,Referral,0,Yes,
4613,cdbceb99-fafd-4fab-ae82-563b52c25194,Visit,04:40.3,Desktop,North,Paid,0,Yes,
4614,d8b6728e-2b29-4c71-bd6d-9f502dc589e4,Visit,55:55.1,Tablet,East,Referral,0,Yes,
4615,7b99602b-1d90-4215-b919-0e1720ffc019,Visit,29:19.0,Mobile,East,Paid,0,Yes,
4616,205f2559-f330-479c-a28d-6f11362445d5,View Product,38:58.6,Desktop,West,Paid,0,Yes,
4617,6cdeba1a-6a2f-4e72-b7d6-99e9bc77ba8c,Visit,42:09.7,Tablet,West,Referral,0,Yes,
4618,1ba7aca5-f573-4a86-8a1d-50d3b92e87a0,Visit,41:32.4,Tablet,North,Organic,0,Yes,
4619,c4f48e33-3a53-434b-a12d-70d986102a6e,Visit,28:18.0,Desktop,West,Referral,0,Yes,
4620,51d11249-7d28-4842-a9e8-1d817c0710ab,Add to Cart,42:01.7,Mobile,West,Referral,0,Yes,
4621,59317d25-ef9d-4e79-ab8d-a5fede98d643,Visit,01:12.0,Tablet,North,Paid,0,Yes,
4622,bdcfc0f4-7c08-495b-8dde-b9478952be2e,View Product,25:27.8,Desktop,South,Organic,0,Yes,
4623,cc88d9e4-c89a-458c-bcd8-a0f3027605bf,Visit,17:51.0,Tablet,East,Referral,0,Yes,
4624,9053b41e-4195-4b0e-ba6e-92a300188598,Visit,33:40.4,Desktop,North,Referral,0,Yes,
4625,8954795c-30cb-44a3-8cbf-f37202842274,Visit,25:34.0,Tablet,North,Organic,0,Yes,
4626,a409b3b2-ea94-4b69-823d-6da020e31dd4,Visit,06:37.6,Tablet,West,Paid,0,Yes,
4627,fb6d710e-7b95-4657-a9d4-49fc718cae34,Visit,02:32.7,Desktop,West,Paid,0,Yes,
4628,0dafbe82-4deb-4e06-957c-a67d523f45f3,Visit,57:38.1,Mobile,West,Organic,0,Yes,
4629,725caeb2-70b7-46ad-b57e-ca1e2d8e38f9,Visit,59:31.2,Tablet,East,Organic,0,Yes,
4630,c78b1ca3-bb75-47aa-b117-df9a5f336e01,Visit,39:26.9,Mobile,West,Referral,0,Yes,
4631,520d37c3-c090-45a4-a7d2-e4e4ef5b3386,View Product,55:26.6,Mobile,East,Referral,0,Yes,
4632,7a50757d-e54e-4979-a557-6a25f0f0d2d9,Visit,50:28.2,Mobile,East,Paid,0,Yes,
4633,d445500a-c441-4176-9a6b-ecc79a0dc86b,Visit,50:20.2,Tablet,West,Paid,0,Yes,
4634,2f79a2a6-ff3c-4edb-b1e5-ebae63eedf41,Visit,41:53.9,Desktop,West,Organic,0,Yes,
4635,97004a87-6b60-4021-a65a-b764471e114e,Visit,41:13.1,Tablet,West,Organic,0,Yes,
4636,26b49a98-c113-4f59-8143-d1da5ca776f6,View Product,37:30.0,Desktop,North,Paid,0,Yes,
4637,4e05bd2b-a00a-490a-84d4-e1e104b67ece,Visit,40:37.4,Mobile,North,Organic,0,Yes,
4638,2285ddea-434b-4643-a17e-ce573b00d2dc,Visit,14:40.7,Mobile,West,Organic,0,Yes,
4639,8c779152-3e48-40b0-9747-280317884c80,Visit,18:26.2,Mobile,North,Organic,0,Yes,
4640,8491e4a5-d5e0-4ecc-bb70-ac4897d665ba,Visit,03:08.6,Tablet,South,Paid,0,Yes,
4641,7a42aa98-c239-415e-8f51-ec71548677d3,Visit,21:26.6,Mobile,North,Organic,0,Yes,
4642,a09f9857-0722-497e-9b37-eaec0b9bb2a0,Visit,52:53.7,Desktop,West,Organic,0,Yes,
4643,a46ddc97-b9a2-49d3-992d-fe3828b6becc,View Product,42:59.0,Mobile,South,Referral,0,Yes,
4644,6af7c3ce-637b-4cf8-989e-6c5cc1e6d09d,Visit,41:54.6,Mobile,South,Referral,0,Yes,
4645,0c4499e0-8969-47fa-a1b2-71948503ec11,Visit,50:40.2,Mobile,West,Referral,0,Yes,
4646,687cdc2e-92ae-4682-9709-64a265c22335,View Product,25:35.1,Desktop,North,Paid,0,Yes,
4647,8cc1795b-de33-4b49-8c05-0a899ecf9da0,View Product,24:22.2,Tablet,East,Organic,0,Yes,
4648,bfa0ea84-ba1b-46f8-aef1-029ff0d06ef6,View Product,53:19.6,Tablet,East,Referral,0,Yes,
4649,07d3c676-bef2-4851-9fbd-fa3e5accb569,Visit,53:02.3,Tablet,West,Paid,0,Yes,
4650,fc220b6b-fb43-4cb2-b074-75130c7c99a1,Visit,59:06.4,Tablet,South,Paid,0,Yes,
4651,648ff179-387d-4e60-bec9-8c9d184b5012,Visit,33:34.6,Tablet,West,Paid,0,Yes,
4652,89260428-6815-4549-8057-fbdad64532bd,View Product,09:26.7,Mobile,South,Organic,0,Yes,
4653,be06c921-ae1f-4c9b-8b81-316639c2cb5e,Visit,00:23.1,Mobile,North,Organic,0,Yes,
4654,ef3d11b8-70d2-4c68-ae3f-e659d17f6c54,Visit,32:09.4,Tablet,East,Paid,0,Yes,
4655,a3e2a650-9b34-439c-aff0-4eed21cccbe3,Visit,15:50.3,Tablet,North,Paid,0,Yes,
4656,51fb5f59-90d0-458f-aef8-fa10bc7ca013,Visit,46:43.6,Tablet,South,Paid,0,Yes,
4657,2d93fb7b-3edd-4297-8df5-69c93001cb67,Visit,19:18.2,Mobile,South,Organic,0,Yes,
4658,4980bfe9-5a0f-4809-ad21-3ed6d565c835,Visit,37:18.3,Mobile,East,Paid,0,Yes,
4659,a4889f01-f030-48d2-b797-a6f166e99335,Visit,16:29.3,Desktop,South,Organic,0,Yes,
4660,f0ac95ad-4f5a-4192-9404-0f723a1c7642,Visit,34:47.7,Desktop,East,Referral,0,Yes,
4661,832b7a2c-342c-4692-915b-f62e819b9dcf,Visit,03:03.8,Tablet,West,Paid,0,Yes,
4662,85137fad-5ae2-4ebe-aa8c-ad3c2074cbce,Visit,07:45.3,Tablet,West,Paid,0,Yes,
4663,d5c0346c-2839-4ee2-8456-8ace04ad7d4c,Visit,10:29.7,Tablet,North,Referral,0,Yes,
4664,ce6c96cc-9ba9-4459-a7da-b6f8d6bb5ec5,Visit,15:22.4,Desktop,West,Paid,0,Yes,
4665,6e012a2e-8147-47bf-806c-aadd9e19642b,Visit,20:01.8,Desktop,South,Paid,0,Yes,
4666,eb41491c-ec04-42d6-9bf9-011c6a9d0c94,Visit,50:12.8,Mobile,North,Organic,0,Yes,
4667,33293701-543a-4636-8982-e74af1eacdfc,View Product,09:19.6,Tablet,East,Organic,0,Yes,
4668,f7d2c6d2-ff5c-4493-a101-fef878ce78aa,Visit,06:18.1,Desktop,East,Organic,0,Yes,
4669,cf4dd853-cda7-4ab3-a487-40f8b9e67fa3,Visit,35:06.4,Tablet,North,Referral,0,Yes,
4670,0c9445f5-641d-4020-b7c1-264542c066d9,Visit,38:41.0,Tablet,South,Paid,0,Yes,
4671,55835c8d-7140-41f3-8259-59ed3514fa9e,Visit,37:56.9,Mobile,East,Referral,0,Yes,
4672,a78c49bf-70d5-4eae-814e-357f971ecc2f,View Product,31:35.6,Mobile,East,Organic,0,Yes,
4673,b10f6088-51f6-4834-97fd-41a566a918fc,Visit,17:09.6,Tablet,West,Referral,0,Yes,
4674,283009d9-0ee9-4721-adde-5551c4ab305c,Visit,05:08.8,Mobile,North,Paid,0,Yes,
4675,a259a419-4ea6-4b62-bb79-9b301b88209b,Visit,29:22.7,Mobile,South,Paid,0,Yes,
4676,f13529d4-d0b6-42af-9bfc-7bebb127ff63,Visit,35:53.9,Tablet,South,Organic,0,Yes,
4677,695afe8d-03fd-4e0d-bcbc-c9333320af0f,Visit,17:22.0,Tablet,North,Referral,0,Yes,
4678,bc210f14-995b-4144-8dc9-eac89b403c32,Visit,40:06.5,Desktop,North,Paid,0,Yes,
4679,3d8314fa-6cd3-4531-90e9-9d78afbaf0ce,Visit,46:55.9,Desktop,North,Paid,0,Yes,
4680,912a3dc5-3201-42bf-81aa-94cded2b77f4,Visit,00:01.4,Tablet,West,Referral,0,Yes,
4681,67c302ae-d5c9-40b9-876f-84bc94859cdc,Visit,22:16.9,Mobile,West,Organic,0,Yes,
4682,487eff32-79e1-47f5-a120-f590892710db,Visit,10:03.8,Desktop,East,Paid,0,Yes,
4683,e9c8b66b-81bf-4eaf-bdee-f648c22ec81f,Visit,50:17.0,Tablet,South,Organic,0,Yes,
4684,a27124bc-ecf9-4386-a4d4-24d23b09580a,Visit,14:06.3,Mobile,South,Paid,0,Yes,
4685,168cbd77-60e6-4f4a-a44c-299241d12e60,Visit,24:30.9,Mobile,North,Paid,0,Yes,
4686,30c5a170-fb32-46bb-aee2-0406a191c8f7,Visit,03:44.2,Tablet,East,Paid,0,Yes,
4687,8367edb4-7b97-4dc9-8d58-47e9bd7e2f51,View Product,29:39.4,Mobile,West,Referral,0,Yes,
4688,d3244096-2fe2-4131-ab88-c01a6c69984d,Visit,32:51.2,Tablet,North,Organic,0,Yes,
4689,93c7f3f4-b1db-4cd3-b0a1-f5778fc5ebb5,Visit,12:39.8,Tablet,North,Paid,0,Yes,
4690,026f33bb-c1f5-492e-8b65-ea1f16f16fb9,Visit,02:48.0,Mobile,South,Paid,0,Yes,
4691,a41e731a-7713-4300-ab3e-453edccc33fe,Visit,08:04.3,Desktop,South,Organic,0,Yes,
4692,aac454fb-7f5b-4472-aa9a-3e080b6c776f,View Product,22:38.7,Mobile,East,Organic,0,Yes,
4693,22485c6e-620a-4ec0-9468-5827873f3bf7,Visit,42:33.3,Desktop,East,Paid,0,Yes,
4694,c9a04fe6-908b-4953-8331-51596ca642e5,Visit,43:32.3,Tablet,South,Organic,0,Yes,
4695,b00fe548-d09a-40c1-b44d-5d0308980600,Visit,04:53.4,Tablet,South,Organic,0,Yes,
4696,6ea47c2e-8040-4d76-97fb-2b5bda0414f9,Visit,28:55.6,Tablet,North,Paid,0,Yes,
4697,2793ca4a-2d73-4d5a-a6ee-8ce41fcaccbc,Visit,51:02.6,Mobile,North,Paid,0,Yes,
4698,6c144b85-61e3-41c7-991e-758d9e0d9ccd,Visit,33:50.9,Mobile,South,Paid,0,Yes,
4699,adef9fdf-95ae-4148-b450-c730ab4ea7ac,Visit,32:16.1,Mobile,East,Referral,0,Yes,
4700,7c068cda-0604-4959-99b1-fa9ed8fbd739,Visit,52:42.2,Tablet,North,Organic,0,Yes,
4701,6a25af6f-85a7-4109-8ae0-6df7a62f6a59,Visit,14:22.7,Tablet,South,Organic,0,Yes,
4702,28612529-4e09-4fef-a666-90ce93abd26f,Visit,04:42.1,Desktop,North,Paid,0,Yes,
4703,c30250bf-7856-48d8-8987-a13301fc4a1c,Visit,59:49.1,Desktop,South,Paid,0,Yes,
4704,01e3f322-432e-47bf-b6b7-85cfc32d03a4,Visit,35:52.9,Tablet,South,Paid,0,Yes,
4705,7fede01f-d3ad-4538-ad79-7668b62ca1ea,Visit,06:11.4,Mobile,West,Referral,0,Yes,
4706,f5476595-5350-4f2d-8418-e88ac264f61c,Visit,11:13.7,Desktop,South,Referral,0,Yes,
4707,d101cbd2-8307-4b2b-8e0d-1178c066372c,Visit,45:12.8,Desktop,North,Referral,0,Yes,
4708,e687ef4d-6034-49a0-9852-b8c9d0f8029b,Visit,16:21.8,Desktop,South,Organic,0,Yes,
4709,fea500ec-60e2-49d5-a7a0-05384e2bafca,Visit,48:51.4,Tablet,West,Referral,0,Yes,
4710,084b7e69-cb52-4f6f-814a-952d786b17ab,Visit,43:23.0,Tablet,West,Paid,0,Yes,
4711,eaa07734-4b72-4b84-a7e7-01c59bb52eed,Visit,10:37.1,Mobile,South,Organic,0,Yes,
4712,196744d6-5dda-4641-9054-3f599d5f0ffd,View Product,18:42.7,Tablet,East,Organic,0,Yes,
4713,913a2bdf-8ba4-4b36-b092-00c30576cbff,View Product,58:07.0,Desktop,West,Organic,0,Yes,
4714,ce5d1fd2-bd03-47d6-a90c-63864a419abb,View Product,41:54.6,Mobile,West,Paid,0,Yes,
4715,aff5cf5e-a271-43f5-8523-43dcf3c5f117,Visit,42:14.2,Mobile,North,Referral,0,Yes,
4716,d9089ba2-b750-4ad9-8b50-8f41f5f2df69,Visit,01:40.6,Tablet,North,Referral,0,Yes,
4717,47790c9f-d71a-4fa7-8c0f-d5c51dc13176,Visit,58:57.0,Mobile,East,Paid,0,Yes,
4718,12b1ed30-fe89-4cbc-bef1-e61ecf6c6fb9,Visit,58:02.8,Desktop,East,Organic,0,Yes,
4719,65605a4e-20ab-481b-8d8a-1d186968de1c,Visit,03:20.6,Mobile,West,Referral,0,Yes,
4720,fd2f0293-eb9a-40ec-9fe0-b2944b95dd2d,Visit,38:23.4,Tablet,South,Paid,0,Yes,
4721,39a93af7-e31e-4d08-b214-6c79a63752f9,Visit,10:35.9,Desktop,West,Paid,0,Yes,
4722,567ab7d8-d09e-4968-b3b4-6b3876cf8c7e,Visit,19:35.3,Mobile,West,Paid,0,Yes,
4723,30b8d1de-4f9d-4534-9f00-539c72b4b4e5,Visit,50:14.8,Tablet,West,Paid,0,Yes,
4724,04965fe9-4d38-4051-a6a6-c25aeded86b1,View Product,23:42.6,Tablet,North,Paid,0,Yes,
4725,2a04684d-ddfd-47e6-88b3-2b0671a1ca19,Visit,30:03.9,Desktop,East,Organic,0,Yes,
4726,1006b867-7310-4e98-ac4d-5bff31c9a792,Visit,45:48.7,Desktop,North,Paid,0,Yes,
4727,e5833289-76c8-4e54-84c9-978b45cefe8e,Visit,29:54.8,Mobile,West,Organic,0,Yes,
4728,81355aa8-6731-4720-804d-4c35cff48927,Visit,28:55.5,Mobile,West,Referral,0,Yes,
4729,d14d71bb-7929-4cda-b6e8-b376eb536502,Visit,40:13.6,Mobile,South,Paid,0,Yes,
4730,d121b6d2-e9de-4565-8e97-e4ae52c7cf48,View Product,28:20.1,Desktop,South,Organic,0,Yes,
4731,bb3fc96f-e3c1-4ea6-8596-57fe862dd87b,Visit,07:49.3,Desktop,South,Referral,0,Yes,
4732,9bc333df-4262-4eeb-8ef1-dd734278ad53,Visit,18:28.2,Tablet,North,Paid,0,Yes,
4733,1ec4599f-d210-4d9d-a26b-d13dc55252a4,Visit,00:36.1,Mobile,North,Organic,0,Yes,
4734,8258f827-aefb-4ad9-8d0a-fa168dad99e1,Visit,05:46.4,Tablet,South,Organic,0,Yes,
4735,1b3722e4-a995-486b-83bc-8160d2b98379,Visit,26:49.1,Desktop,South,Organic,0,Yes,
4736,e6e9f11d-a706-44f5-a12b-2c29d8b64d16,View Product,05:15.9,Desktop,East,Paid,0,Yes,
4737,63e02063-2989-488b-9b58-6e0f8355cfd6,Visit,32:39.2,Tablet,East,Paid,0,Yes,
4738,683ba861-d99c-4d00-9cb7-4a7faa81bd30,Visit,09:33.8,Desktop,West,Paid,0,Yes,
4739,0386b605-d0ee-47be-a429-a056c084c1de,Visit,46:42.0,Mobile,North,Paid,0,Yes,
4740,7e0a5e09-e299-4604-9a0f-c02015073453,Visit,07:01.8,Tablet,South,Organic,0,Yes,
4741,aa0fc79d-bb5a-417c-91cb-da3b72e8d282,Visit,35:52.0,Tablet,East,Referral,0,Yes,
4742,4adc656f-905e-4861-94b0-b01992271aa6,View Product,23:08.7,Tablet,South,Organic,0,Yes,
4743,adb97589-6b2f-4dc8-bfc3-e93254b3473a,Visit,40:09.8,Mobile,East,Paid,0,Yes,
4744,2b3afe72-171f-4f83-b230-0ae6dbb58b2b,Visit,58:55.9,Mobile,East,Referral,0,Yes,
4745,421a8e91-8d17-439a-b888-b46958be8246,Add to Cart,31:22.1,Desktop,North,Paid,0,Yes,
4746,06738600-7364-4e0d-a462-e96e8f6b5357,Visit,06:39.2,Mobile,East,Paid,0,Yes,
4747,974e0b2d-9092-40a7-99e7-38893b50c2fd,Visit,41:56.7,Mobile,North,Referral,0,Yes,
4748,a865e1bb-ad41-421b-9491-764574cba9b0,Visit,48:50.7,Desktop,North,Organic,0,Yes,
4749,1d8b1d8b-a284-4405-a3de-6b7f7f907f24,Visit,24:25.7,Tablet,North,Paid,0,Yes,
4750,ee02ffa2-ea7d-4748-b8b2-eb060dc8e88e,Visit,33:02.9,Mobile,East,Referral,0,Yes,
4751,29a907ba-2187-474c-9db9-24daa1aaf849,Visit,29:02.7,Mobile,North,Paid,0,Yes,
4752,47570e8e-6ab4-4d5e-8846-a6719db94fb3,Visit,02:28.3,Mobile,West,Referral,0,Yes,
4753,e567d84a-5cdc-40d5-a836-ce9b1e7c1aea,Visit,45:10.9,Desktop,North,Referral,0,Yes,
4754,7cf7698c-595e-4c0f-b696-a6503039cc9c,Visit,09:02.1,Desktop,West,Referral,0,Yes,
4755,7dccd1f8-5a57-4e30-9971-f1c2a61a7717,Visit,13:41.5,Mobile,West,Organic,0,Yes,
4756,dc6bf95a-ab25-4d6c-951f-25b6010145c5,Visit,08:44.1,Mobile,West,Paid,0,Yes,
4757,f285aad6-4b7c-4fd0-9309-f27d48ac015b,Visit,43:11.2,Tablet,East,Paid,0,Yes,
4758,42cf8149-88e6-471a-a2d9-92db2c382d09,Visit,04:09.5,Desktop,North,Referral,0,Yes,
4759,49639fc3-505d-4a97-b10f-022d4fe035cc,View Product,19:45.1,Mobile,West,Referral,0,Yes,
4760,84faad43-a5d3-4228-953d-e954d7817362,Visit,22:49.9,Desktop,North,Paid,0,Yes,
4761,2d89af59-c503-4436-b0c9-04711d4a061d,Visit,27:16.4,Mobile,East,Paid,0,Yes,
4762,9fe73119-26cb-44b3-adfd-f7a5ffd4de00,View Product,12:10.7,Desktop,West,Paid,0,Yes,
4763,6490856e-48af-467f-860f-fbbc25407db9,View Product,28:25.6,Tablet,East,Referral,0,Yes,
4764,5cc1f754-920b-4da7-a2bb-279944196013,Visit,48:38.9,Desktop,East,Paid,0,Yes,
4765,7abf6b2b-6ffd-44e5-af4f-7cf0154fab9f,Visit,24:32.0,Tablet,West,Paid,0,Yes,
4766,dd4293f6-3591-45fc-9783-1e8f654e737a,Visit,44:07.8,Mobile,East,Referral,0,Yes,
4767,91eef826-b237-49a2-9083-b08f31059ba0,Visit,38:00.9,Mobile,North,Referral,0,Yes,
4768,eb20beb1-476a-442b-b446-479a8b91e3e8,Visit,48:07.2,Mobile,North,Referral,0,Yes,
4769,fdd4fb53-0fd1-404a-93a3-30c9976ceaea,Visit,04:22.9,Mobile,West,Organic,0,Yes,
4770,da0194ad-d942-4b99-b0b0-e63d67752c63,Visit,48:37.4,Mobile,South,Referral,0,Yes,
4771,9ae3a4b3-0da5-452b-8f99-c7635952e5e6,Visit,24:04.7,Mobile,West,Referral,0,Yes,
4772,1e472ab6-1042-48b2-bb46-db142419e247,View Product,06:22.9,Tablet,East,Organic,0,Yes,
4773,f2f26c02-380c-4aa3-be98-b5c562d6b4df,Visit,53:12.4,Desktop,East,Referral,0,Yes,
4774,d048c053-9118-4ec0-b17b-8c3953ecf802,Visit,48:50.3,Desktop,South,Referral,0,Yes,
4775,f572e6ec-9d0d-4727-be63-43608cad6ec6,Visit,51:22.3,Mobile,East,Paid,0,Yes,
4776,dd5829f8-6fe8-4cbb-8115-7be61c0ecc8e,Visit,19:19.6,Mobile,East,Organic,0,Yes,
4777,5bb13a38-ae64-4e91-9918-0eeeb714ff7d,Add to Cart,54:51.9,Tablet,East,Paid,0,Yes,
4778,a6273861-943f-402e-9036-d16b4633d1bc,Visit,23:18.3,Desktop,East,Organic,0,Yes,
4779,e6e4acc0-3960-44c1-b77c-53992b2e47f5,View Product,23:32.2,Desktop,North,Referral,0,Yes,
4780,7fde34fa-c262-49cc-9d4a-15ac9959e0e9,View Product,44:27.0,Mobile,North,Organic,0,Yes,
4781,2c7899eb-3257-4196-9c38-46bd97a09d24,Visit,13:30.7,Tablet,South,Paid,0,Yes,
4782,ced696a4-be27-4e3b-97c1-95f4de0564ff,View Product,03:43.0,Mobile,West,Paid,0,Yes,
4783,8f71e015-ac2d-4c51-9052-77c0af96358f,Visit,27:41.1,Mobile,West,Paid,0,Yes,
4784,01740923-849a-4ef4-b223-a4837e768c78,Visit,38:48.4,Desktop,East,Referral,0,Yes,
4785,f89138e6-1c68-41cb-ada1-d0876fa99e69,Visit,36:05.1,Desktop,East,Paid,0,Yes,
4786,cd29f873-9b6e-47e6-bf92-fb29e80f538e,View Product,30:08.2,Desktop,North,Paid,0,Yes,
4787,ae9b1658-03c6-4d1d-aed1-f870eb58ac4e,Visit,06:50.3,Tablet,West,Paid,0,Yes,
4788,cb5cb83c-a838-403c-a880-2ae2eeb3b9b5,View Product,57:06.5,Tablet,West,Organic,0,Yes,
4789,a46b0af6-34f8-4984-bc10-5f50ba20d875,Visit,25:29.6,Mobile,West,Paid,0,Yes,
4790,e1785a10-5590-4996-98da-503e2b5729a3,Visit,33:40.4,Desktop,East,Paid,0,Yes,
4791,37bc80d0-35e0-46d4-8596-9611cb781c9e,Visit,26:54.4,Tablet,South,Paid,0,Yes,
4792,56611812-7bbf-42f8-9e35-38f1c75cdb5e,Visit,52:36.9,Mobile,North,Paid,0,Yes,
4793,8da27def-5386-40a8-ae94-675bb14e42a2,Visit,38:25.9,Mobile,South,Organic,0,Yes,
4794,a67c0462-1c43-4d89-9f2e-454efe710fc7,Visit,15:09.3,Desktop,North,Referral,0,Yes,
4795,b6d5a7aa-b705-43f8-b15e-573a30bf4c61,Visit,52:31.0,Tablet,South,Paid,0,Yes,
4796,49bc16b7-10ff-4a60-a467-85a1b8fa5acd,View Product,50:03.1,Tablet,West,Referral,0,Yes,
4797,6b87a91c-c16a-4abf-adb0-fe4da1abb093,Visit,17:02.4,Mobile,North,Organic,0,Yes,
4798,0b7598f1-ca41-41aa-8608-70265e980e37,Visit,26:12.0,Desktop,South,Organic,0,Yes,
4799,c59035ee-8e6c-43c5-a7b7-ff28db6c57d9,Visit,47:26.3,Desktop,West,Organic,0,Yes,
4800,6e4dc248-01cc-4490-9380-9ed2c1a36aa0,Visit,11:26.7,Tablet,South,Referral,0,Yes,
4801,4b05c261-2e0f-4ad7-ae50-b00a4f8dc6b3,Visit,08:12.9,Mobile,North,Paid,0,Yes,
4802,c6934d0e-977c-48b2-843d-39357843bd0b,Visit,00:09.7,Mobile,West,Paid,0,Yes,
4803,e35b4312-e3d1-4e22-9c6d-5f991c542424,Visit,07:38.5,Tablet,South,Referral,0,Yes,
4804,31686f8b-5b85-4f6a-bdb5-27997e15ee13,Add to Cart,39:13.2,Mobile,East,Referral,0,Yes,
4805,db146e3e-af32-41ab-bb4c-03ccc72f264a,Visit,22:03.6,Tablet,North,Referral,0,Yes,
4806,d519796e-fc99-45ce-a27d-3a182d15adec,Visit,33:14.8,Mobile,North,Paid,0,Yes,
4807,04625a8f-f307-4051-87ec-4d2a9a8c9fab,Visit,08:58.9,Mobile,South,Organic,0,Yes,
4808,5eb0d7ef-c59b-4b2f-8f68-c0a9fd96d48c,View Product,22:29.8,Mobile,South,Organic,0,Yes,
4809,b5ca8a39-e981-4bd0-9f37-fda6747a3a80,Visit,42:55.0,Desktop,South,Organic,0,Yes,
4810,568665c3-84d8-443a-87fc-fce17d41e753,Visit,12:33.9,Tablet,West,Paid,0,Yes,
4811,c490b1a1-7734-463a-944d-f4c6a9fa05a0,Visit,29:15.0,Desktop,East,Referral,0,Yes,
4812,0c9a9f15-111d-4739-9703-16d09fddf5be,Visit,25:12.6,Desktop,South,Referral,0,Yes,
4813,09dbbcbe-283b-4f5c-b842-928bf28d7233,Visit,53:28.8,Tablet,West,Referral,0,Yes,
4814,b54fac19-272c-40d1-b2b7-d1f1964d714f,View Product,27:33.1,Tablet,East,Referral,0,Yes,
4815,8ac98fa3-ccc6-4c2b-ad6b-cefef564b4ef,Visit,30:52.8,Desktop,North,Organic,0,Yes,
4816,64bafe6d-44f2-451a-9e17-67ff8517a085,Visit,43:29.0,Desktop,North,Referral,0,Yes,
4817,6e602fbd-6540-4ae8-b942-80af644985ae,Visit,14:07.6,Desktop,East,Paid,0,Yes,
4818,796e0a19-347c-4439-952c-55d41d68b54f,Visit,13:31.7,Desktop,North,Referral,0,Yes,
4819,672de11f-da4d-4bbe-b7f2-e84248932a94,Visit,49:25.1,Tablet,South,Paid,0,Yes,
4820,1490a6fd-5748-4e33-92b6-5fd93966bdd7,Visit,08:37.9,Tablet,West,Organic,0,Yes,
4821,07c53ec6-2b48-42b2-9e2a-5da0ed03673e,Visit,55:07.8,Tablet,East,Referral,0,Yes,
4822,241f6297-6223-4038-949b-e6fb8a8eebb0,View Product,56:33.9,Mobile,East,Referral,0,Yes,
4823,01ace9de-92eb-433a-ac26-b4c9113d3954,Visit,20:55.9,Mobile,South,Organic,0,Yes,
4824,6dff0d8d-8000-41d5-9afe-d74e5dd42d47,Visit,27:53.3,Desktop,East,Paid,0,Yes,
4825,ddbb2656-ed6a-49aa-8688-b7696f61082b,Visit,07:51.8,Desktop,West,Referral,0,Yes,
4826,31d576fa-cc1f-4c06-adac-3e3ede6761f1,View Product,31:03.5,Desktop,East,Organic,0,Yes,
4827,e593625b-5539-445a-8672-b28f8885455b,Visit,50:06.0,Mobile,West,Referral,0,Yes,
4828,8a2092ae-2890-460c-a8c6-d7c57fc09d88,Visit,08:54.5,Mobile,South,Referral,0,Yes,
4829,ce9643f7-9808-4e12-a1a5-d280b79a8bce,Visit,27:07.7,Mobile,North,Paid,0,Yes,
4830,f39e635d-6016-4775-9d0a-cf7b923a8a84,Visit,43:44.4,Mobile,South,Organic,0,Yes,
4831,fd5b33b1-bb5e-48ad-86b3-6596d7637b73,Visit,39:54.8,Tablet,West,Referral,0,Yes,
4832,332c15a3-9842-4a96-bde8-4b955353f9c2,Add to Cart,29:08.0,Mobile,North,Paid,0,Yes,
4833,ad211bd5-2253-487f-b502-937818a6e66b,Visit,01:43.6,Mobile,East,Referral,0,Yes,
4834,2e1ed18c-ccef-4767-96f6-b0eba953c0e0,Visit,10:51.8,Desktop,East,Organic,0,Yes,
4835,12dd5ecd-2507-4425-9878-bf198587c3cd,Visit,30:58.3,Desktop,North,Paid,0,Yes,
4836,b0b73a34-774d-44a8-8431-1c865b23a9cb,Visit,17:20.0,Tablet,North,Organic,0,Yes,
4837,bd322234-0ba9-40f7-8f5a-1b44a7596200,Visit,15:07.4,Mobile,North,Organic,0,Yes,
4838,59897043-fe7f-465c-ae48-f602dc2551d8,Visit,54:09.9,Mobile,South,Organic,0,Yes,
4839,d7d3193f-3691-4219-be8c-7e705dcfbdea,Visit,37:04.1,Mobile,East,Organic,0,Yes,
4840,c031e490-a4bc-4816-90ef-bf850ce77cbb,Visit,40:49.4,Tablet,East,Organic,0,Yes,
4841,6058a208-1ac5-45f8-b625-026b49f74ad3,Visit,38:43.5,Desktop,North,Paid,0,Yes,
4842,522d51e5-bc1b-4969-9918-fbbe73a7337d,View Product,31:10.3,Mobile,West,Paid,0,Yes,
4843,1b6c121a-31d9-43b6-804b-57be37e05400,Visit,03:30.0,Mobile,East,Referral,0,Yes,
4844,61527259-89ec-4e56-8e9f-4e9e44aae03c,Visit,09:39.2,Mobile,East,Paid,0,Yes,
4845,b7245819-960d-4852-b2e7-d235d3346a31,Visit,26:43.2,Mobile,East,Organic,0,Yes,
4846,9dd400e9-09f2-4dd3-995b-9fa4779a0406,Visit,27:38.6,Desktop,East,Paid,0,Yes,
4847,6b66bb43-16fa-410f-8759-ce6e7e1e1e0d,View Product,17:00.2,Desktop,North,Organic,0,Yes,
4848,c4613dfd-f001-4e75-a17b-643995ace3c0,Visit,50:13.8,Mobile,South,Referral,0,Yes,
4849,152a3a37-a66a-43d4-b54a-6b0a66739dac,Visit,33:17.8,Desktop,West,Referral,0,Yes,
4850,b68a80b3-283e-40f2-a19a-d772f7509636,Visit,45:13.6,Mobile,North,Organic,0,Yes,
4851,f6ecc4f4-ff1c-4eb9-b8ba-69fdea90d80e,View Product,05:47.1,Tablet,East,Organic,0,Yes,
4852,a94e3099-69a8-4338-b949-5e647260e57d,Visit,12:25.7,Tablet,West,Organic,0,Yes,
4853,d85234b2-a439-4462-89b7-5a25a82c966b,Visit,15:47.0,Tablet,East,Organic,0,Yes,
4854,6bd0c0d7-8143-4d82-9da3-9065b1b65602,Visit,26:30.8,Tablet,North,Referral,0,Yes,
4855,332a327f-c78a-472f-8608-ececd13cbb23,Visit,10:09.9,Desktop,South,Organic,0,Yes,
4856,528c4fd4-198c-4c05-ba4a-008d3038e3e8,Visit,52:23.5,Mobile,East,Referral,0,Yes,
4857,127ade8e-fa7a-4203-8543-e70c1ab37190,Purchase,30:44.6,Mobile,North,Organic,1351,No,No
4858,328e1562-cbc0-4378-b071-9ed143e5867e,Visit,11:50.4,Desktop,North,Referral,0,Yes,
4859,c6addd95-ee79-432c-8cc0-4642cdd7cf10,Visit,36:32.7,Mobile,East,Organic,0,Yes,
4860,087c0b4a-0590-4dd4-8290-6a8609b84d8b,Visit,10:39.0,Tablet,East,Paid,0,Yes,
4861,1e05f8f2-090c-4844-aaa1-5f268ef762e2,Visit,55:54.3,Desktop,North,Referral,0,Yes,
4862,401acb57-204c-4a9c-b58b-3ee6cd3edb81,Visit,05:40.5,Tablet,East,Paid,0,Yes,
4863,1b0a68b7-9fc4-44c4-bdc9-bf8b2d5be663,Visit,19:35.8,Tablet,West,Paid,0,Yes,
4864,e76a8f7e-5780-4158-ae59-bc39fe5cd80f,Visit,15:15.5,Tablet,South,Referral,0,Yes,
4865,54aa68db-86b4-4106-894d-b47cbbd3ec4f,Visit,54:58.6,Mobile,North,Paid,0,Yes,
4866,2f58eba7-4c6b-404c-b0d8-1b975be9c4aa,Visit,19:28.6,Mobile,South,Referral,0,Yes,
4867,c71b4f6e-cc23-48b6-a1e2-b74219452467,Visit,51:36.4,Desktop,North,Organic,0,Yes,
4868,41e88746-e550-4a95-8ca0-118a23882a80,Visit,38:47.7,Tablet,North,Referral,0,Yes,
4869,54755847-173a-47a2-bfc6-f286f6d48ade,Visit,53:27.0,Desktop,North,Organic,0,Yes,
4870,a3de558d-9354-466e-92bc-c06516fa8526,Visit,51:43.5,Desktop,North,Paid,0,Yes,
4871,7c6a8c30-d0e6-4a83-b13e-2abaec8a768d,Visit,04:24.5,Desktop,North,Paid,0,Yes,
4872,595c5950-e82d-4b35-b741-c27dbf27b71a,Visit,38:37.2,Desktop,North,Paid,0,Yes,
4873,7a2572a4-d1d9-40d6-93a2-75d381a6c677,Visit,50:32.7,Desktop,West,Referral,0,Yes,
4874,e9e6d8d5-6811-4102-a17e-4f8087475d13,Visit,58:35.3,Mobile,East,Organic,0,Yes,
4875,42fd8e57-a5bb-45d3-942b-b4b6e887d9b1,Visit,50:19.4,Desktop,West,Referral,0,Yes,
4876,e8f64bcf-96e6-4982-930b-36997ee53cc2,Visit,09:24.7,Tablet,East,Referral,0,Yes,
4877,2d2cae27-7d47-4645-9d20-77ec04ba2d0c,Visit,47:03.4,Tablet,North,Organic,0,Yes,
4878,de6f6f3d-6c35-45f1-bf43-ba2a32ab46e7,Visit,05:26.7,Desktop,West,Organic,0,Yes,
4879,c90b4c02-13f0-4a73-9f4a-d5a9e12d409c,Visit,36:14.9,Desktop,East,Referral,0,Yes,
4880,4eac6bff-8465-47e9-b7d7-507a0b7fef7f,Visit,52:49.7,Desktop,South,Organic,0,Yes,
4881,fdfa622a-a58b-4ec9-ba4c-3e9e3af56d45,Purchase,01:16.0,Mobile,North,Referral,1876,No,No
4882,8a2ad518-b066-43a9-9efc-1c0b3b7550d7,View Product,46:16.0,Mobile,West,Paid,0,Yes,
4883,d9173cfb-be6a-4cb6-849b-1dfb030ad8ed,Visit,14:42.2,Tablet,North,Referral,0,Yes,
4884,77670b80-a33f-4edc-9d64-a15c5e03ba8d,Visit,34:22.4,Mobile,South,Paid,0,Yes,
4885,9964e9aa-0fc8-431b-9da4-90d0c539aaef,Visit,41:35.0,Tablet,West,Organic,0,Yes,
4886,3cf76919-1cbe-4d02-b861-e57d6c254325,Visit,13:48.3,Tablet,East,Referral,0,Yes,
4887,736cda0d-511d-4fd7-8628-14e927c63b43,View Product,05:55.3,Desktop,South,Organic,0,Yes,
4888,f3e6861d-4f7f-47f1-9185-55f5787935cf,Visit,01:40.8,Mobile,South,Referral,0,Yes,
4889,26329272-ac43-44f7-9da3-cc7712ae1a06,Visit,51:45.7,Tablet,East,Referral,0,Yes,
4890,15616947-f9fc-4d69-9682-912c831133d4,Visit,12:51.2,Mobile,South,Referral,0,Yes,
4891,f4150d55-ffe8-4e23-b8de-09e442d6c81f,View Product,31:25.6,Mobile,West,Organic,0,Yes,
4892,e49c1c0e-c734-465b-bc9e-6e25670c5b66,Visit,03:03.4,Tablet,West,Paid,0,Yes,
4893,8dd9bdd9-40ae-4668-8692-d9b44015e041,Visit,57:22.8,Desktop,East,Referral,0,Yes,
4894,6786537e-5bf6-4864-b62a-0d15a328c098,Visit,25:49.6,Desktop,South,Paid,0,Yes,
4895,d20fa77c-eadb-4bf9-b006-b9038225d86f,Visit,55:34.8,Desktop,East,Referral,0,Yes,
4896,ec501564-8353-4a19-bae8-0cf9e6f39c86,Visit,38:35.7,Desktop,South,Referral,0,Yes,
4897,1e6123d6-b910-49b0-a1ad-b7f474ed7bb6,Visit,07:35.9,Tablet,South,Organic,0,Yes,
4898,734fdc11-f865-4cf2-9d2f-4af76cb6690d,Visit,06:36.3,Desktop,East,Organic,0,Yes,
4899,09790341-a88f-40d6-95b8-3c354512fd75,Visit,37:31.6,Mobile,North,Paid,0,Yes,
4900,37dd93f9-066f-49ef-8153-8d7d72b9383f,Visit,26:06.0,Desktop,East,Paid,0,Yes,
4901,bee7786e-9844-4cda-b4fa-ea39e1a67f09,Visit,55:30.4,Tablet,West,Paid,0,Yes,
4902,3bce917b-f3fb-4e4c-af4b-bf3e57eb1ece,Visit,19:04.7,Mobile,West,Organic,0,Yes,
4903,55309ac7-1985-4c1c-a950-a219bf074bcc,Visit,43:23.4,Tablet,North,Referral,0,Yes,
4904,d05edaa0-a328-4096-a36a-f47444e18249,Visit,01:18.5,Desktop,East,Paid,0,Yes,
4905,3f2a9b3a-9d06-4cf0-a699-47b282026abc,Visit,59:02.1,Desktop,East,Organic,0,Yes,
4906,4eb70fba-ee4b-4a7b-a36a-f9a453677baf,Visit,52:53.2,Desktop,West,Organic,0,Yes,
4907,34de37f6-2eec-4f4a-a88f-cea4710580be,View Product,57:02.9,Tablet,East,Organic,0,Yes,
4908,04ba0329-75c1-40eb-bb4b-0525105149a4,Visit,36:46.4,Desktop,West,Paid,0,Yes,
4909,562d3c89-6409-4fdc-848c-c36aa7509927,Visit,41:40.0,Desktop,East,Referral,0,Yes,
4910,827653b0-1955-420f-8673-bdd67f81a587,View Product,26:34.7,Tablet,South,Paid,0,Yes,
4911,fdf6f2f8-4deb-475c-bce4-51d14862510b,View Product,07:14.6,Desktop,North,Paid,0,Yes,
4912,9c80ff5a-e441-4e14-927e-d2fda6ae6b0d,Visit,00:24.3,Desktop,West,Paid,0,Yes,
4913,b5348abc-2fe8-4677-89e8-af56865265dd,View Product,27:38.5,Mobile,East,Organic,0,Yes,
4914,2d10838c-d265-45da-850c-ebb7b78a34b6,Visit,06:07.3,Mobile,North,Paid,0,Yes,
4915,8e3649e8-db6d-42b5-9015-e0635e841fe6,View Product,29:52.7,Desktop,East,Referral,0,Yes,
4916,9be91a5c-d9dc-4c08-90c6-1ef276466de3,Visit,04:01.6,Mobile,East,Organic,0,Yes,
4917,65e59ebf-73eb-4897-a129-a8ecc3ad881d,Visit,09:25.0,Tablet,West,Paid,0,Yes,
4918,c33d1198-1474-4825-9c3a-34ba07ac1a83,Visit,00:11.3,Tablet,South,Referral,0,Yes,
4919,d46ebeab-3b3f-441a-a836-feab32708f43,Visit,37:17.6,Mobile,West,Referral,0,Yes,
4920,22abb1b4-7408-4cb8-a659-88fc6b2bb5c3,Visit,51:31.4,Desktop,North,Paid,0,Yes,
4921,075dc87e-7636-4461-adf6-158d58fd705d,Visit,18:14.7,Mobile,West,Organic,0,Yes,
4922,1183f7e1-e88f-4392-9f52-f4d47f8fac69,Visit,34:24.5,Tablet,West,Organic,0,Yes,
4923,ff439f02-a8fd-4ca6-a342-5aa67f988700,Visit,12:47.6,Mobile,South,Referral,0,Yes,
4924,cfdaaee6-01bb-43e6-9e10-10191732535a,View Product,10:07.2,Mobile,West,Referral,0,Yes,
4925,e7dd46e7-344e-4cd7-8183-17c0cb70df63,Visit,02:40.7,Desktop,West,Referral,0,Yes,
4926,8de8b7a5-0d4f-487f-adf0-0f0a3655f8af,Visit,39:33.7,Desktop,East,Referral,0,Yes,
4927,18f08af5-766c-4ab6-8dae-374cf92aeab5,Visit,27:45.4,Tablet,North,Referral,0,Yes,
4928,e51dd5c9-6e6a-407c-8fd9-d54a7ef642c0,Visit,25:50.0,Tablet,East,Organic,0,Yes,
4929,70adbb55-3f4c-4b1f-8bc9-8e5308d25642,Visit,47:37.0,Desktop,North,Organic,0,Yes,
4930,176e06e3-270d-406d-81a9-483cb7c2e651,Visit,18:32.9,Tablet,North,Paid,0,Yes,
4931,7903146e-8ddf-4d87-8437-2ac45b5ffb8e,Visit,15:33.5,Tablet,North,Organic,0,Yes,
4932,75338a20-6eff-40b3-ad33-4688a259deba,Visit,18:44.8,Desktop,South,Paid,0,Yes,
4933,14a35df1-a090-4772-8f56-0fdb5b59a3a9,Visit,44:14.0,Desktop,North,Referral,0,Yes,
4934,399bafd7-7079-4133-a369-f4e604c3732f,Visit,18:52.4,Tablet,West,Referral,0,Yes,
4935,6f15d774-e927-41b4-96fc-c0bf19202f4a,Visit,29:26.7,Tablet,South,Paid,0,Yes,
4936,e96e87a8-7b4c-4fec-9930-ae2d2c3d884d,Visit,19:14.5,Tablet,West,Paid,0,Yes,
4937,56a5a981-c6c4-4da0-9ec9-b8bbd508824c,Visit,40:07.9,Mobile,South,Referral,0,Yes,
4938,ef220723-3130-4f87-8c02-61138552661f,Visit,05:35.2,Tablet,West,Paid,0,Yes,
4939,9b624089-7adf-48dd-80eb-b80ad5220245,Visit,30:29.0,Desktop,East,Paid,0,Yes,
4940,87015378-9d96-42e8-9384-5367b5297fe3,Visit,15:30.1,Mobile,North,Referral,0,Yes,
4941,fa581a7c-9db0-4712-abdb-c18cb59470a8,Visit,26:30.5,Tablet,South,Organic,0,Yes,
4942,243b5bcb-9e05-472f-bcdd-fb4ab9df0d58,Visit,52:26.5,Tablet,East,Referral,0,Yes,
4943,95b96f5c-9021-465d-86d6-1dd3b4a31715,Visit,03:33.8,Desktop,West,Organic,0,Yes,
4944,be4e56fc-913d-425f-a2be-f8d37c5dab7f,Visit,04:07.3,Tablet,West,Paid,0,Yes,
4945,8d937ef9-9e9d-45e9-878e-b4f681ef3b8d,Visit,17:39.2,Tablet,North,Referral,0,Yes,
4946,4fe0bd52-95f5-4c4d-8e92-99817dc92e79,View Product,16:11.9,Tablet,West,Paid,0,Yes,
4947,4c8c1256-ec2c-4d60-b570-392bd5002ddf,Visit,14:41.3,Mobile,North,Organic,0,Yes,
4948,1dd31c8b-00cb-4210-be2f-f1ce7aba5838,Visit,43:45.5,Mobile,West,Organic,0,Yes,
4949,b11949fd-39df-4853-8e5c-3850e6837447,Visit,24:19.6,Mobile,East,Referral,0,Yes,
4950,bfd5a1f8-b857-40a1-8273-698fc99ab134,Visit,37:00.4,Tablet,North,Organic,0,Yes,
4951,be4c76d7-ee53-4828-889e-14fb8ed5d00c,Visit,41:06.3,Desktop,East,Referral,0,Yes,
4952,1d2ad4a7-440b-46f8-86d7-61c544e5b977,View Product,55:19.3,Mobile,South,Paid,0,Yes,
4953,5c15bd7a-203c-4094-8eab-836371b32a6f,Visit,48:31.8,Mobile,West,Organic,0,Yes,
4954,1b65dc5d-6d1a-4528-a2f3-e7b4ab23e7c8,Visit,04:15.9,Tablet,North,Organic,0,Yes,
4955,a7c772f3-c567-4eb1-b638-24dc1d88c0ed,Visit,47:25.9,Mobile,North,Organic,0,Yes,
4956,7c16e41b-e4f7-40c6-a149-e80ab65c4ef1,Visit,48:14.9,Tablet,North,Paid,0,Yes,
4957,274e75d4-babe-4dcc-a38f-78c9abe88f31,Visit,06:55.5,Desktop,South,Referral,0,Yes,
4958,c50be7cd-6cb6-42ab-a1e8-7ee0f9aef08e,Visit,09:11.1,Desktop,South,Referral,0,Yes,
4959,d6e6a7b4-b9f8-4084-9a6a-5d50ac16ef8b,Visit,11:57.6,Tablet,South,Referral,0,Yes,
4960,7f988808-408a-43d8-9c95-3f6ea83f3e89,Visit,04:11.6,Desktop,North,Referral,0,Yes,
4961,a0599a0b-b1c0-45aa-8d7f-06c87ac167a1,Add to Cart,03:54.1,Mobile,East,Referral,0,Yes,
4962,1ec11de2-14a0-41d1-955b-461afbb6041f,Visit,53:33.4,Tablet,South,Referral,0,Yes,
4963,735f7be5-e16b-499c-ac8b-af76bf28ab1a,Visit,58:19.6,Tablet,South,Paid,0,Yes,
4964,1cd1ea19-8f56-43a9-9c99-2e526375fc73,Visit,44:55.4,Desktop,East,Organic,0,Yes,
4965,0e9325fb-2594-46d5-a089-1bcc6b0838eb,View Product,00:48.8,Desktop,West,Organic,0,Yes,
4966,f876ab7a-7eb6-4acb-8a92-5c8cb93acd79,Visit,01:38.3,Mobile,East,Paid,0,Yes,
4967,32d1a22c-6aa7-47ad-8393-c0f2a2b6a579,Visit,05:43.0,Tablet,North,Organic,0,Yes,
4968,782c9661-6a42-4bfa-b156-36ee8f531cdc,Visit,42:01.5,Desktop,West,Organic,0,Yes,
4969,5a9c65ac-c87f-4fc0-82fd-7edab4e0cc26,Visit,07:50.1,Desktop,West,Organic,0,Yes,
4970,d8460f1d-e0bb-433a-8a90-38ca0fe8d0e7,Visit,04:06.2,Tablet,South,Organic,0,Yes,
4971,fbf1d259-b984-41ec-a84e-051a074116c3,View Product,20:08.1,Mobile,West,Referral,0,Yes,
4972,3023eab9-92dd-46d1-8876-fbd987d62951,Visit,48:57.5,Tablet,North,Referral,0,Yes,
4973,e2721b73-aa71-4400-af3b-b805196f3569,Visit,45:09.5,Tablet,East,Organic,0,Yes,
4974,15d9cc0a-1d5f-4899-900d-bde84eb11461,View Product,29:46.5,Tablet,North,Organic,0,Yes,
4975,243843da-65ef-410f-9ffe-2d7a99f3974f,Visit,26:39.7,Desktop,West,Paid,0,Yes,
4976,f6ff11a6-5f58-4837-b97b-088aedb1e7e9,Visit,12:32.8,Mobile,South,Referral,0,Yes,
4977,0f22c6cb-3d73-465b-8a33-1eb60c691a3e,Add to Cart,16:17.9,Tablet,East,Organic,0,Yes,
4978,d837583b-ed7b-41b0-b84a-c2d58559e5b6,Visit,55:49.6,Mobile,North,Referral,0,Yes,
4979,fb0533af-2eab-4d7d-bb6d-00f22acc915e,Visit,26:58.1,Desktop,West,Organic,0,Yes,
4980,a4ee4c4b-a7ac-4f57-ae27-44b30813aedd,Visit,47:41.6,Mobile,West,Referral,0,Yes,
4981,d40367f8-a706-4845-940d-f6dcfef0d7c1,Visit,03:52.9,Tablet,North,Paid,0,Yes,
4982,00bc2ede-fd05-46b4-b830-da62decb61b3,Visit,25:32.5,Desktop,East,Paid,0,Yes,
4983,951404ab-461b-4672-8b16-560c8dc7f399,Visit,22:27.2,Desktop,West,Organic,0,Yes,
4984,33c79b0f-c43e-43c6-90db-1a7e4c826e02,Visit,36:47.8,Tablet,East,Organic,0,Yes,
4985,e7228025-9dee-4da4-8529-543478471320,Visit,19:59.5,Mobile,North,Paid,0,Yes,
4986,c4295d57-0c9d-42d8-96c1-19032ff96028,Visit,30:26.3,Tablet,East,Organic,0,Yes,
4987,02bae05f-c865-4f7d-bdec-f480c6217c28,Visit,13:52.2,Desktop,West,Organic,0,Yes,
4988,3d1b8c34-18fa-475f-92a3-b89c59f81d2f,Visit,28:45.6,Tablet,South,Paid,0,Yes,
4989,68b331c9-4ea8-41d7-9600-6b41d2483dd2,Visit,09:37.7,Mobile,West,Referral,0,Yes,
4990,7071c97d-7657-4123-85cf-22dfa553389f,Purchase,56:42.0,Tablet,North,Referral,1145,No,No
4991,d84d030a-bce6-43ad-ae9c-daf4bb70012d,Visit,34:17.4,Mobile,West,Referral,0,Yes,
4992,a06e63fa-5c92-4c9b-bec3-0700138bfb69,Visit,37:35.5,Desktop,North,Organic,0,Yes,
4993,e3a5f28a-4a09-49ff-ba8d-c778640eb81e,Visit,43:37.6,Tablet,East,Organic,0,Yes,
4994,dda472a8-c676-4c05-91f3-24c50b0e7c94,Visit,57:48.3,Desktop,West,Referral,0,Yes,
4995,7e2780d3-5c48-473d-8ac1-60364e9bd9ec,Visit,35:44.8,Tablet,East,Organic,0,Yes,
4996,54fc7249-a1c2-4162-86e6-cb3d267f3704,Visit,15:01.9,Tablet,South,Paid,0,Yes,
4997,2ac5e407-9241-400a-bad0-8ee6b20ada09,Visit,19:16.1,Mobile,East,Organic,0,Yes,
4998,100d1119-7533-4f64-a6ff-d94978650bdd,Visit,42:27.0,Mobile,East,Paid,0,Yes,
4999,893e1397-7193-4a46-a544-59ec909413b3,Visit,43:24.3,Mobile,West,Referral,0,Yes,
5000,0f26ff41-bde7-4e13-95a2-a5b77c7f55b2,Visit,22:23.3,Desktop,South,Paid,0,Yes,
5001,e65c922c-53b1-4530-b949-ec27b18dc771,View Product,12:35.5,Tablet,West,Organic,0,Yes,
5002,358dcaad-3eb6-4261-9383-48605ba9cc40,Visit,35:47.1,Mobile,West,Paid,0,Yes,
5003,e59bf1f1-bb7a-4dce-81d3-12b7ae037803,Visit,15:49.7,Mobile,North,Referral,0,Yes,
5004,e40a3d60-76f3-465c-a90e-4e1fe01e15b2,Visit,32:32.6,Tablet,East,Organic,0,Yes,
5005,a87e1d57-aec8-4e48-b7df-d556fb0fec96,Visit,16:15.5,Mobile,South,Paid,0,Yes,
5006,0c961246-7ace-4c54-8b5b-e665c762d015,View Product,38:51.4,Mobile,East,Organic,0,Yes,
5007,f28e33df-3ed1-4ef3-898a-47c37cf1c176,Visit,24:45.2,Mobile,West,Organic,0,Yes,
5008,bd5908de-2abe-4938-95af-22187f71872c,Visit,16:56.3,Tablet,North,Paid,0,Yes,
5009,c3aa44c6-8667-4e0d-a126-4b15908a7c68,Visit,53:50.3,Desktop,West,Paid,0,Yes,
5010,f4b47def-17af-4891-b2c7-732a8ea91a18,Visit,28:57.8,Tablet,West,Paid,0,Yes,
5011,b767c661-78b7-40e2-9ea4-ca44d6ad6de3,Visit,49:54.9,Mobile,East,Paid,0,Yes,
5012,ce8bd54f-efca-4704-95e9-48b9ee4f5a43,Visit,22:00.2,Desktop,North,Referral,0,Yes,
5013,fd71d91d-5bf3-4d60-aa11-19569f079169,View Product,07:40.2,Mobile,South,Referral,0,Yes,
5014,6a1e4ade-5b4d-4a1c-b921-fa4d64a8e15b,Visit,58:12.7,Desktop,North,Organic,0,Yes,
5015,5445aee9-814a-42d3-b5d8-baabd1fcc278,Visit,53:23.0,Mobile,East,Referral,0,Yes,
5016,24c184c2-329e-4765-8ddd-0e52ee1269bb,Visit,39:51.4,Tablet,East,Paid,0,Yes,
5017,0323f877-509b-46f0-9154-3d04a1b211d3,Visit,14:26.9,Desktop,North,Referral,0,Yes,
5018,e03a04db-ae7c-4a8b-a1d6-c6a86ea62ce9,Visit,08:38.3,Desktop,South,Organic,0,Yes,
5019,a142528f-4593-4fee-b456-426fc37608b1,View Product,03:40.2,Mobile,South,Paid,0,Yes,
5020,3cad5946-3ca4-4342-be2b-e3c972b9e561,Visit,01:49.8,Mobile,North,Referral,0,Yes,
5021,cfea01c8-ceb7-4020-b667-a11b3d447702,Visit,09:20.6,Mobile,North,Organic,0,Yes,
5022,4025c83e-8d93-44b8-b10a-1c17f6e49a62,Visit,02:13.7,Desktop,East,Referral,0,Yes,
5023,8aec9458-d514-4039-ac49-1caecc6cd8ff,View Product,05:43.9,Desktop,South,Referral,0,Yes,
5024,514a651f-c50c-4158-b772-4537ce12424b,Visit,10:11.5,Desktop,South,Organic,0,Yes,
5025,ff40a327-f406-4164-86c5-b923b13e3985,Visit,57:54.9,Tablet,West,Referral,0,Yes,
5026,7bf79ea8-9b4a-4c20-b6bc-591f6f2d6336,Visit,47:01.0,Tablet,East,Referral,0,Yes,
5027,43a6ee48-51c6-4b7d-a06d-2823d5e3924b,Visit,01:15.5,Desktop,North,Organic,0,Yes,
5028,04ae49f8-e032-47e5-a7bd-b1d495e2505a,Visit,36:36.2,Desktop,North,Organic,0,Yes,
5029,d6e1d6a7-81bd-4efe-9140-c926ac72ccd6,Visit,15:14.7,Mobile,West,Organic,0,Yes,
5030,699e72be-1348-45d5-b3a6-9bc02ce1e17a,Visit,25:51.8,Mobile,South,Organic,0,Yes,
5031,6eb30128-67df-45b0-9b3e-1f646b1c3d86,Visit,38:28.7,Mobile,East,Paid,0,Yes,
5032,75977170-e069-4a1c-b41f-51a5031ad621,Visit,28:17.7,Desktop,West,Organic,0,Yes,
5033,1337046a-2414-4860-93e7-8fb08a27be1f,Visit,34:20.3,Mobile,East,Organic,0,Yes,
5034,f9b00815-d758-4a75-811f-ec0269fab418,Visit,02:37.9,Tablet,East,Paid,0,Yes,
5035,7bc7b61e-ee10-4cec-b297-1e0e7bf69e42,Visit,38:14.7,Desktop,West,Organic,0,Yes,
5036,816e5256-c33d-4763-b3cf-825d59c53165,Visit,27:55.7,Desktop,West,Organic,0,Yes,
5037,5d35789d-f146-40ec-be23-c6c8332c4bf1,View Product,56:31.5,Mobile,East,Organic,0,Yes,
5038,ccce0660-e96f-4a4b-934f-0f262e216049,Visit,37:40.1,Tablet,South,Paid,0,Yes,
5039,5c2729d7-6b57-4e3f-aa32-4ea7c5982cda,View Product,25:48.7,Mobile,North,Paid,0,Yes,
5040,c8a32163-21fc-4d88-a555-79c67229347a,Visit,31:38.7,Mobile,North,Referral,0,Yes,
5041,3ade69f3-3d74-4497-b2b1-60bd6a1a5ac8,Visit,55:59.3,Desktop,West,Organic,0,Yes,
5042,0884dee4-bdee-48e5-853b-738b8b549609,Visit,19:26.3,Mobile,South,Paid,0,Yes,
5043,085fd67a-634b-48f2-a9c8-8174e20c303a,Visit,34:14.1,Tablet,West,Organic,0,Yes,
5044,a46bfb04-3ead-4edd-9c9c-764675677ee0,View Product,31:34.8,Tablet,East,Paid,0,Yes,
5045,08e52e73-8ada-473f-bd4c-83ab3a99e23a,Visit,24:47.7,Desktop,North,Organic,0,Yes,
5046,8c335f16-a3fd-4755-8572-5e5503ece0f6,Visit,59:37.8,Tablet,North,Referral,0,Yes,
5047,0151dd8f-60b7-40d1-bcfd-1988d48659ce,Visit,14:31.3,Desktop,West,Organic,0,Yes,
5048,5e478925-b6c7-4d4d-9e35-fdfff32d266e,Visit,09:59.8,Tablet,South,Referral,0,Yes,
5049,84637c17-ab86-4f9e-a5a0-87008041077e,Visit,51:49.3,Tablet,West,Referral,0,Yes,
5050,c75529ce-5dbe-4b1e-8b0e-bead711b0dd7,Visit,38:46.7,Mobile,East,Paid,0,Yes,
5051,1329df64-8ebd-4d5d-871a-d4e6c0fc2c16,Visit,40:40.8,Tablet,West,Organic,0,Yes,
5052,440329aa-4a10-42e2-bb57-76c23e9525c2,Visit,13:08.2,Desktop,East,Paid,0,Yes,
5053,0e005ece-e3b5-4d08-a4a3-acf25e9dec59,Visit,59:27.5,Mobile,North,Referral,0,Yes,
5054,b3225ecc-548f-4bde-98b5-e2fc99bd2e4a,Visit,34:14.7,Desktop,West,Referral,0,Yes,
5055,381bda21-701e-491a-8027-96019339deb8,View Product,36:15.2,Mobile,West,Organic,0,Yes,
5056,e57bf047-8536-4d2e-8f1a-20e695b682c1,Visit,57:16.5,Tablet,South,Organic,0,Yes,
5057,7851119b-4e3f-41af-ba7c-a5d1a883857e,Visit,40:22.8,Tablet,South,Organic,0,Yes,
5058,c91b7458-9d8b-4804-bc75-888803e06b3f,Visit,51:08.5,Mobile,North,Organic,0,Yes,
5059,c97a7a8f-fedb-4085-ab39-8bfe54aa34c8,Visit,12:09.8,Mobile,East,Paid,0,Yes,
5060,9596abac-f946-4b20-823e-1f6eb40d0433,View Product,17:27.7,Mobile,West,Paid,0,Yes,
5061,4a44745b-2f17-47ac-972c-bc8f895ead7e,Visit,15:57.3,Tablet,North,Organic,0,Yes,
5062,2545d661-b21e-474d-8fa4-76b116e27a9e,Visit,03:33.9,Mobile,West,Referral,0,Yes,
5063,a3696fd2-028a-4413-9c13-85d5eb8d125d,Visit,24:21.2,Desktop,West,Organic,0,Yes,
5064,35b289ac-01f5-4716-b244-fe5711a4f43c,Visit,40:10.9,Tablet,East,Paid,0,Yes,
5065,ff720e4e-88b7-40c2-89ff-385713a83e90,Visit,05:17.1,Desktop,East,Organic,0,Yes,
5066,37b22a34-d288-45d8-b546-d484b01ea1d3,View Product,48:54.0,Mobile,South,Paid,0,Yes,
5067,8cbde8ae-ba0d-47cc-89e9-358821a03a34,Visit,53:53.7,Mobile,South,Referral,0,Yes,
5068,2b8fc43b-f74a-4f94-b8f1-1f4c6c7a80c4,Visit,36:20.4,Tablet,North,Organic,0,Yes,
5069,0b78cd17-d4b0-4c0e-8123-c7d782942c30,Visit,25:15.4,Tablet,South,Paid,0,Yes,
5070,e325fab6-f055-4373-aacb-8b879f5ba929,Visit,13:52.4,Mobile,West,Paid,0,Yes,
5071,d04e0795-fade-4815-8373-737266d34f76,View Product,23:23.2,Desktop,South,Referral,0,Yes,
5072,9bb8cde5-725b-4313-bd3e-4590385adbce,View Product,04:29.2,Mobile,South,Organic,0,Yes,
5073,7dd37b74-145e-41f4-ade8-273d2d7d42cf,Visit,02:17.8,Tablet,West,Paid,0,Yes,
5074,5e9ea7d4-d6c6-4a3a-be40-f5ff04536e44,Visit,34:34.6,Mobile,East,Referral,0,Yes,
5075,3091c049-bfd6-4f37-b608-b2f06f09400f,Visit,36:54.9,Mobile,South,Organic,0,Yes,
5076,a85a8c0c-9c4b-4d59-9dc7-129b9768f684,View Product,42:46.0,Tablet,East,Paid,0,Yes,
5077,3f1c4752-3460-4eb8-88c7-e9dcee67de97,Visit,29:56.8,Tablet,South,Organic,0,Yes,
5078,2c2a622a-6c78-41eb-a807-94d8c68e184c,Visit,36:14.2,Desktop,West,Organic,0,Yes,
5079,4033fa52-a1e5-4f57-891c-70b7d5e5556a,Visit,06:21.4,Mobile,East,Paid,0,Yes,
5080,760ef281-10fa-4ffe-b748-f5fc993be2e1,Visit,59:53.4,Mobile,West,Organic,0,Yes,
5081,34cbfefe-41b9-430b-ac86-530bd880caf2,Visit,38:34.2,Mobile,South,Paid,0,Yes,
5082,f09a4219-ae30-4640-b674-15551362221a,Visit,55:58.9,Tablet,South,Referral,0,Yes,
5083,53d28750-24b3-4f18-856a-82784377c638,Visit,13:06.5,Mobile,East,Organic,0,Yes,
5084,8ef12b17-474f-4638-9a89-5a1ff3287597,Visit,51:35.1,Desktop,East,Referral,0,Yes,
5085,30dea76a-1a63-4b76-ac02-97773eae9d33,Visit,15:52.9,Tablet,North,Paid,0,Yes,
5086,d6f58429-32a8-4c6f-82fd-ecb0d7549c10,Visit,13:48.8,Mobile,North,Organic,0,Yes,
5087,0e1eba24-c20f-41b2-80a1-eee4aa9b9eea,Visit,10:48.0,Desktop,North,Paid,0,Yes,
5088,4afd546e-f063-427c-b711-5891dbe125b2,Visit,42:35.8,Desktop,West,Referral,0,Yes,
5089,bfa48b38-2eac-40fa-97bd-43b270d32e2b,Visit,48:22.5,Desktop,North,Paid,0,Yes,
5090,9206548f-3210-4740-a00b-1d5b5d59f5d8,Visit,49:38.9,Desktop,West,Referral,0,Yes,
5091,336a05c9-49c1-4306-adbc-d138ed0b87a5,Visit,20:31.4,Tablet,South,Paid,0,Yes,
5092,b51c7158-0743-4eed-aa62-e495a8d4d8b7,Visit,24:02.4,Mobile,West,Referral,0,Yes,
5093,b5c243ef-857e-4c83-bed0-739e788a5a43,Visit,55:24.0,Tablet,South,Paid,0,Yes,
5094,d330eca8-7163-47b1-8e55-3964254cc2a5,View Product,40:41.6,Mobile,South,Organic,0,Yes,
5095,bea6df53-ea63-4bdb-b25c-10b48ec969dc,Visit,28:21.9,Tablet,East,Paid,0,Yes,
5096,bb1406dc-259e-42c9-a1aa-ea5a9435cf89,Visit,51:58.9,Desktop,East,Referral,0,Yes,
5097,37dd0762-62c2-4d90-add0-2cb965b6ed39,Visit,33:49.1,Mobile,North,Paid,0,Yes,
5098,35e174e4-1274-48f4-8d74-f9a913f44a49,Visit,17:08.5,Tablet,South,Organic,0,Yes,
5099,383454cc-2226-4027-8a52-0f2a2425388e,Visit,10:32.9,Mobile,North,Paid,0,Yes,
5100,cb2f366a-92f9-40fc-8b21-f10b80c3ec63,Visit,50:25.1,Desktop,North,Paid,0,Yes,
5101,6bbc8217-90db-4cac-9ace-6ccfa1800b51,Visit,39:56.3,Mobile,East,Paid,0,Yes,
5102,07ae3716-dbf8-4c33-a4f4-e74234f60a00,View Product,20:01.2,Tablet,West,Organic,0,Yes,
5103,2304b5e5-b3ce-44c4-beb6-a6d3d5f7c702,Visit,11:18.8,Desktop,South,Organic,0,Yes,
5104,8454d645-bbab-4776-8e2c-e78d465285ee,Visit,26:34.0,Tablet,South,Organic,0,Yes,
5105,c0689aaa-54d5-47a9-9877-f7f57160cfd0,Visit,20:27.6,Mobile,North,Organic,0,Yes,
5106,70e1b5a4-a59f-4091-9fa2-6a489292bb94,Visit,08:41.0,Mobile,North,Referral,0,Yes,
5107,e1350acf-82fd-4bb4-9326-8d2adbbd9598,View Product,35:17.8,Desktop,West,Referral,0,Yes,
5108,1ad54ef9-99e8-4eb4-8c11-4cdb08d99c2d,Visit,36:49.7,Tablet,East,Organic,0,Yes,
5109,fc88319f-4a6e-4ff0-82ee-3864e80685bf,View Product,41:08.2,Desktop,East,Paid,0,Yes,
5110,ac0451f3-8eb4-4d9e-a652-53eb1cd0663b,Visit,49:18.8,Tablet,West,Paid,0,Yes,
5111,e24f8121-9584-4e96-bb4f-9b534d9d45b0,Visit,55:10.9,Tablet,West,Paid,0,Yes,
5112,dd0956c5-ef02-4877-a664-52198fdceba8,Visit,49:11.0,Mobile,East,Referral,0,Yes,
5113,f4070f88-4ad5-4dce-b0d5-9b74500edfdf,View Product,37:40.9,Desktop,West,Referral,0,Yes,
5114,c1747fc2-25f7-4acf-96dd-d088f952d0b3,Visit,09:13.1,Tablet,West,Organic,0,Yes,
5115,7b163121-a3be-4cef-a34f-e89d30191514,Visit,14:01.8,Desktop,North,Paid,0,Yes,
5116,804313db-4afe-41a9-a4fd-6578f3895c1a,Visit,31:26.8,Desktop,North,Organic,0,Yes,
5117,05537a1c-faab-4794-802c-52a212ff5e6f,Add to Cart,29:05.2,Mobile,North,Organic,0,Yes,
5118,c452451a-e712-4fe3-ac27-3f6e0b6ed4fe,Visit,45:40.3,Tablet,South,Organic,0,Yes,
5119,22e070aa-8760-46a1-a11b-bf6a4df8b8b3,Visit,32:44.8,Desktop,North,Referral,0,Yes,
5120,f934f65b-f533-4c43-99b5-9ec07e160dd6,Visit,21:44.5,Tablet,West,Paid,0,Yes,
5121,29d5b8aa-620b-4ff0-aa9c-6d310b411c53,Visit,22:43.0,Tablet,West,Paid,0,Yes,
5122,dcb0f654-d7dc-433f-9de3-785051f50aee,Visit,00:00.1,Desktop,West,Organic,0,Yes,
5123,d77febb3-3488-4ed0-be40-1dbb35fff235,Visit,02:29.8,Desktop,North,Paid,0,Yes,
5124,d86863ee-6c3d-4da4-b7b0-63dc60020aee,Visit,05:46.6,Mobile,East,Organic,0,Yes,
5125,c9bb3648-8fb8-4a9d-93dd-6d404bd7d7b1,Visit,43:30.4,Mobile,North,Referral,0,Yes,
5126,4e9f0a7a-bc88-4828-bfa8-f2297d9e8a11,Visit,38:45.8,Tablet,West,Paid,0,Yes,
5127,21b9f81c-0705-43e8-bc3b-7be18aacba28,Visit,39:12.3,Tablet,South,Referral,0,Yes,
5128,4f8a78bc-9f22-4e20-a255-72d5cf48223e,Visit,45:33.7,Tablet,East,Organic,0,Yes,
5129,5ecd6b79-c38d-4a4b-ad41-0554fa17e152,View Product,36:42.9,Mobile,West,Organic,0,Yes,
5130,f287795c-5352-4da1-b18f-27ee6c871e3d,Visit,32:03.9,Mobile,North,Organic,0,Yes,
5131,a3c7032c-e214-4443-8826-f9536c7d0660,Visit,43:49.7,Mobile,West,Organic,0,Yes,
5132,e91cacfb-e706-4445-9777-9cc9d4fdef13,Visit,14:39.5,Tablet,West,Organic,0,Yes,
5133,b6b3a1e1-febb-4b1b-9034-e30f7d832078,Visit,49:53.0,Tablet,South,Referral,0,Yes,
5134,33413af5-f0f2-4140-8a53-287966560d38,View Product,12:58.8,Tablet,South,Paid,0,Yes,
5135,fac3f0da-d337-421a-b341-935a253a9fdf,Add to Cart,24:30.4,Desktop,East,Paid,0,Yes,
5136,e903a6b7-d5a5-4fbf-88be-f38cdd997b43,Visit,36:02.1,Desktop,West,Organic,0,Yes,
5137,9ba2b9c7-a246-4bc3-a3aa-84ff2a845fb2,Visit,42:19.5,Tablet,South,Paid,0,Yes,
5138,7f3acd3d-ce7c-450b-860f-62d0b7051160,View Product,56:09.4,Tablet,West,Referral,0,Yes,
5139,e5a82734-9194-412a-86f3-7a925765ee30,Visit,26:11.2,Tablet,East,Referral,0,Yes,
5140,61a90d6d-4f90-4d5f-b4e8-08684e5fe676,Visit,20:57.1,Tablet,East,Paid,0,Yes,
5141,29455ada-ebb8-4422-98d2-bd1d4882f2b7,Visit,14:17.6,Desktop,North,Paid,0,Yes,
5142,b89e9427-91ef-4d42-bc1f-27da0f240775,Visit,35:27.4,Mobile,South,Organic,0,Yes,
5143,210b08bd-7b8c-4ebc-a9a6-0a002839347a,View Product,29:42.6,Desktop,East,Paid,0,Yes,
5144,6f9f64d6-41f7-45cd-b4a3-7eac6eeb3fda,View Product,32:00.0,Desktop,East,Referral,0,Yes,
5145,d6822035-255c-4c3e-9f9a-3cc137780e75,Visit,00:39.0,Mobile,East,Organic,0,Yes,
5146,05edb015-aa13-48a3-b5da-cbf76c35e4f0,Visit,35:50.3,Mobile,South,Referral,0,Yes,
5147,741c193c-7606-404a-9fdc-dfc54b691606,Visit,19:17.1,Tablet,West,Paid,0,Yes,
5148,3ba0a233-075b-42e2-a8bf-91278f83e426,Visit,13:25.3,Tablet,North,Referral,0,Yes,
5149,1e8ae24e-337f-43c8-85d6-5d4f3e603d2d,Visit,13:42.3,Desktop,West,Referral,0,Yes,
5150,ae52f262-7951-4017-a739-286592c0edbd,Visit,38:23.9,Tablet,West,Paid,0,Yes,
5151,6d928805-48f1-4a98-a331-4ec9bb59e245,Add to Cart,32:10.6,Mobile,West,Organic,0,Yes,
5152,3595a3b1-5657-4d19-a419-9fca9b26ef06,Visit,04:04.5,Desktop,West,Paid,0,Yes,
5153,3461943d-6573-4cb6-b60f-dbb5012a7a79,Visit,15:51.6,Desktop,South,Referral,0,Yes,
5154,3fcea3fc-8820-4c47-baa7-87c77606cb38,Visit,02:15.3,Mobile,West,Paid,0,Yes,
5155,48037c4c-2e8c-44bc-b79b-9f2131194c7f,View Product,17:56.3,Desktop,East,Organic,0,Yes,
5156,330fd493-7ea1-4f73-8873-4d88c3dc6812,Visit,45:34.3,Desktop,West,Paid,0,Yes,
5157,b9f4c2c5-652c-4b37-9d83-7bab9409e90a,Visit,22:38.7,Mobile,West,Referral,0,Yes,
5158,b4e0e6ce-7e34-4f99-b064-2a6112fb4a3b,View Product,23:30.4,Mobile,South,Paid,0,Yes,
5159,f63c433e-19a6-422c-8426-44fc862fb519,Visit,13:06.1,Mobile,South,Referral,0,Yes,
5160,6589ef7f-b434-49f0-9b95-cedcd4e63b81,View Product,59:24.2,Mobile,West,Organic,0,Yes,
5161,fccbd721-cb34-4aa6-9437-47ef581d100b,View Product,14:37.6,Tablet,South,Referral,0,Yes,
5162,63beb6a6-2d30-4837-a5b4-d4bc341800f5,Visit,50:12.4,Mobile,South,Referral,0,Yes,
5163,e595d253-70b8-4820-aba4-058a866dccb4,View Product,07:26.3,Tablet,North,Paid,0,Yes,
5164,725a3b07-e749-4262-b3bf-cd1dfe82609a,Visit,41:15.0,Tablet,West,Paid,0,Yes,
5165,1a148576-54f3-46ab-810c-841ee9119640,Visit,19:57.1,Tablet,North,Referral,0,Yes,
5166,14ca185b-fb1e-4601-bbf7-2a70d99b128a,Visit,04:18.1,Desktop,West,Paid,0,Yes,
5167,11c884a8-96f6-4fba-8a5c-3e2771c4f75d,Visit,33:43.8,Tablet,South,Paid,0,Yes,
5168,46553294-4a51-4040-b5e0-5f78d5e47e17,Visit,38:42.8,Mobile,West,Referral,0,Yes,
5169,37e26c8b-f482-4ab4-b8ae-6a5abd53491a,Visit,56:03.2,Desktop,East,Organic,0,Yes,
5170,a67a67d0-ffee-4be2-b336-0574d743bd6e,Visit,56:22.0,Tablet,South,Paid,0,Yes,
5171,6cf597c2-6c68-479e-9cd6-d6e73cbc3f54,Visit,46:22.8,Tablet,South,Organic,0,Yes,
5172,a1e0a4d4-ab08-4f8b-a709-3154d2b00fb0,View Product,49:34.9,Desktop,South,Organic,0,Yes,
5173,03e8734e-8165-4997-bcaa-00a57a0d1f06,Visit,27:42.3,Tablet,South,Paid,0,Yes,
5174,6996f339-7e6b-4adb-81dc-3c9281667420,Visit,53:20.3,Mobile,North,Paid,0,Yes,
5175,ba2ea6ff-de74-40f1-96d9-ed3593fa68bc,View Product,53:06.4,Mobile,South,Organic,0,Yes,
5176,a31d555b-cc84-4497-9eda-4fa06bf8ac4b,Visit,22:22.7,Mobile,East,Referral,0,Yes,
5177,f27dd4d2-2d4e-4244-a4cc-93841fcbb676,Visit,29:06.6,Mobile,North,Referral,0,Yes,
5178,f3865c3f-f58d-49d4-8911-4bfa553cb1a3,Visit,53:50.0,Tablet,North,Paid,0,Yes,
5179,102d358f-2b26-4534-bf83-29cdbe275ad0,Visit,45:57.1,Mobile,East,Organic,0,Yes,
5180,b90278e1-4fc0-4b34-afb7-a2789a04cc29,Visit,18:15.9,Mobile,North,Paid,0,Yes,
5181,85575d7d-842d-45b7-8bac-2b64f85ebac8,Visit,49:41.0,Tablet,East,Referral,0,Yes,
5182,fdc70155-3e8f-494b-b4cc-e0b9a5b14c8d,Visit,54:42.4,Mobile,East,Organic,0,Yes,
5183,bf35e68f-1efb-47cd-a368-8aed86a7c2bf,Visit,51:30.4,Desktop,East,Paid,0,Yes,
5184,bee92f96-7a87-4d87-b96b-34d4280db915,Visit,35:43.5,Tablet,East,Referral,0,Yes,
5185,e3659423-1ff0-4b21-845c-e167eeda3258,Visit,43:44.8,Mobile,East,Paid,0,Yes,
5186,fb379be2-9f22-49cc-a650-5546ac28612f,Visit,14:00.0,Tablet,North,Referral,0,Yes,
5187,2cf370c9-93f2-41c2-adab-9a67e31490a7,Visit,41:53.8,Desktop,West,Organic,0,Yes,
5188,ad77a525-6f48-4eb1-9cb9-67113ad55149,Visit,23:56.3,Desktop,East,Paid,0,Yes,
5189,c7071bc5-fad5-4873-938c-de79bac71b4f,Visit,29:39.4,Mobile,East,Paid,0,Yes,
5190,739c4b41-37f2-4ee2-8532-48e2d8939266,Visit,51:37.7,Mobile,North,Referral,0,Yes,
5191,c1940e6b-b333-44b1-854f-5d28325c0cc7,Visit,20:29.9,Mobile,East,Paid,0,Yes,
5192,9910d532-f91b-4028-a3b2-98916fb59820,Visit,40:53.5,Tablet,West,Referral,0,Yes,
5193,66446a8f-00d5-4851-91cc-ba8496d7c455,Visit,12:47.5,Tablet,East,Referral,0,Yes,
5194,8843c40d-a4dd-48e0-90ba-e8174175546c,Visit,31:58.6,Mobile,East,Organic,0,Yes,
5195,960a8717-2b08-437a-8d1e-d149dd3a036e,Visit,14:53.2,Mobile,South,Organic,0,Yes,
5196,7462bd97-fd29-4f73-aba5-856a7961832f,View Product,51:58.5,Tablet,East,Referral,0,Yes,
5197,1e236bb5-722a-40b4-9801-64e25f1c74a7,Visit,03:24.8,Mobile,North,Paid,0,Yes,
5198,2dad45d7-abbd-4c89-b037-7d443c996e27,Visit,58:37.0,Mobile,North,Referral,0,Yes,
5199,5d655191-5fcb-4e55-98e5-b633e5dc880d,View Product,33:45.4,Desktop,West,Organic,0,Yes,
5200,81e48ea1-f52a-434f-840c-962fafd58b3c,Visit,35:59.2,Mobile,East,Paid,0,Yes,
5201,2e89fad3-fa54-45a9-8fe6-e02e0cf2a3b0,Visit,26:49.4,Tablet,South,Organic,0,Yes,
5202,b59f5cbf-6a1a-4190-95ce-0dfe919d40a6,Visit,07:57.2,Desktop,East,Organic,0,Yes,
5203,74196d32-f6a3-4632-9e13-e9c412451eda,Visit,20:42.3,Tablet,South,Paid,0,Yes,
5204,7ce48699-e4fd-4e46-8aa5-bd873e3faa23,Visit,59:36.8,Tablet,North,Paid,0,Yes,
5205,8dbd5727-f900-4ee6-b0ea-23b9a2a42427,Visit,07:56.3,Tablet,South,Referral,0,Yes,
5206,2a7ede9f-512f-4174-b996-d897766af82c,Visit,37:03.1,Mobile,South,Organic,0,Yes,
5207,818a0a41-74dc-4e9f-810d-db45928db4a4,Visit,51:26.9,Desktop,East,Referral,0,Yes,
5208,a35c40ff-bff3-4b53-8c9c-fef0c159526c,View Product,02:58.2,Desktop,East,Referral,0,Yes,
5209,5e4cf43d-f940-4ebe-920f-14496465683f,Visit,53:35.6,Desktop,North,Paid,0,Yes,
5210,39d790b4-c910-4a6f-8710-7df60f7a4598,Visit,02:50.8,Tablet,West,Organic,0,Yes,
5211,071963ae-d295-4b99-93ee-95399364ea2e,Visit,36:49.6,Mobile,East,Organic,0,Yes,
5212,c4198c37-69e7-4603-944b-08fd353c3ecc,Visit,38:36.3,Tablet,South,Paid,0,Yes,
5213,69ee3d9b-2cda-4c15-b02e-205b9841d73c,Visit,19:17.6,Mobile,North,Organic,0,Yes,
5214,d5e17032-b371-40b9-9b90-ea8b9fa38248,View Product,02:08.1,Mobile,North,Paid,0,Yes,
5215,00399d69-551b-481b-b94c-8a36bef307cb,Visit,52:01.7,Mobile,West,Referral,0,Yes,
5216,796839a9-7373-4d01-a6f9-c112f496d412,Visit,07:55.7,Desktop,North,Paid,0,Yes,
5217,16dc9aa3-f086-44a1-97b5-fc243ad1bb79,Visit,26:46.8,Tablet,North,Organic,0,Yes,
5218,a3bc5a65-aacf-4e1d-a4df-dcaa6ab41c67,Visit,48:30.6,Tablet,East,Paid,0,Yes,
5219,8ed34b0f-ca6f-4041-927a-f222006d057a,Visit,15:24.6,Mobile,North,Referral,0,Yes,
5220,20db92f6-a491-4b6c-9482-028a70669b39,Visit,14:52.1,Mobile,North,Referral,0,Yes,
5221,0c48249e-5f06-4327-b3f6-20d8cb4ea9f0,Visit,42:26.7,Tablet,West,Referral,0,Yes,
5222,9a49470b-a98e-4481-bd48-93ee9c3e5b3b,Visit,31:14.1,Desktop,North,Paid,0,Yes,
5223,f1ba70ea-3f43-4ba3-a174-ab7cd9785cb8,Visit,06:30.2,Desktop,South,Referral,0,Yes,
5224,2acc3921-eb4d-4b3e-bcf5-8d37eb165e48,Visit,40:25.8,Mobile,West,Referral,0,Yes,
5225,389286d7-42cb-42a1-861b-4381e7170bca,Visit,27:55.0,Desktop,North,Organic,0,Yes,
5226,1afbcc56-fe1b-4d42-9ca6-092e36da8a1d,Visit,05:37.4,Desktop,East,Paid,0,Yes,
5227,e995fb4c-e703-45f2-a052-96e25df4dc32,Visit,31:25.6,Mobile,East,Referral,0,Yes,
5228,a4037441-638d-48bf-8bbc-c264976b9a25,Visit,02:44.7,Tablet,East,Referral,0,Yes,
5229,deca2795-2580-4cfd-85a9-096ef6d6b8d5,Visit,54:44.6,Mobile,East,Referral,0,Yes,
5230,e64e216b-bf67-4048-843f-dc64efab50ff,Visit,30:59.2,Mobile,North,Paid,0,Yes,
5231,9b983c7d-66ec-4e1c-b1d8-500f48283f4a,Visit,30:52.1,Desktop,North,Referral,0,Yes,
5232,eea78a84-a5c6-4a0a-9ff6-b2de8b8273f9,Visit,32:00.1,Desktop,West,Referral,0,Yes,
5233,beb5df12-1299-4d9f-89e4-fe9542b544a1,Visit,05:04.7,Tablet,West,Organic,0,Yes,
5234,02f7f6c0-659c-4656-9ba0-1a62185ea05b,Visit,46:10.4,Mobile,West,Organic,0,Yes,
5235,b3197b31-ec6f-4788-8b63-2905717b8ad8,Visit,12:45.3,Desktop,North,Organic,0,Yes,
5236,51a4f7d3-f3a1-4143-a68d-1007872bd909,Visit,43:58.0,Desktop,South,Paid,0,Yes,
5237,c201225a-0e8f-420d-ae2b-cd37218fbb68,Visit,35:27.6,Desktop,North,Paid,0,Yes,
5238,257751c0-0055-4c9f-a7ec-b440a58e2a79,Visit,16:41.7,Desktop,East,Organic,0,Yes,
5239,81158977-dd1a-4982-8002-8d97c683b87b,Visit,45:08.6,Desktop,East,Paid,0,Yes,
5240,30166735-e04e-4f39-8287-db5c9841168c,View Product,37:52.1,Tablet,North,Referral,0,Yes,
5241,5a25ae70-1d3b-412d-b0e3-9fc28a798f94,Visit,12:41.0,Desktop,East,Organic,0,Yes,
5242,8364af9a-0fad-4ff2-9cc6-de02e8f98d30,Visit,31:44.0,Mobile,North,Paid,0,Yes,
5243,7cca976f-0fb1-4842-b51c-63cf7540eec4,Visit,05:30.7,Mobile,East,Organic,0,Yes,
5244,76a8fe96-8064-4a13-9016-dfee4b315f5e,View Product,06:01.2,Desktop,East,Paid,0,Yes,
5245,cc8120d3-39cf-499c-812b-9d84ad4928c9,Visit,47:20.1,Mobile,West,Paid,0,Yes,
5246,5f647d79-cd26-4328-bc25-ee3397a39458,Visit,30:32.0,Tablet,North,Referral,0,Yes,
5247,55d0ab76-112c-4a5a-b64c-dddbbed3e243,Visit,25:31.0,Tablet,East,Paid,0,Yes,
5248,dcfe6a21-b69e-40be-8877-64ee2b7f5366,Visit,17:12.1,Tablet,West,Organic,0,Yes,
5249,6cb08ae6-5cfd-4add-b803-3bc833f8c96f,Visit,15:21.2,Tablet,North,Organic,0,Yes,
5250,5991c4e0-8e11-4acb-9c90-56c4c0a1938e,Visit,44:30.8,Tablet,East,Paid,0,Yes,
5251,572f3e74-6f2b-47be-8694-adea15b661a4,Visit,46:42.6,Mobile,North,Organic,0,Yes,
5252,462037a0-64e8-4b94-acd6-6e8398f2a29e,Visit,14:25.5,Desktop,East,Organic,0,Yes,
5253,b7736c31-906a-47c2-88ec-80641271ba64,Visit,18:35.5,Desktop,North,Referral,0,Yes,
5254,c0fe0142-6f11-4805-ac16-e870ea0d223a,Visit,17:13.1,Tablet,South,Referral,0,Yes,
5255,3d41f2fd-763a-4623-ad7a-abc5ecb3b5ee,Visit,22:58.2,Tablet,West,Paid,0,Yes,
5256,14f48ef4-af61-4b38-a0d0-5495595dcce5,Visit,02:25.4,Tablet,East,Referral,0,Yes,
5257,10284918-db4f-4ef3-9926-d6e63a801687,Visit,36:28.9,Mobile,West,Organic,0,Yes,
5258,9ebdeb56-9a50-4eda-b8c2-0a9f3ead487f,Visit,27:54.1,Mobile,West,Paid,0,Yes,
5259,1fbbd4f5-0645-4572-b32f-0262f8f2daba,Visit,00:36.7,Mobile,South,Referral,0,Yes,
5260,30906cca-67ef-4503-9d8a-1d2dde4984ad,Visit,25:14.4,Mobile,West,Paid,0,Yes,
5261,894a95b0-cad1-4125-91e0-d435d7d0fd39,View Product,00:08.7,Desktop,North,Organic,0,Yes,
5262,bf8ded77-336c-427b-8962-5ebf465459ea,Visit,57:12.0,Mobile,South,Referral,0,Yes,
5263,5a08f2f8-b52d-43e9-b53e-d977edb506d0,Visit,44:37.0,Tablet,West,Paid,0,Yes,
5264,313a3828-8d85-428e-be0c-ca798c42f54b,Visit,49:51.0,Mobile,South,Paid,0,Yes,
5265,7b02aac8-e481-4d89-8bc3-ea371b3ec481,Visit,26:38.3,Desktop,North,Referral,0,Yes,
5266,fe975a25-126e-4ebe-b8e6-ee51cbef3d91,Visit,37:58.4,Desktop,South,Organic,0,Yes,
5267,01cfd383-aee8-46cf-9495-bb3f36217afd,Visit,10:17.9,Desktop,North,Organic,0,Yes,
5268,c5af995b-8958-486f-9742-aed080b3b477,Visit,29:40.3,Mobile,South,Organic,0,Yes,
5269,d397d28e-2fde-4c55-8ed7-dd50a9fcdc21,Visit,04:49.1,Desktop,South,Paid,0,Yes,
5270,046f25dc-20cf-4aa3-9682-13383c3bdc62,Visit,08:43.1,Tablet,West,Referral,0,Yes,
5271,a784bd18-bb0d-4a91-a7b6-315e186b35e7,Visit,26:45.6,Tablet,North,Paid,0,Yes,
5272,9de4947e-9ccd-408e-92b9-8ff553d7cc36,Visit,57:33.1,Tablet,South,Paid,0,Yes,
5273,2c3d8477-8c24-4887-881c-15171427dde5,View Product,30:50.5,Tablet,East,Organic,0,Yes,
5274,7dbcba63-0c42-460d-90c2-dfd7702fa87a,Visit,15:54.2,Tablet,North,Referral,0,Yes,
5275,58fb81ca-fd34-4628-9b2f-0d6e918ceeb7,Visit,23:56.7,Tablet,North,Paid,0,Yes,
5276,2c2f623d-c90b-40c0-986e-fd3c41171c35,Add to Cart,21:31.5,Mobile,South,Organic,0,Yes,
5277,4c6a56ee-b8c4-43d9-947c-73f5d62b0b53,Visit,57:48.0,Mobile,East,Organic,0,Yes,
5278,1f0fcf52-cdfd-4ca8-a3c3-d53a8c4adfdd,Visit,00:35.6,Desktop,West,Referral,0,Yes,
5279,b4308771-7702-494a-aaaf-a337e0d54f4e,Visit,59:53.5,Desktop,East,Paid,0,Yes,
5280,deeaf5fd-3dcd-4bfe-b23d-1b849a74de25,Visit,22:18.5,Mobile,North,Paid,0,Yes,
5281,eff557bb-b848-4660-8946-05fdc13d065c,View Product,53:32.8,Mobile,North,Paid,0,Yes,
5282,4a9b02cf-3311-4f5e-a5ef-0cea1af13c08,Visit,44:25.5,Mobile,South,Referral,0,Yes,
5283,1193e8d8-c339-4fb6-af4c-a3cb23e4da28,Visit,21:23.3,Desktop,South,Paid,0,Yes,
5284,a7804cc0-4755-4865-9362-0c9281e6bd80,Visit,41:53.4,Mobile,East,Referral,0,Yes,
5285,d39765bd-5ee9-4fac-a5a8-556cd06e7c1d,View Product,02:57.4,Tablet,West,Referral,0,Yes,
5286,11680c65-7a9e-45ab-99ce-7d579fc4b20e,Visit,56:26.7,Tablet,West,Organic,0,Yes,
5287,a05b798a-71c7-4cd3-855c-804c33c255e3,View Product,54:53.5,Mobile,East,Paid,0,Yes,
5288,55b74c53-e97b-4485-8683-18fcfa4916fc,Visit,12:00.2,Tablet,East,Organic,0,Yes,
5289,f866e3f0-d95c-425c-aad4-b5efdb193bf8,Visit,01:39.1,Tablet,North,Referral,0,Yes,
5290,98c31615-abd5-42c3-9e45-6e7432079e97,Visit,44:41.5,Desktop,East,Organic,0,Yes,
5291,6e0c08be-d6b5-44fa-86f9-b8302f1fcd17,View Product,57:06.9,Desktop,East,Paid,0,Yes,
5292,d0b43be5-cbe3-48b9-b2fd-ad0f0798ba05,Visit,01:50.6,Mobile,South,Organic,0,Yes,
5293,08462dfe-28de-46d1-9e31-cec249fad328,Visit,06:26.4,Desktop,North,Paid,0,Yes,
5294,c577834d-70c4-40e2-bfc2-2656c4aa00dc,Visit,04:43.1,Desktop,West,Organic,0,Yes,
5295,14a34127-8136-4691-9859-8f4820d8af2d,Visit,07:01.4,Desktop,South,Paid,0,Yes,
5296,3a32bf1c-2448-41d0-80b1-239cbe31b314,Visit,48:28.3,Mobile,West,Organic,0,Yes,
5297,ee65d065-fa53-44c9-9024-edd891864073,Visit,41:37.8,Tablet,West,Organic,0,Yes,
5298,3298d8ec-bf1c-4967-ba4b-32080f7143cf,Visit,53:13.1,Mobile,North,Organic,0,Yes,
5299,fd66ec19-5eca-445a-bf7b-9c93a196a8af,Visit,37:30.5,Desktop,North,Organic,0,Yes,
5300,613f8350-36ea-4be0-a043-cfa53c6529b6,Visit,06:06.7,Mobile,North,Organic,0,Yes,
5301,2cb4fa45-0d9e-4c43-a478-896a81c1a8f0,Visit,17:39.2,Tablet,North,Paid,0,Yes,
5302,a5c7453e-24c3-4708-8302-639ccc00c357,Visit,32:58.5,Tablet,West,Paid,0,Yes,
5303,87272eda-8998-450a-b49f-3c9dab46dfda,Visit,56:35.1,Tablet,South,Paid,0,Yes,
5304,3959c270-c3ec-435e-ad40-7f37bac9f44c,Visit,52:08.1,Mobile,North,Paid,0,Yes,
5306,d76fb36b-8753-4041-ab0d-35b8de06b987,Visit,05:18.1,Tablet,South,Referral,0,Yes,
5307,f49bf0eb-3586-4e10-be61-c977a6fbf532,Visit,31:33.2,Mobile,West,Referral,0,Yes,
5308,83022c6c-a490-4c7a-ae85-8ecd002c45cd,Visit,43:14.1,Tablet,South,Referral,0,Yes,
5309,5b694343-3142-428d-b553-2d9c7a297938,Visit,25:02.0,Desktop,North,Referral,0,Yes,
5310,d6dc82f6-f3f4-40b3-a018-15adbb293721,Visit,51:25.4,Mobile,East,Organic,0,Yes,
5311,1da990e9-e52a-4be3-9a52-14ceec766d47,View Product,15:58.3,Desktop,South,Paid,0,Yes,
5312,8648c8aa-a500-4058-a0e5-ebfa8e4c1616,Visit,48:40.0,Mobile,South,Referral,0,Yes,
5313,4e166954-0f9c-4c44-86ed-e129784f581a,Visit,02:31.5,Tablet,North,Paid,0,Yes,
5314,caf7b315-7a46-4887-b3e9-82ad3227307e,Visit,39:15.2,Tablet,East,Organic,0,Yes,
5315,aca59b55-9ef6-4b7d-8c16-d93ab85b509d,View Product,00:50.2,Tablet,South,Paid,0,Yes,
5316,68a999f0-9435-4f44-b6d8-10dca30d323e,Visit,55:50.0,Mobile,West,Organic,0,Yes,
5317,2e7f6707-a177-49d0-87af-6630a2a14e55,Visit,23:26.5,Desktop,South,Organic,0,Yes,
5318,c079f689-e7d5-4cde-9be1-104e259e619b,View Product,41:49.9,Desktop,West,Paid,0,Yes,
5319,e276e28e-809a-4b13-ba72-3500c8d17eea,Visit,00:49.7,Mobile,North,Organic,0,Yes,
5320,530b924b-2ed4-41ac-9dba-7c13180f2b8d,Visit,24:25.5,Desktop,North,Paid,0,Yes,
5321,0b19920a-a8da-4c00-a7e8-42c2f51bccb3,Visit,47:46.3,Mobile,West,Paid,0,Yes,
5322,1ad6d691-c4a9-4886-9ccb-fd55230f724e,Visit,44:47.0,Mobile,West,Organic,0,Yes,
5323,935a8688-8c08-4ac7-b522-a8b3f118161e,Visit,10:31.6,Desktop,East,Paid,0,Yes,
5324,743705c1-7600-4d96-add6-415d1ae8f382,Visit,11:18.8,Mobile,North,Referral,0,Yes,
5325,e5af44ee-c94e-4109-b72a-33d2f8a35528,Visit,46:37.5,Mobile,North,Organic,0,Yes,
5326,a69f8bec-5f38-4f35-bd7e-ee75eaaf95e0,View Product,58:21.6,Mobile,East,Organic,0,Yes,
5327,fa3e23d0-0710-4b6f-9c01-e5f2e756875f,Visit,48:59.1,Mobile,South,Paid,0,Yes,
5328,dda6476c-22d1-45d8-8ec5-4f786ec8569b,Visit,08:00.7,Tablet,West,Organic,0,Yes,
5329,a7791c54-5114-4a88-bb14-1a5b29a2e66c,Visit,16:38.3,Desktop,South,Paid,0,Yes,
5330,4fdefabc-3fdc-4802-9ae0-f1d2f875a96e,Visit,06:11.3,Mobile,North,Organic,0,Yes,
5331,cc027a0a-b033-4e7e-b636-96bbdd5861aa,Visit,19:25.9,Tablet,West,Organic,0,Yes,
5332,6b994fc1-ecf4-47cd-8d0f-8abe30447532,View Product,36:03.5,Tablet,North,Referral,0,Yes,
5333,2feb8069-a91f-4f9b-aef3-a2ee0111d151,Visit,54:56.6,Mobile,North,Paid,0,Yes,
5334,b46c5a69-be3c-4b2a-876d-62919f4caa16,Visit,36:09.6,Desktop,West,Paid,0,Yes,
5335,adfedb57-8b50-45ec-94fb-98399c5131f0,Visit,31:35.2,Desktop,West,Organic,0,Yes,
5336,be86bc75-17e5-452c-8733-f211e2402e5b,Visit,42:37.8,Mobile,North,Referral,0,Yes,
5337,3682a31f-ec61-4dc7-aba8-49de9c152677,Visit,26:11.4,Tablet,East,Referral,0,Yes,
5338,1c5cfcfb-26e9-44db-b022-298af3e1e588,Visit,14:42.5,Mobile,North,Paid,0,Yes,
5339,9b8d9f92-994d-4100-b76f-b076ed667383,Visit,31:48.0,Tablet,South,Paid,0,Yes,
5340,7b1544ee-1bc6-42aa-8fde-ee9308778c93,View Product,28:48.5,Mobile,South,Organic,0,Yes,
5341,7f5c6cb1-c1c4-47c6-8a99-61d4641fc6a3,Visit,01:58.9,Tablet,North,Paid,0,Yes,
5342,9ec4bb50-3e5d-4abf-be23-87a1b5f06306,Visit,09:34.3,Tablet,South,Paid,0,Yes,
5343,a05bef3f-19d4-4ba8-a90e-9e60bf8cec4a,Visit,12:17.9,Mobile,East,Paid,0,Yes,
5344,9f82ff78-c965-4838-a73b-1e07d14656dd,Visit,48:32.3,Mobile,East,Organic,0,Yes,
5345,d7243a57-f418-45be-9f44-2218afcc4061,Visit,52:26.9,Mobile,North,Organic,0,Yes,
5346,dec1fe5e-405d-4e93-be60-288ade9f4fdb,Visit,37:14.9,Mobile,West,Organic,0,Yes,
5347,97e42759-832c-4175-8ac1-983a42ff0f33,Visit,20:40.6,Desktop,East,Referral,0,Yes,
5348,c262f905-d2b5-4f72-beb4-56669556f082,Visit,36:42.4,Tablet,West,Referral,0,Yes,
5349,5b7b7622-058d-43d9-b9ab-bbbd0c148638,Visit,42:39.4,Desktop,West,Referral,0,Yes,
5350,b54f94b0-8d4f-4272-aea4-3f888a835d7e,Visit,10:33.5,Mobile,North,Organic,0,Yes,
5351,cd542413-ff94-4ab5-9d04-b3aa496c57a4,Visit,33:34.6,Tablet,West,Referral,0,Yes,
5352,1e53bc30-4357-4a72-908f-c0f910b9d089,Add to Cart,27:51.7,Tablet,West,Paid,0,Yes,
5353,9698a872-1b32-4b9c-ae6d-fc633b30d35e,View Product,42:51.7,Mobile,East,Organic,0,Yes,
5354,f0526b6c-3cff-41ee-a75e-c6f92a27a25a,Visit,21:24.2,Desktop,West,Referral,0,Yes,
5355,684f7095-0098-41e8-b1ca-fb8ce39620d9,Visit,36:49.2,Desktop,North,Organic,0,Yes,
5356,2d86acdc-e869-4799-86e8-a446fc6776f4,Visit,40:43.9,Tablet,North,Referral,0,Yes,
5357,4be10433-b8e9-48d6-b10b-929bea7175ef,View Product,45:29.5,Tablet,South,Referral,0,Yes,
5358,ad877f17-07e9-428d-b944-05e8e683936e,Visit,45:01.5,Desktop,South,Organic,0,Yes,
5359,7daac585-29a2-4d32-83eb-6713680ec8ff,Visit,53:30.9,Tablet,West,Referral,0,Yes,
5360,2c064b26-79ae-4beb-9f09-4e1ed199f811,Visit,06:06.9,Desktop,South,Organic,0,Yes,
5361,5f8ac25a-d48f-403d-b72d-501e3160c834,Visit,04:09.6,Mobile,West,Organic,0,Yes,
5362,31820c4d-cae8-4503-ad6b-26eb22c98444,Visit,40:47.5,Tablet,North,Paid,0,Yes,
5363,e3141470-2309-4d43-a98b-4ec0af8067a5,Visit,59:55.2,Tablet,North,Organic,0,Yes,
5364,dd28bcfc-8729-4f3f-89f6-25b3bb68d317,Visit,20:57.0,Mobile,East,Referral,0,Yes,
5365,0dffbe8b-9c4b-493c-aefb-b1d4f5d89ee2,Visit,46:13.9,Mobile,South,Organic,0,Yes,
5366,564a3a6e-79fa-4f78-9bfa-f98bf9875d1b,Visit,16:21.5,Mobile,North,Organic,0,Yes,
5367,f5fedf32-9d01-4c77-87e8-20e6b53f7fcd,Visit,56:53.3,Desktop,West,Organic,0,Yes,
5368,a4da2b80-d582-4f98-9347-9a131d3d0b11,Visit,00:48.4,Desktop,South,Paid,0,Yes,
5369,ad29efca-7a2b-4d84-8563-893ea20c4616,Visit,58:09.2,Tablet,North,Organic,0,Yes,
5370,5db3867c-03ed-4255-81c7-ad9a07532d54,Visit,58:26.5,Desktop,South,Organic,0,Yes,
5371,202ae395-d288-4ac9-a5f3-ca13b548b2c4,Visit,52:57.0,Desktop,South,Paid,0,Yes,
5372,ae48892a-e28a-4281-9439-f5beb9667893,Visit,05:33.6,Tablet,North,Organic,0,Yes,
5373,3a486687-ec4a-4586-b94f-423a83036bf5,Visit,16:00.5,Tablet,North,Organic,0,Yes,
5374,ddb4e07b-c1cf-454d-803e-2d920151118c,View Product,56:29.3,Tablet,North,Referral,0,Yes,
5375,c19ea0a1-7f4c-4750-bc8b-df543a0ab066,Visit,52:15.3,Desktop,East,Paid,0,Yes,
5376,164762de-a9d7-49da-b03d-6ab93700b12f,Visit,19:12.4,Tablet,South,Referral,0,Yes,
5377,00ad2625-d82a-418e-a824-611d9c65d53c,Visit,53:35.0,Mobile,South,Referral,0,Yes,
5378,796c4c01-6fe2-4255-b84a-9587dc64d64e,Visit,17:43.6,Mobile,East,Paid,0,Yes,
5379,7aa9214b-fbbc-4b73-8575-6b18a7326b65,Visit,03:56.8,Mobile,West,Organic,0,Yes,
5380,4fed07fc-489b-4295-aa8f-6b030c687229,Visit,09:38.8,Desktop,East,Organic,0,Yes,
5381,44115490-7cc3-47e3-8a23-5ce83d50a882,Visit,32:44.5,Mobile,South,Referral,0,Yes,
5382,49e7bd37-6e04-4658-85dc-813d508f40c6,Visit,20:53.9,Tablet,West,Paid,0,Yes,
5383,d1259aed-4d0b-44a2-aefe-0c8b738cb8e4,Visit,49:19.0,Mobile,East,Organic,0,Yes,
5384,6dc9209b-3f5d-46da-b01d-bccc71b13572,Visit,49:28.6,Desktop,East,Organic,0,Yes,
5385,205c8b3d-244d-4c10-826e-919cc6d3c9e8,Visit,54:08.6,Desktop,West,Referral,0,Yes,
5386,48e8dde6-1220-4828-88de-91ec5d706556,Visit,29:01.4,Tablet,West,Organic,0,Yes,
5387,58983d58-9f3d-4c6d-be88-7bed1d2bda91,Visit,40:39.3,Tablet,East,Paid,0,Yes,
5388,653c3786-9897-4556-a454-15a599df3ef3,Visit,52:59.3,Desktop,North,Organic,0,Yes,
5389,920bf656-9c0b-4ce8-85af-95b0281c7426,Visit,20:52.5,Desktop,West,Organic,0,Yes,
5390,eefa00e0-3a2f-49b9-b33c-07a798fbbe76,View Product,14:44.2,Tablet,East,Paid,0,Yes,
5391,eca64019-b118-4c5c-be19-a20798bfd59a,Visit,21:27.5,Tablet,North,Referral,0,Yes,
5392,ba0cf66e-17c1-46de-8084-4d5d900fdfca,Visit,34:24.6,Tablet,North,Paid,0,Yes,
5393,83871ba0-69ee-4649-bc66-64127fc6eb22,Visit,50:47.9,Desktop,West,Organic,0,Yes,
5394,7de6d1ab-7d7e-49b0-bddc-4b6f51f14432,Visit,35:13.5,Mobile,West,Referral,0,Yes,
5395,806b30a4-e26d-4fc7-8a51-845ae4bbdff9,Visit,34:52.8,Mobile,West,Referral,0,Yes,
5396,c3116c72-78e7-4dab-9d25-c417692e852a,Visit,13:04.7,Desktop,South,Referral,0,Yes,
5397,e2d071da-da6a-4242-8189-9582601f2780,Visit,24:32.2,Desktop,South,Referral,0,Yes,
5398,ff84363b-2d8e-4305-89aa-ed435d84f6a7,Visit,14:15.8,Desktop,South,Organic,0,Yes,
5399,e1da1d21-3a8d-4d95-b41e-9b3e476eed21,Visit,42:15.9,Mobile,West,Organic,0,Yes,
5400,875835e0-ee98-420a-b119-ba5781983d46,Visit,34:17.5,Mobile,East,Paid,0,Yes,
5401,5687f639-1bb6-47ef-a038-60a897188c85,Visit,55:39.7,Tablet,West,Referral,0,Yes,
5402,f6c6d324-991c-4754-bd20-c7a460ba4064,Visit,38:45.2,Desktop,East,Referral,0,Yes,
5403,56eceb9e-666b-4887-82ae-0771eaf72031,Visit,41:49.7,Tablet,West,Paid,0,Yes,
5404,f8598282-012a-47f9-91c4-979389d186d2,Visit,25:46.3,Tablet,South,Paid,0,Yes,
5405,9c52a9ad-d79c-471e-9fca-df1e9766a4b6,Visit,47:25.2,Tablet,East,Referral,0,Yes,
5406,d9094150-c965-4241-9d45-1eb5035bd2ba,Visit,36:54.6,Tablet,West,Referral,0,Yes,
5407,1aae5bca-4864-45d0-9bee-4f43194fbf21,Visit,13:46.2,Mobile,East,Organic,0,Yes,
5408,199c4189-0064-4e9a-af95-8c909f2eb9d3,Visit,54:14.6,Mobile,North,Referral,0,Yes,
5409,5e987ade-8768-4343-8e3f-b9cd2c66f70a,Visit,37:05.7,Desktop,North,Paid,0,Yes,
5410,7fae6038-026b-4d7a-b331-0e2c2ce918f7,Visit,34:28.3,Mobile,North,Organic,0,Yes,
5411,0a0092c5-5009-4ef8-b79a-53c361b163fb,Visit,22:46.0,Mobile,North,Organic,0,Yes,
5412,a83a8744-ca86-4ae1-aefa-d1af71558a7e,Visit,05:19.8,Tablet,East,Paid,0,Yes,
5413,41b4656c-6189-4361-a742-cb7d6f925bf6,Visit,17:11.4,Tablet,East,Organic,0,Yes,
5414,8c21f123-4819-4ea9-896e-c65382cced59,Visit,41:12.0,Desktop,South,Organic,0,Yes,
5415,e86ebfdb-fa31-4383-b13f-aadfa85691e5,Visit,40:11.7,Desktop,North,Organic,0,Yes,
5416,e2ab234f-d07e-4ed9-a7db-ad9e49f7d580,Visit,54:18.1,Tablet,East,Organic,0,Yes,
5417,39866bc1-a38b-4b62-b2af-036fdf4f995f,Visit,57:56.7,Tablet,East,Organic,0,Yes,
5418,652405bc-4c06-4fd2-92c2-0fc17e9341a6,Visit,39:07.2,Tablet,North,Organic,0,Yes,
5419,d5d75fa2-9066-44b3-9da5-0c9371c70ace,Visit,44:53.5,Desktop,North,Organic,0,Yes,
5420,a4b3aa4b-be78-40f4-b714-7d788afadcc1,Visit,11:12.8,Desktop,East,Paid,0,Yes,
5421,528225d4-a52b-40eb-97be-26c02fd5d3ec,Visit,31:27.0,Tablet,South,Paid,0,Yes,
5422,7b157db2-a73f-41e4-a6d7-1aed1d903974,Visit,20:32.0,Desktop,East,Organic,0,Yes,
5423,2bc78d08-eb1e-456d-95af-b0b2eb7f3e5f,Visit,14:14.5,Mobile,East,Paid,0,Yes,
5424,b3d471a6-f6e5-4161-ace3-039db684ce84,View Product,47:34.9,Mobile,South,Paid,0,Yes,
5425,8d99001d-fe9a-48f7-bb3a-2ebe4f622e0b,Add to Cart,28:55.3,Tablet,South,Referral,0,Yes,
5426,b375bb05-5779-4f4c-82d0-6e11574538db,Visit,34:45.3,Desktop,South,Organic,0,Yes,
5427,2138d6bd-f0d4-4f07-8783-2ae18cfa81d8,Visit,22:40.8,Desktop,North,Paid,0,Yes,
5428,02e52bb3-cf52-45ec-8b62-4061e64d0fef,Visit,01:06.6,Desktop,West,Organic,0,Yes,
5429,9e156c33-cc55-42ee-9be4-e687fb9d6523,Visit,15:16.9,Tablet,West,Organic,0,Yes,
5430,9726b9a6-5124-4808-82b4-96774054a035,Visit,08:46.2,Desktop,North,Paid,0,Yes,
5431,9907c340-9147-447f-90a3-e8c608bd5194,Visit,35:09.6,Tablet,North,Organic,0,Yes,
5432,a811d69a-b62b-4f53-860d-d8daa784ebdd,Visit,44:26.0,Mobile,South,Referral,0,Yes,
5433,bf44e037-baaf-4450-af73-37ef31316004,View Product,58:25.6,Mobile,North,Paid,0,Yes,
5434,71ab2aa1-7d8b-42f8-b2b3-a4cd47ba04cc,Visit,40:32.9,Mobile,North,Referral,0,Yes,
5435,9fe14fd3-8a94-4a87-90a7-254864ea5188,Visit,15:30.3,Tablet,East,Organic,0,Yes,
5436,590fd60f-829e-4f67-b545-8a064e3d8051,Visit,45:45.9,Mobile,West,Paid,0,Yes,
5437,e969a451-d3e1-40a6-b038-8d9fba8100b0,Visit,08:00.2,Mobile,West,Paid,0,Yes,
5438,f9ca19bb-c6a5-47ef-b6b7-d71300608a65,Add to Cart,29:11.7,Desktop,East,Referral,0,Yes,
5439,708e85cb-7057-4ad0-9b8d-c5344f290966,Visit,11:11.8,Mobile,East,Organic,0,Yes,
5440,6ca7131c-ea8f-4d95-ad74-f22db92c5209,Add to Cart,28:46.7,Desktop,West,Referral,0,Yes,
5441,9946a8b4-abfd-4b0c-ada1-3993cb677199,Visit,25:14.5,Tablet,East,Referral,0,Yes,
5442,5dbb340c-fbe3-43d3-87c3-a5fac3ba0404,Visit,19:45.5,Mobile,East,Paid,0,Yes,
5443,c238ce3c-71a2-4229-a26e-3d0b8dfe4405,View Product,58:17.3,Tablet,North,Paid,0,Yes,
5444,8bf1e7c5-35c9-4fb5-967a-236b94192b50,Visit,29:47.2,Mobile,East,Referral,0,Yes,
5445,de08db78-f8c6-462a-af64-b742a4fe8dbe,Visit,42:09.1,Mobile,West,Paid,0,Yes,
5446,3fcef919-5afc-4761-8dc5-622fbe3e74ae,Visit,59:31.7,Desktop,East,Referral,0,Yes,
5447,409b4e83-2b15-4c69-a68d-2094abd7372f,Visit,36:41.9,Desktop,East,Paid,0,Yes,
5448,c64a68ab-74e1-4aa7-8e54-164c5d04fe05,View Product,38:52.4,Desktop,West,Referral,0,Yes,
5449,31ebc4d3-d6ed-47b1-aa0b-50244887f3e9,Visit,41:21.6,Mobile,West,Paid,0,Yes,
5450,3554ae7a-478e-4497-8a3c-e9c47d197717,View Product,23:26.2,Desktop,West,Paid,0,Yes,
5451,2a410af2-8d76-4f0c-b6cd-46a6fce7fd18,View Product,55:56.6,Desktop,East,Paid,0,Yes,
5452,0eccbc98-1b8f-4546-a09b-21ef0fd16e90,Visit,07:42.3,Mobile,North,Organic,0,Yes,
5453,03c955cb-5676-4d23-8004-f59a972f1c70,Visit,09:25.2,Tablet,South,Paid,0,Yes,
5454,30d99d04-1ec6-4865-af49-89c4690e7132,Visit,44:30.3,Tablet,East,Referral,0,Yes,
5455,c506f525-dafa-4c74-bf4d-aafbe06d756a,Visit,47:13.6,Mobile,West,Paid,0,Yes,
5456,ef03e6cf-3d09-422c-b376-7c9d42d63060,View Product,15:48.5,Tablet,South,Paid,0,Yes,
5457,f5196370-678c-40de-9ef6-08f6369791a3,Visit,02:59.1,Desktop,East,Referral,0,Yes,
5458,93ae9639-0d99-42f4-aa81-3ee26f484d78,View Product,41:56.9,Desktop,South,Organic,0,Yes,
5459,cacb2c9d-86d1-414a-bc91-42ab58960b75,Visit,02:09.6,Tablet,West,Referral,0,Yes,
5460,69bfd52a-d15b-49bf-a651-afbec6b61d0b,Visit,49:18.0,Mobile,North,Organic,0,Yes,
5461,4441b65e-bfc8-46e7-a063-f5c48f338070,Visit,50:03.9,Desktop,South,Paid,0,Yes,
5462,b2e35435-7eca-455a-9774-b57e1d6f4662,Visit,11:29.0,Desktop,West,Referral,0,Yes,
5463,c747f053-0700-4345-8987-621db9e810f7,Visit,40:40.4,Desktop,North,Referral,0,Yes,
5464,f16495a6-4c20-484a-b2b1-71b7037ba795,Visit,25:19.6,Tablet,North,Paid,0,Yes,
5465,dd66d52a-55ee-481d-b856-8228e2bd154d,Visit,32:41.0,Mobile,West,Referral,0,Yes,
5466,0704fc73-e72a-4edf-bd95-1b88367185bd,Visit,08:47.6,Mobile,East,Referral,0,Yes,
5467,fc20dd64-c92f-47ae-a3f1-bb87355682b3,Visit,15:20.6,Tablet,North,Paid,0,Yes,
5468,c031b465-4aed-468f-ad10-8076c0becc92,Visit,18:43.1,Tablet,North,Referral,0,Yes,
5469,315e771f-c1f8-43cc-81a9-d6d3773c3c94,Visit,31:26.8,Tablet,North,Referral,0,Yes,
5470,492b5c5b-1b1c-45ee-9e98-a1357ac0385a,Visit,36:20.1,Mobile,East,Organic,0,Yes,
5471,c31f4257-c712-4e44-8368-2a7ae3158431,Visit,23:01.1,Mobile,East,Referral,0,Yes,
5472,d7d79bb4-6533-435c-97cc-e115475d831e,Visit,44:39.1,Desktop,North,Referral,0,Yes,
5473,bb85caee-b1ea-4358-9640-25b56bfdfe2d,Visit,51:58.4,Desktop,North,Paid,0,Yes,
5474,f3f0e5e6-937a-481a-9509-aa555e6c1ef9,Visit,08:34.1,Tablet,West,Referral,0,Yes,
5475,c43b758d-2b3c-4182-b4f7-ae962728182c,Visit,34:58.2,Mobile,South,Paid,0,Yes,
5476,1cf03712-25fa-43eb-a82a-999de838f9a1,Visit,20:34.1,Tablet,East,Organic,0,Yes,
5477,cf5c5453-9e3a-4a65-a562-d89e5237a467,Visit,24:48.2,Tablet,South,Organic,0,Yes,
5478,46729466-3700-4bfe-920a-59e2045376a3,Visit,32:16.5,Tablet,West,Paid,0,Yes,
5479,64a2cf9f-1ac7-44fe-8809-0f70e311df84,Visit,24:29.7,Desktop,South,Paid,0,Yes,
5480,874fae4b-3651-4c91-a74e-09a6262fd613,Visit,43:27.8,Mobile,West,Referral,0,Yes,
5481,c2ee023b-8c2f-4f3e-8ba9-e32072f48cee,Visit,56:02.6,Mobile,South,Paid,0,Yes,
5482,479076bb-078c-4c3e-b083-b37143d0368b,Visit,52:13.3,Tablet,West,Paid,0,Yes,
5483,0fe60a58-2ee9-45b9-9f82-1d7cf142e9e0,Visit,18:59.2,Mobile,South,Organic,0,Yes,
5484,90efd927-cd61-4e71-a27d-edd84bbd4e28,Visit,00:52.4,Tablet,South,Paid,0,Yes,
5485,544bcce3-fe21-43ae-98ba-182ba2995be8,Visit,16:51.3,Tablet,North,Referral,0,Yes,
5486,3b85b811-175a-4ac8-9e6a-e7e0064da9a6,Visit,16:26.1,Mobile,South,Paid,0,Yes,
5487,0787d789-436a-4621-aa57-f6269e6eeeee,View Product,30:24.1,Desktop,North,Organic,0,Yes,
5488,11cebaf6-259a-4ffd-938c-a9184e7a3070,View Product,59:53.4,Tablet,South,Referral,0,Yes,
5489,5aef83aa-b098-4018-a428-e71a280b5054,Visit,14:04.0,Desktop,East,Paid,0,Yes,
5490,b4786599-ec28-4386-898d-9f96dea7ee04,Visit,47:52.6,Desktop,West,Paid,0,Yes,
5491,50af408e-775d-4598-a7b2-94033c9e3412,View Product,00:30.0,Desktop,South,Paid,0,Yes,
5492,00d7103c-6ffa-48a1-95f6-c2994dca6675,Visit,50:13.8,Desktop,South,Organic,0,Yes,
5493,cdc023b7-fc19-4241-b035-6bb2895e61d2,View Product,05:24.9,Desktop,South,Paid,0,Yes,
5494,433642b1-2eb9-4e8e-93c2-a687df75f760,Visit,30:23.7,Desktop,East,Paid,0,Yes,
5495,39fb1127-874b-4b35-ae54-662548676e9b,Visit,12:21.6,Tablet,West,Paid,0,Yes,
5496,a5148885-7f2c-4d66-93bf-38236d4ba1e7,Visit,57:12.2,Desktop,East,Paid,0,Yes,
5497,596719a8-ad9a-48a9-b2f8-6ed9b9ffc3fc,Visit,01:14.5,Tablet,North,Referral,0,Yes,
5498,2b7ba8ad-b715-4420-9f92-9df3283c4760,Visit,26:43.8,Tablet,South,Paid,0,Yes,
5499,dcbdf4a1-0181-42f1-844c-abe12c1a243d,Visit,37:11.2,Mobile,East,Referral,0,Yes,
5500,80588e95-1004-4f57-a945-25f0499b3eea,Visit,53:02.9,Desktop,East,Paid,0,Yes,
5501,6de7f472-d87c-4aaa-a1a1-d48189c405b4,Visit,31:29.5,Mobile,South,Paid,0,Yes,
5502,0da08599-31d8-45e4-bcab-8c92e0c672fe,Visit,35:31.7,Mobile,East,Referral,0,Yes,
5503,fb61fd34-195e-434f-afcd-9a8ed47a1b36,View Product,13:12.9,Desktop,South,Referral,0,Yes,
5504,fbf03b30-6a72-45fc-b865-e4da77ba3b02,Visit,28:52.7,Tablet,East,Organic,0,Yes,
5505,52b7dd9c-4770-4335-bb24-d32d588e808b,Visit,21:01.7,Desktop,North,Referral,0,Yes,
5506,5525be81-e1cd-4e10-8398-5dd29b8be8a6,Visit,35:04.9,Tablet,South,Organic,0,Yes,
5507,830b61a2-2e9c-43f4-9148-4a2e2c9567b8,View Product,54:50.3,Desktop,West,Referral,0,Yes,
5508,abcae0a9-808f-4031-a945-4661192a99a8,Visit,08:46.0,Mobile,West,Organic,0,Yes,
5509,caa263e9-89b0-4be0-a6c0-eb0c6491a3bb,Visit,42:09.1,Desktop,East,Paid,0,Yes,
5510,4f95bdd2-4507-4009-bb0a-5d97c7cac5af,Visit,43:06.0,Mobile,East,Paid,0,Yes,
5511,2643baa6-4850-40eb-8f6f-da14f48e9893,Visit,39:41.3,Tablet,East,Organic,0,Yes,
5512,35997ffa-6dc8-4d56-8932-6109dd61d3fc,Visit,34:58.4,Tablet,South,Referral,0,Yes,
5513,e0d2e941-67f6-428b-973b-aec60d958826,Visit,05:38.5,Mobile,South,Organic,0,Yes,
5514,15af6eaf-7b46-409f-a7fa-58d2ff15f86b,Visit,01:05.0,Mobile,South,Organic,0,Yes,
5515,1b2e729c-3af2-4513-ac40-cf06472cce5f,View Product,44:51.0,Tablet,North,Referral,0,Yes,
5516,4387cabe-8e12-4512-ba66-b1ce304efd72,Visit,57:17.4,Desktop,West,Organic,0,Yes,
5517,c6a00db4-41e7-4947-8179-97505caebf06,Visit,11:15.4,Tablet,North,Organic,0,Yes,
5518,57b6bd76-2ea0-40ac-a8b9-b1f5f9d6914d,Visit,40:35.1,Tablet,North,Paid,0,Yes,
5519,d02722e2-9941-4630-9d44-cc23f035ffc6,Visit,26:14.8,Tablet,East,Organic,0,Yes,
5520,92e43b5e-73f9-4a5a-83cf-cc84e651a1b8,Visit,03:45.9,Tablet,East,Referral,0,Yes,
5521,556253ff-8612-47bc-a733-8346de66f3e7,Visit,27:06.9,Tablet,North,Organic,0,Yes,
5522,8becfc80-06c5-4ade-853b-d38702157173,Visit,31:38.1,Mobile,West,Organic,0,Yes,
5523,8c125218-2c5f-424d-b4ca-29c1ab1eedbf,Visit,40:44.4,Mobile,East,Organic,0,Yes,
5524,b3fb42c9-bdb2-44a6-a414-e92ea9ddd713,Visit,08:43.3,Mobile,South,Paid,0,Yes,
5525,4a665a80-884b-41c0-86fa-5e9c1dc65edc,Visit,48:46.3,Tablet,North,Paid,0,Yes,
5526,6172abad-a79e-4e50-b7df-c7b960fc8521,Visit,02:18.9,Mobile,North,Organic,0,Yes,
5527,4f006777-5d1f-48a3-b6ed-a6d07a7b7622,Visit,48:54.1,Tablet,West,Paid,0,Yes,
5528,45c07fb5-7b43-4977-a6f3-16157a5f1670,View Product,50:35.5,Desktop,South,Paid,0,Yes,
5529,3db411a7-8ba0-4e79-9e13-7d6a92a38d7f,Visit,16:27.6,Tablet,North,Referral,0,Yes,
5530,9a8a59ac-3571-42b9-bd8f-60bce9a5db9f,Visit,46:51.4,Mobile,West,Paid,0,Yes,
5531,27412688-ae9d-4d90-9bb8-63f9746e9764,Visit,04:27.2,Mobile,West,Referral,0,Yes,
5532,5a312118-bb0e-49ba-a62b-06ff1b5864f4,Visit,05:56.2,Desktop,West,Referral,0,Yes,
5533,7c405ec4-5296-43a7-a58a-c2f1f344e197,Visit,06:09.8,Tablet,North,Paid,0,Yes,
5534,19f36a5a-e77c-4fe8-8794-7528302eaa63,View Product,09:55.3,Tablet,South,Referral,0,Yes,
5535,e240443b-96d3-4dcc-9d7f-984e386a938a,Visit,06:45.7,Mobile,South,Organic,0,Yes,
5536,e695cf8b-7334-4571-b5a4-e1a04dba2995,Add to Cart,13:17.8,Mobile,North,Paid,0,Yes,
5537,dc4d6a9e-83cb-4846-a197-0600d4b4c04f,View Product,55:09.8,Mobile,North,Paid,0,Yes,
5538,60b9e879-ad6d-4e7d-9a1f-4f9cb7a6de38,Visit,31:36.5,Desktop,South,Referral,0,Yes,
5539,fd4e3e94-12ca-4225-bbd3-3399d6f5fced,Visit,12:37.4,Desktop,South,Referral,0,Yes,
5540,c4c3f2d8-3f9e-4830-8c2d-8579bb74330e,Visit,44:02.4,Mobile,South,Organic,0,Yes,
5541,890f3ed0-e130-412c-9d54-90ab21dd8582,Visit,02:24.3,Tablet,West,Referral,0,Yes,
5542,c28ac2da-1a2a-45ab-8849-cfd146f913a2,Visit,44:25.3,Tablet,North,Paid,0,Yes,
5543,c0889bc1-d16a-499f-9c75-c29ff1b76da2,Visit,05:24.8,Desktop,South,Referral,0,Yes,
5544,3353effb-67e1-4b6a-b34f-04ab951470c9,Visit,17:05.2,Mobile,South,Referral,0,Yes,
5545,8eb420dc-412b-4f18-b481-c4037ef4dc7c,Visit,58:49.2,Desktop,North,Referral,0,Yes,
5546,51e273a5-61df-4b1d-ad23-404641db4b8a,Visit,10:59.7,Tablet,East,Organic,0,Yes,
5547,4030b287-a2f8-4a26-b0fb-22d2d843ba64,Visit,16:21.9,Desktop,East,Referral,0,Yes,
5548,5e6a91a7-2b41-4a3b-b525-61eb2e05bba7,Purchase,00:04.4,Desktop,South,Paid,364,No,No
5549,376bcd98-0b01-4b0b-814a-3729fb9b95a4,Visit,05:58.1,Tablet,North,Referral,0,Yes,
5550,b483e351-fcb6-4e44-aecb-30f93d1a5465,Visit,48:45.9,Desktop,South,Organic,0,Yes,
5551,e63625c7-f9bb-4c40-86ea-f5d344225b5b,Add to Cart,22:33.9,Desktop,North,Organic,0,Yes,
5552,c5116a54-a893-4475-96cc-a0bbfa63f451,Visit,45:59.2,Tablet,West,Organic,0,Yes,
5553,fa18a8c3-9749-4d91-a363-efbb5ca67fec,View Product,12:03.5,Tablet,North,Organic,0,Yes,
5554,e0000f41-a754-4bdd-9a68-4fb62a1a98b4,Visit,45:20.6,Desktop,East,Referral,0,Yes,
5555,0f2789d1-b357-4d31-b545-bb4e8c87b1ac,Visit,01:10.0,Desktop,North,Organic,0,Yes,
5556,bdd79f93-d13d-4ec8-8cfe-08a9fcc1a506,Visit,48:18.5,Desktop,West,Organic,0,Yes,
5557,ba2572b1-b4c7-4d06-891a-ceb0f51ad839,Visit,24:03.9,Desktop,East,Paid,0,Yes,
5558,46fd342f-407b-4ea9-ae92-a2a31c91e291,Visit,42:20.1,Desktop,South,Paid,0,Yes,
5559,fa9252af-ac58-4683-8732-1758362af8dd,Visit,42:22.8,Tablet,East,Referral,0,Yes,
5560,27335f82-8e8e-429f-908d-3d328f8f0443,Visit,28:11.3,Desktop,East,Paid,0,Yes,
5561,5f9fc501-1956-409b-ae96-232134fc9be0,Visit,01:47.3,Mobile,East,Referral,0,Yes,
5562,2fa9445a-5767-434e-bd95-f5af7b14644f,Visit,40:10.8,Tablet,North,Paid,0,Yes,
5563,8c9a947e-8747-4a56-9c4e-313eec5e4e7b,View Product,56:32.1,Mobile,South,Paid,0,Yes,
5564,6a68bb46-ab06-4fd2-b989-7f61c100f4d2,Visit,56:08.8,Tablet,North,Organic,0,Yes,
5565,0b7f0485-a2de-4b6e-9943-2d3760ccedff,Visit,26:03.0,Desktop,East,Paid,0,Yes,
5566,c68a31b1-860a-4241-ae3b-741430968e54,Visit,31:50.0,Tablet,South,Paid,0,Yes,
5567,e329fcba-2bdf-447c-9821-1a9b024dd743,Visit,05:20.2,Tablet,East,Referral,0,Yes,
5568,478b86ac-4777-47ec-90ac-3ba63691b036,Visit,08:59.1,Tablet,East,Referral,0,Yes,
5569,8a15a0f2-c816-40a4-bca1-e62c2cb3c02c,View Product,46:22.5,Mobile,North,Organic,0,Yes,
5570,4152b975-37fd-4832-84a9-5dd006c095f3,Visit,28:51.9,Desktop,West,Organic,0,Yes,
5571,92cbdb79-9569-4cb8-8f88-6f52a9064caf,Visit,55:16.2,Desktop,South,Referral,0,Yes,
5572,2b508ac6-084c-4108-a1b0-ec082ce58ba4,Visit,23:09.5,Desktop,West,Paid,0,Yes,
5573,9eb504a2-1b75-47d2-927b-59bfd8bf5e22,Visit,18:09.9,Tablet,East,Paid,0,Yes,
5574,ea1a0705-9386-4187-b025-f928a2a4a3e9,View Product,21:25.7,Desktop,East,Organic,0,Yes,
5575,017487b3-4cf1-46b0-91d0-2b00938ef29f,Visit,13:56.4,Desktop,West,Organic,0,Yes,
5576,0a346718-6177-4a23-a4ed-405c8cb821c6,Visit,58:52.3,Desktop,West,Referral,0,Yes,
5577,a2f22abc-c672-46d5-a1ed-c9fd88e20e07,Visit,14:28.4,Tablet,West,Organic,0,Yes,
5578,75244d52-5d4d-4cb6-971f-903bc1d63c4c,View Product,39:43.4,Desktop,North,Organic,0,Yes,
5579,b1e80b73-a9e2-446a-81ad-85ed3d78ccfc,Visit,59:26.2,Tablet,North,Referral,0,Yes,
5580,f9bafea9-ab24-4c6f-9b60-bdf3e299c96e,Visit,19:57.2,Desktop,East,Paid,0,Yes,
5581,ff90800a-5c0f-4e22-8a1a-6c3f120dd062,Visit,30:20.2,Tablet,West,Organic,0,Yes,
5582,ad2ce257-fdbe-423d-b524-2144b347a750,View Product,35:12.9,Mobile,North,Paid,0,Yes,
5583,fc0da6c3-3e38-4a64-9899-8993255ccf04,Visit,03:12.8,Mobile,North,Referral,0,Yes,
5584,7028b04f-494c-430b-96d6-871d43114eb0,View Product,35:16.3,Tablet,West,Referral,0,Yes,
5585,01949b9c-6cf7-40f6-ba60-875ae8f071fc,Visit,39:01.9,Tablet,South,Organic,0,Yes,
5586,4cdacfca-3470-4807-a73f-afc300dad77c,Visit,49:11.9,Desktop,West,Organic,0,Yes,
5587,edf12d39-163a-495c-af80-c8a3d6343ab8,Visit,33:56.2,Tablet,North,Referral,0,Yes,
5588,1e2daad7-1343-412f-8093-02d0d4948d0d,Visit,10:17.3,Desktop,West,Paid,0,Yes,
5589,eebef785-758d-4191-ab67-e22d832ceae0,Visit,20:30.0,Tablet,North,Referral,0,Yes,
5590,307e2ee5-7550-4475-81c9-f42c689a36da,Visit,54:14.7,Mobile,East,Organic,0,Yes,
5591,a839555f-6163-4d29-898f-78d48e9e3e5d,Visit,21:11.5,Mobile,North,Organic,0,Yes,
5592,7cdc55f4-2464-405a-b86d-fb9e7477a345,Visit,49:03.3,Mobile,North,Organic,0,Yes,
5593,8d9f145f-d1e4-40a9-85f3-c64ec4f00162,Visit,22:21.5,Tablet,West,Paid,0,Yes,
5594,96141c79-3498-4843-ab0a-5d032ca06e4d,Visit,07:41.5,Desktop,South,Referral,0,Yes,
5595,c335e61d-15c3-4a5a-be95-df3c54973bad,Visit,46:42.8,Tablet,West,Referral,0,Yes,
5596,b6ce0013-9406-48d5-9e43-2d487de0848d,Visit,52:20.9,Tablet,North,Organic,0,Yes,
5597,83670142-e884-4ac0-a937-80bb3355e45e,Visit,43:55.2,Desktop,West,Paid,0,Yes,
5598,6a086793-dc35-457d-bff2-fc506391650e,Visit,32:20.6,Desktop,North,Paid,0,Yes,
5599,ab8e9394-c763-4d9b-8d28-d13799059954,Visit,32:34.6,Mobile,South,Referral,0,Yes,
5600,6fa995e4-b6a4-47b0-bed0-d9350ff94e52,Visit,18:32.7,Mobile,East,Organic,0,Yes,
5601,2a454667-8887-4ec1-b053-2fb4af7b2d00,Visit,47:11.8,Tablet,West,Paid,0,Yes,
5602,0a297e81-2929-466f-a420-14e03fbf3627,Visit,01:23.8,Tablet,West,Referral,0,Yes,
5603,c16e38c0-7dff-4c2b-b432-9bdd49a4bdbe,Visit,59:59.4,Tablet,South,Referral,0,Yes,
5604,03712483-4dec-44e9-80e0-1e997ebb87a4,View Product,55:27.9,Mobile,West,Referral,0,Yes,
5605,5144e862-42a7-46d5-8fe6-de68f6742273,Visit,32:30.0,Desktop,East,Referral,0,Yes,
5606,185b84c1-9957-4e23-9642-8ea1cff254e4,Visit,24:38.1,Mobile,North,Paid,0,Yes,
5607,23d4d4d8-ccac-49aa-8e82-a2c4357259a6,Visit,14:10.7,Desktop,West,Organic,0,Yes,
5608,9813d9d7-d193-4ea3-b146-562c44c1b86b,View Product,56:26.9,Tablet,North,Organic,0,Yes,
5609,b6ff56f6-cf36-44de-8b46-974e321947c4,Visit,47:15.7,Desktop,South,Organic,0,Yes,
5610,e76ae92e-74d0-48c2-bbca-ae18a7fc5b48,Visit,21:39.6,Desktop,North,Organic,0,Yes,
5611,5ecfa70f-e3a0-4357-9a5d-6f71f2c063af,View Product,58:00.8,Tablet,South,Referral,0,Yes,
5612,701ed63e-4d86-4a46-8e15-d26ae499761f,Visit,30:59.4,Desktop,North,Organic,0,Yes,
5613,a6d7b45e-a43a-4349-b61a-55cc79b56547,Visit,35:21.3,Mobile,East,Organic,0,Yes,
5614,9e76d7b5-a589-462c-b964-0483937acc1a,Visit,13:12.5,Mobile,West,Paid,0,Yes,
5615,00222bac-b1a9-4f38-9f88-a15db18958c3,Visit,36:29.9,Tablet,North,Organic,0,Yes,
5616,9d721ba9-1e5a-4e8a-9727-39777f9837b1,Visit,40:29.4,Desktop,East,Paid,0,Yes,
5617,86b70e7f-ab2c-4838-bce6-91101a05f3ca,Add to Cart,33:57.8,Desktop,West,Paid,0,Yes,
5618,b52ac757-95ce-4156-8b6c-52da119b0b92,Visit,24:57.5,Tablet,West,Referral,0,Yes,
5619,d201bc34-5f5d-429b-b3ad-e9dd6cd8e74d,Visit,48:45.4,Tablet,South,Referral,0,Yes,
5620,603d2a0f-5100-45b3-84c5-07e16a7fe9b0,Visit,55:22.4,Mobile,East,Referral,0,Yes,
5621,5086c472-a9c5-4df6-b91c-9ab257d3f50f,Visit,23:11.9,Desktop,East,Referral,0,Yes,
5622,23f8d4e1-beaa-462b-87a0-f97bc253ee58,Visit,24:51.8,Mobile,South,Referral,0,Yes,
5623,30a968df-316f-4417-84c8-e7803ebca754,Visit,20:10.1,Tablet,South,Organic,0,Yes,
5624,11cf4298-edc3-41bf-95ad-aa22bca08f96,Visit,19:52.3,Mobile,North,Organic,0,Yes,
5625,fc75c2f0-eb2e-4354-9097-f7ebe4c33fb6,Visit,38:24.8,Desktop,South,Paid,0,Yes,
5626,fa808bba-a82a-41e2-9fe5-6338699ec9b7,View Product,36:10.0,Mobile,East,Referral,0,Yes,
5627,c7f90f72-d522-44ec-8474-75c20d710058,Visit,16:58.2,Desktop,South,Paid,0,Yes,
5628,f25cf8ad-98db-4b5e-814b-4416733c450d,Visit,24:13.7,Desktop,South,Paid,0,Yes,
5629,02a07614-7413-4750-8f92-fbfc292827ec,Visit,59:33.5,Tablet,West,Paid,0,Yes,
5630,f4f26a1b-547e-4f2d-8866-654128712b3e,View Product,32:32.3,Desktop,North,Organic,0,Yes,
5631,8c13cc50-606a-48b9-95e0-b75a7360abd6,Visit,45:05.8,Tablet,South,Organic,0,Yes,
5632,fa7c2638-e5cf-46ad-817f-da609cd1b761,Visit,06:24.5,Mobile,West,Organic,0,Yes,
5633,b9db7814-469d-4892-a5ba-2105d77769b3,Visit,12:06.1,Desktop,North,Organic,0,Yes,
5634,be524167-7dc7-499f-adbd-2809f9e41bc7,View Product,08:07.9,Mobile,West,Paid,0,Yes,
5635,494161af-e6c1-4b87-8c20-b07b843901fa,Visit,35:12.0,Mobile,East,Referral,0,Yes,
5636,9720c008-45b2-47fe-9191-aca1c370198a,Visit,35:26.8,Mobile,North,Organic,0,Yes,
5637,7eb6627e-2b83-467d-99d0-d136e2ac2696,Visit,33:14.2,Mobile,East,Organic,0,Yes,
5638,d91674be-ac8b-4abf-8477-eddfb323c16f,Visit,22:16.1,Mobile,West,Referral,0,Yes,
5639,841bbcb2-471f-4ba4-8b70-e60014c56010,Visit,11:25.8,Mobile,North,Paid,0,Yes,
5640,caaa61a6-e51a-47da-bf9c-121c6f7fbd5a,Visit,05:33.2,Mobile,West,Paid,0,Yes,
5641,4576dc60-de7b-4083-8132-3f0b446a11b9,Visit,17:09.9,Tablet,South,Referral,0,Yes,
5642,f8869a4a-1fd7-4b08-9884-6fe99e29c166,View Product,35:24.9,Mobile,West,Referral,0,Yes,
5643,7618916b-fe9d-47fe-bd98-3ad8d403da2e,Visit,49:16.6,Tablet,South,Organic,0,Yes,
5644,430f8bba-c5ba-4a4d-a16d-9e0653307044,Visit,23:00.4,Tablet,East,Paid,0,Yes,
5645,5166988b-8b22-4125-b391-f79c2e7d8c84,Visit,19:26.6,Tablet,South,Organic,0,Yes,
5646,a777ce04-a8e2-40d7-84a1-2f764230dcd0,Visit,23:22.9,Mobile,South,Referral,0,Yes,
5647,158735be-5d66-4468-9210-5c35343c3ad1,Visit,53:33.8,Mobile,South,Paid,0,Yes,
5648,212bd773-512a-4ce9-815c-a06893eb242c,Visit,44:51.2,Tablet,North,Paid,0,Yes,
5649,22c41fb8-0a16-4a88-926c-d144f77fe868,Visit,09:58.6,Desktop,East,Referral,0,Yes,
5650,ce9135ae-15c5-4caf-bf3e-aa949ac0c611,Visit,12:00.9,Desktop,East,Paid,0,Yes,
5651,30455131-9b8f-4a8d-b07a-3315fa4b35e7,View Product,55:31.0,Mobile,West,Paid,0,Yes,
5652,1e1ec87b-a2fe-46c9-89d6-e0c72d9caf6c,Visit,53:20.3,Tablet,South,Organic,0,Yes,
5653,6d8f6681-abf8-44b2-acec-0105aaf1db7e,Visit,41:31.2,Mobile,West,Paid,0,Yes,
5654,c83fee81-da95-4128-be06-a3206c0f3791,View Product,34:43.7,Tablet,West,Paid,0,Yes,
5655,74b42c00-c0f9-4400-9e10-cde0bc33f351,Visit,17:57.3,Mobile,West,Paid,0,Yes,
5656,9987307a-1823-40d4-9421-ea4508b5b5e1,Visit,15:03.7,Desktop,South,Paid,0,Yes,
5657,bd90622d-d9ab-41f5-b714-512104f45f7a,Visit,30:25.2,Mobile,South,Paid,0,Yes,
5658,10756cf2-48ba-4e87-b00d-b9bd07ea72bc,Visit,50:47.1,Desktop,West,Paid,0,Yes,
5659,eaff7889-ae2c-4f9d-85c7-970473cb76c8,Visit,03:52.1,Mobile,East,Referral,0,Yes,
5660,6e52bb70-38ca-43de-aed8-73fd17b7687c,View Product,03:49.5,Tablet,South,Organic,0,Yes,
5661,edc1ab60-843a-42ae-ace9-d6ad658a8c2b,Visit,43:04.2,Desktop,East,Referral,0,Yes,
5662,7eff3fb6-5f85-47c2-9e01-37d4271fa3cd,Add to Cart,47:37.3,Tablet,North,Paid,0,Yes,
5663,099b040f-59f6-4d55-962d-879e3d2c3786,View Product,23:37.4,Tablet,North,Paid,0,Yes,
5664,d69dc7a7-f2c8-430f-9ff0-498a93bd80e6,Visit,30:34.0,Mobile,North,Referral,0,Yes,
5665,4b10d73d-dd68-4c6c-9178-971d698463fc,Visit,13:53.1,Tablet,East,Organic,0,Yes,
5666,df094b43-c2ae-4f49-9c2a-41a098c39f91,Visit,03:22.6,Mobile,West,Organic,0,Yes,
5667,2145d819-2349-41c2-9d5b-5101532cee85,View Product,51:26.9,Tablet,South,Organic,0,Yes,
5668,f4f002ff-a0db-4aff-94b6-2c1ffc7d5d4f,View Product,15:27.3,Desktop,West,Referral,0,Yes,
5669,7ddf7bc3-ebf7-474d-ab36-ba8bdc0dac1b,View Product,36:59.8,Mobile,West,Referral,0,Yes,
5670,58dae307-6372-41fb-8a12-147b34842c53,Visit,52:39.2,Mobile,North,Paid,0,Yes,
5671,1a3bdd00-d273-4cc6-92b0-021cec5364bf,View Product,30:03.1,Tablet,South,Organic,0,Yes,
5672,3cd79ae6-f07e-48cb-95f8-24c8085f92be,Visit,48:49.9,Mobile,North,Organic,0,Yes,
5673,df1235e4-bba1-44a5-897a-c97991d4c7cd,View Product,04:56.9,Mobile,North,Organic,0,Yes,
5674,d18cf5b0-b2ac-40f2-82f2-40c15bab0cd2,Visit,04:30.5,Desktop,North,Referral,0,Yes,
5675,932da617-c301-4236-bed2-fa115d3aca54,Visit,05:23.9,Desktop,South,Referral,0,Yes,
5676,55c48de0-e04d-4b28-88e9-46ea6c9694d5,Visit,21:31.1,Tablet,West,Referral,0,Yes,
5677,e5fe297a-5987-4edb-b8f4-8d19f558e213,Visit,15:02.8,Tablet,North,Referral,0,Yes,
5678,ea19f827-b8da-4672-9d08-caed023952ec,Visit,45:36.5,Desktop,East,Organic,0,Yes,
5679,99b052e3-6f95-4caf-9f3a-3b153cd56ac8,Add to Cart,33:08.1,Tablet,South,Organic,0,Yes,
5680,ddf71e9a-16a1-4649-9d0e-2248f626747b,Visit,09:33.4,Desktop,East,Paid,0,Yes,
5681,f546df38-c976-4af9-a434-02b07c2f93f6,Visit,54:32.1,Mobile,West,Referral,0,Yes,
5682,c309dd3f-9346-462c-9b0f-a15220e8dcd0,Visit,16:18.2,Desktop,West,Referral,0,Yes,
5683,4712d273-f682-42b6-863d-f9ebd489b050,Visit,18:57.4,Desktop,West,Paid,0,Yes,
5684,bd3e5c68-917b-4224-9e9e-4ad24bfcdcbd,Visit,55:39.0,Desktop,North,Paid,0,Yes,
5685,3b1cd6fe-9e14-412d-89c3-05910d3cadab,Visit,44:38.4,Mobile,East,Organic,0,Yes,
5686,0f5f097c-381d-45f9-ab94-9d26f8dd914e,Visit,43:37.3,Tablet,East,Referral,0,Yes,
5687,e4b1347c-64d0-42dd-8ef5-b48cbdb8bd62,Visit,24:52.7,Mobile,West,Paid,0,Yes,
5688,6650a149-b5be-4c07-b1f8-cc4550c5c03e,Visit,03:31.4,Desktop,North,Organic,0,Yes,
5689,597b159a-b516-4490-823e-41c4188fc000,Visit,21:11.7,Mobile,North,Referral,0,Yes,
5690,a880cccb-5a63-4f53-8d9a-e35df6e8250e,Visit,25:35.8,Tablet,West,Organic,0,Yes,
5691,899635d0-4166-47d9-b933-62e9d7d3d3e2,Visit,33:23.7,Desktop,West,Organic,0,Yes,
5692,4f96330e-d891-4c4d-9e56-d26ed465e08b,Visit,19:42.2,Mobile,North,Referral,0,Yes,
5693,a07a9255-288e-40d2-a869-14ddcbb3dcbb,View Product,24:32.7,Mobile,East,Paid,0,Yes,
5694,dd62adea-434c-4b35-b71e-62822127ede2,Visit,54:39.8,Tablet,North,Organic,0,Yes,
5695,717adb43-1a82-4001-899e-cb00ebb30bda,View Product,07:07.1,Desktop,West,Paid,0,Yes,
5696,02b6704b-3061-4156-805d-2d96e3bdf39a,Visit,02:22.0,Desktop,East,Organic,0,Yes,
5697,ff6f41bd-84b4-4487-85e2-e3069d5dcb72,Visit,13:18.4,Desktop,North,Paid,0,Yes,
5698,4c9825b0-166f-4481-b220-f7df53ed3710,View Product,42:23.3,Mobile,South,Organic,0,Yes,
5699,c940bd36-7bc8-44c3-a629-8d3ff3b71d76,Visit,33:50.1,Mobile,West,Referral,0,Yes,
5700,c7a8cd2c-73bd-477f-ab19-b90f83096cb3,Visit,47:03.7,Desktop,West,Paid,0,Yes,
5701,3fad9540-d85b-413b-beb4-bcb596697f74,Visit,40:20.4,Tablet,South,Referral,0,Yes,
5702,c446020c-9c9f-4fef-89ce-90f6b18062c0,View Product,16:47.8,Tablet,North,Referral,0,Yes,
5703,8db53976-fa28-4a08-83a4-10775a5e0ce3,Visit,23:25.9,Tablet,South,Referral,0,Yes,
5704,d8703f38-d429-4a45-94ca-739cefc5d312,Visit,48:23.3,Tablet,West,Organic,0,Yes,
5705,ce9842aa-529f-4a5d-a5a8-ee0a41c287f7,Visit,38:17.2,Tablet,North,Organic,0,Yes,
5706,e57ecc97-e9ae-4b6d-a544-c4ca9c9c60e1,Visit,29:04.8,Mobile,South,Paid,0,Yes,
5707,5c80a980-9c8e-431a-800a-8451c3a3e786,View Product,56:23.7,Desktop,East,Organic,0,Yes,
5708,dd6a40e1-8e37-4153-b6e0-9bd6654820bd,Visit,32:42.8,Mobile,North,Paid,0,Yes,
5709,7da0951e-4668-4d84-bf85-598543dd14cf,Visit,40:06.2,Tablet,North,Paid,0,Yes,
5710,79bb37c6-c2a0-4499-b022-316719f8fb59,Visit,12:32.4,Mobile,East,Referral,0,Yes,
5711,24150880-b54c-4d6c-b342-9ed4ca92e831,Visit,39:43.2,Tablet,North,Referral,0,Yes,
5712,612ca858-42cc-4f00-ab29-3f798149bd18,Visit,24:06.3,Tablet,South,Organic,0,Yes,
5713,62600390-174f-4fa2-a3c1-70066d2b04a9,Visit,15:50.1,Desktop,South,Organic,0,Yes,
5714,b22d1488-befc-4254-be58-93d6dcd43b10,View Product,39:01.0,Mobile,East,Referral,0,Yes,
5715,75621eee-020c-45d8-b49f-70cb952eb655,Visit,00:01.2,Desktop,North,Referral,0,Yes,
5716,9a3f0584-01b8-4b93-b6ea-c0ad905b708e,Visit,46:05.7,Tablet,North,Referral,0,Yes,
5717,d5aa7a6c-6311-4a7e-b65b-de3f4c72ee2b,Visit,48:25.0,Tablet,East,Referral,0,Yes,
5718,43d172e1-64eb-4580-9291-ac2b1a5def38,Visit,10:46.1,Mobile,North,Paid,0,Yes,
5719,53a3d979-cee4-4d02-a9f6-87f0dabd7b8d,Visit,01:27.6,Desktop,South,Referral,0,Yes,
5720,4cd12ea4-4a1f-4c40-aae4-11ca03631496,Visit,31:02.5,Tablet,West,Organic,0,Yes,
5721,9687fb64-f2bf-4c71-b270-e633376367a1,Visit,11:15.6,Tablet,North,Paid,0,Yes,
5722,1a3387ca-bb0c-4daa-8e0d-beab3428603f,Visit,22:12.2,Desktop,North,Paid,0,Yes,
5723,ffcab6d2-070b-40a1-a93c-0a08056091a2,View Product,49:45.3,Desktop,North,Referral,0,Yes,
5724,2d9c140a-3241-4f3b-aaf1-757b22c2181b,View Product,45:01.0,Desktop,North,Paid,0,Yes,
5725,70dc0974-eb81-4e10-b9dc-aad4a976f256,Visit,11:00.9,Mobile,North,Referral,0,Yes,
5726,db4bdab3-0b5c-448c-afd6-fb54ebe17f03,Visit,15:14.9,Mobile,South,Organic,0,Yes,
5727,e25086e8-0712-4d3a-b622-317bf41e2b95,Visit,03:59.6,Desktop,East,Organic,0,Yes,
5728,554c80b8-0200-4897-a441-947cac7e6cc0,Visit,58:35.7,Desktop,South,Organic,0,Yes,
5729,792ef443-c6bf-41ac-a7b1-3a2a872e1840,Visit,27:08.4,Mobile,North,Paid,0,Yes,
5730,89b78244-1bba-4808-b83e-e992f6038f12,Visit,16:22.4,Desktop,East,Paid,0,Yes,
5731,c4c25169-b122-4d0c-8011-5e6eaeb1c78d,Visit,22:33.0,Tablet,South,Paid,0,Yes,
5732,c6044a8d-5caf-464d-abbb-cfbca9b50b43,Visit,09:46.4,Tablet,North,Organic,0,Yes,
5733,aa2f3c92-0190-446e-99bb-a5ac647e4d3d,Visit,46:29.0,Tablet,South,Organic,0,Yes,
5734,ebafa1be-9c0e-45b6-8eb8-3f797e6db8ff,Visit,26:57.9,Mobile,South,Paid,0,Yes,
5735,c185b3df-b44e-4496-8afe-7acda9e54cdf,Visit,40:24.1,Desktop,South,Paid,0,Yes,
5736,bad759db-77c5-4ef4-b1e8-e24667efcf3a,Visit,50:59.8,Mobile,East,Organic,0,Yes,
5737,1d59f0b2-61e2-41e6-a2a1-1b435a2686c9,Visit,16:36.3,Tablet,North,Organic,0,Yes,
5738,1e73d3e5-0d7f-4420-838f-418450864fdb,Visit,12:30.3,Mobile,North,Paid,0,Yes,
5739,0c57dbae-12e7-4f64-a756-f223ce4f78bb,Visit,40:22.6,Mobile,East,Organic,0,Yes,
5740,65f73987-5541-41e4-843d-6347a29a8a48,Visit,23:46.2,Desktop,North,Organic,0,Yes,
5741,d7ab30bb-e88f-4f58-9be1-d43ddfa3f91e,Visit,53:56.2,Desktop,North,Organic,0,Yes,
5742,6cf84eed-780f-4a9a-b9c1-9cb1dea45aaf,View Product,31:18.1,Desktop,North,Paid,0,Yes,
5743,4c07be96-3902-4c96-a3d2-03ff99158e4b,Add to Cart,19:38.8,Mobile,West,Referral,0,Yes,
5744,8bddc4a7-35b2-4022-8bb4-c1a5797b64b1,Visit,57:18.8,Desktop,North,Referral,0,Yes,
5745,89eb987d-650b-4975-9e16-c572c540d360,Visit,59:23.1,Desktop,West,Paid,0,Yes,
5746,4ad2222a-1946-4e56-827b-f17ef588c7e8,Visit,29:19.9,Tablet,North,Referral,0,Yes,
5747,05c7575c-2030-4805-ae20-effa08abce58,Visit,26:08.3,Mobile,North,Paid,0,Yes,
5748,42839ba7-358a-4536-83a7-f189d0a9df2b,View Product,30:33.5,Desktop,West,Referral,0,Yes,
5749,09a8ffa6-bcef-491e-8f5c-9b5e442beffb,Visit,42:47.8,Mobile,North,Referral,0,Yes,
5750,2c039fd8-7a94-4c53-9e76-ec9995a1573d,Visit,32:11.6,Desktop,North,Referral,0,Yes,
5751,214a39d9-7c46-49b6-8048-87bbd368997d,Visit,48:55.8,Tablet,North,Organic,0,Yes,
5752,f41bc798-d61e-4e58-a904-1e726883cbbf,Visit,26:38.9,Tablet,South,Organic,0,Yes,
5753,554ae584-5218-4cf4-809c-f83af96b99d0,Visit,02:21.7,Desktop,North,Paid,0,Yes,
5754,e22c0f0c-bc37-4f83-80aa-97f191163276,Visit,01:01.8,Tablet,West,Paid,0,Yes,
5755,0eec26a5-699a-43f0-89ba-fa2ace23522d,Visit,45:14.3,Desktop,South,Paid,0,Yes,
5756,8d66a6d2-6751-413f-a973-c45d07b6d4bb,Purchase,05:37.2,Tablet,East,Paid,1476,No,No
5757,5a60fdbc-0786-4a01-8513-89d906c7bca3,Visit,38:26.3,Mobile,West,Organic,0,Yes,
5758,1f16ef1b-a90d-4814-8b44-6e9011f28456,View Product,32:44.0,Desktop,East,Paid,0,Yes,
5759,9751b679-be53-45ce-a329-02c290dc67e3,Visit,40:16.9,Desktop,North,Paid,0,Yes,
5760,46132f20-acbb-40ec-800f-084d383625c3,Visit,09:50.4,Mobile,North,Organic,0,Yes,
5761,8b056fbc-5900-4984-9233-d3e01c953810,Visit,53:47.7,Tablet,West,Organic,0,Yes,
5762,ab2933eb-b6d5-4f6f-b801-36f6b03d31de,Visit,31:51.8,Tablet,East,Paid,0,Yes,
5763,54d55921-78e9-42ab-a9ea-e90120826af9,Visit,27:32.1,Tablet,East,Referral,0,Yes,
5764,2b73bc2a-6afb-4fad-8b1d-96234e6f3a96,Visit,16:08.5,Desktop,West,Referral,0,Yes,
5765,74f8a12c-3a03-49bd-8920-0a2fb10183b8,Visit,18:39.7,Mobile,East,Paid,0,Yes,
5766,c50d8cc1-30ab-4985-9e2d-aa04494c0a15,View Product,15:15.9,Desktop,East,Referral,0,Yes,
5767,77fec091-8aec-468e-81f6-9deaf90d3486,Visit,13:02.8,Mobile,West,Paid,0,Yes,
5768,b6d0c950-3bc1-47d9-84f9-4546fa91e382,View Product,26:42.8,Desktop,South,Paid,0,Yes,
5769,5d4cf9c0-c856-4cf0-a2d9-89e9d2dd6bbc,Visit,34:21.4,Desktop,West,Organic,0,Yes,
5770,11659cf0-1e2d-47ce-8502-6f57f8d13dfa,Visit,49:21.2,Tablet,North,Referral,0,Yes,
5771,738b42b6-0e2a-48fe-bb2a-c24851d3095d,View Product,20:02.5,Mobile,North,Organic,0,Yes,
5772,7c7eaca9-72bd-48db-a744-7709b4bab4a9,Visit,26:51.2,Mobile,West,Referral,0,Yes,
5773,8463e01c-20c7-44d5-93bc-42fb108c15f2,Visit,21:12.5,Desktop,South,Organic,0,Yes,
5774,1aae04df-fa16-4f33-9308-ffdd010ce0c0,Visit,40:37.4,Mobile,East,Paid,0,Yes,
5775,ba7e8906-b48f-4680-9e3d-2ebc8952cbae,Visit,10:58.5,Mobile,East,Paid,0,Yes,
5776,2dea05d5-d343-4bc9-a6cd-a1a6490e067f,Visit,43:01.2,Desktop,East,Referral,0,Yes,
5777,140fe875-6156-49fe-913c-23f41e970d49,Visit,37:52.3,Mobile,North,Referral,0,Yes,
5778,fd6967db-206d-4cc8-8109-c69ac8c15d06,Visit,21:10.0,Mobile,West,Referral,0,Yes,
5779,63ba38ff-38bf-4a59-b9dd-aabe8a8616bf,Visit,57:00.4,Desktop,North,Organic,0,Yes,
5780,ea8faa66-061c-4c5c-a845-bbd54f992f4f,Visit,46:18.6,Tablet,West,Referral,0,Yes,
5781,0a59c961-2b61-4e0d-8e17-118e141ecbd7,Visit,10:55.6,Tablet,East,Referral,0,Yes,
5782,f2f3a309-3ac1-41f0-a06c-f877d3f41deb,Visit,31:16.9,Desktop,North,Paid,0,Yes,
5783,129d40f6-ce4a-4212-a0b9-d33c93f211ef,Visit,59:53.1,Desktop,West,Paid,0,Yes,
5784,7dc4632a-06ca-4c1f-ba0e-573476b37340,Visit,08:35.1,Mobile,South,Referral,0,Yes,
5785,097cbaaf-b9cc-412a-aebf-ebbdf3827545,Visit,59:36.8,Mobile,North,Paid,0,Yes,
5786,e5515da6-3f87-4a11-9a03-67a3d5ac5b83,Visit,49:00.8,Mobile,South,Organic,0,Yes,
5787,174d216d-8ef4-426a-84ce-4854e8ee92c9,Add to Cart,46:00.2,Mobile,North,Paid,0,Yes,
5788,5ebce4a8-b3c2-4d32-915a-e45401bea891,Visit,37:46.3,Tablet,South,Paid,0,Yes,
5789,faea0e2f-adea-4aad-9de3-57c27e96aef5,Visit,42:20.5,Desktop,North,Paid,0,Yes,
5790,beaaa298-f25e-4b9c-bd6f-4cfbed860c73,Visit,00:12.6,Mobile,West,Referral,0,Yes,
5791,4d11735b-368b-4a95-867a-645896da4273,Visit,03:27.2,Desktop,East,Organic,0,Yes,
5792,69c37a32-910b-4aeb-9678-cda4353ace48,View Product,22:18.8,Tablet,North,Referral,0,Yes,
5793,c5c5c393-4ce8-46c6-b109-59376ef25ed4,Visit,45:53.3,Tablet,South,Organic,0,Yes,
5794,77df5e35-1e7e-49a1-b292-806a2cc554a4,View Product,50:02.1,Mobile,South,Referral,0,Yes,
5795,9944de02-a90e-47fd-92bd-0c8f0aa6e86f,Visit,19:28.3,Desktop,West,Referral,0,Yes,
5796,75ca78f8-6a3d-4ae4-8b77-2dfe80249f3c,Visit,17:29.9,Desktop,South,Referral,0,Yes,
5797,2b4604df-ed09-4043-8e0d-d5a858768ab6,Visit,38:47.3,Mobile,North,Organic,0,Yes,
5798,2eba4caa-55eb-4f4e-95f1-4f84c303466c,Visit,22:07.6,Tablet,North,Referral,0,Yes,
5799,a84b6420-121d-4f34-82c1-a464a61fc398,Visit,01:42.9,Tablet,South,Organic,0,Yes,
5800,eb21352f-d10c-49d8-84b6-7cd07c05d977,Visit,52:24.4,Desktop,North,Referral,0,Yes,
5801,767b7689-69b1-40cb-b47c-9692d0716e91,Visit,39:28.4,Desktop,South,Organic,0,Yes,
5802,04b6701e-e9d5-4701-bba7-dabe6b6a9655,Visit,07:53.4,Desktop,West,Referral,0,Yes,
5803,e1ac65f4-6f3b-49ef-a84e-193f8031e771,Visit,03:46.3,Tablet,North,Referral,0,Yes,
5804,83f9ede8-2792-4b85-bd6b-bb3d94a91901,Visit,09:54.2,Mobile,West,Organic,0,Yes,
5805,d9e8f470-01fd-4dcd-9350-6a37d088ac39,View Product,48:56.9,Tablet,South,Organic,0,Yes,
5806,ec96b5cc-e866-4233-a614-94c85500e473,View Product,41:42.8,Tablet,North,Organic,0,Yes,
5807,bf877e8f-5ec8-40ec-819d-c90aa7e14821,Visit,47:45.7,Desktop,East,Organic,0,Yes,
5808,4a452d0f-8a5e-47ac-827a-d6bc108e48e3,View Product,10:53.3,Tablet,South,Paid,0,Yes,
5809,9089d19f-29d6-4da7-bebb-f7277fc6c0c3,Visit,08:51.1,Mobile,North,Paid,0,Yes,
5810,f313f186-7a41-47c2-ad83-de1728b07ef9,Visit,45:33.5,Tablet,East,Paid,0,Yes,
5811,d4fff19a-3331-4a98-8a93-f55561d2ddc0,View Product,47:20.7,Tablet,West,Paid,0,Yes,
5812,ce4cb93c-b378-4cfe-8b7f-0acf458e7582,Visit,04:53.5,Mobile,West,Referral,0,Yes,
5813,c00da340-b75e-47bc-95ec-4557d0eebf3a,Visit,11:28.6,Mobile,South,Organic,0,Yes,
5814,018100f1-ad8d-4918-8ab0-3ea47407fa63,Visit,28:25.8,Mobile,East,Paid,0,Yes,
5815,5e0f0e7a-b32c-403f-ab8d-8e9706aba35a,Visit,16:09.7,Desktop,North,Referral,0,Yes,
5816,05ff15ad-7814-4f04-a94d-0d994ef91b7f,Add to Cart,14:24.7,Desktop,East,Paid,0,Yes,
5817,2a8eb803-e480-44b5-9139-240989cdc208,Visit,19:40.7,Desktop,South,Organic,0,Yes,
5818,ca44a81d-7fcb-43f6-a430-3ae2224bf776,Visit,07:14.0,Mobile,North,Referral,0,Yes,
5819,a2cd1ff6-141d-42ab-a49c-6ed65df3ea81,View Product,11:06.5,Desktop,North,Organic,0,Yes,
5820,f4dac26e-2fab-4053-ba8d-cc14ec611d76,Visit,42:31.6,Mobile,South,Paid,0,Yes,
5821,1d60680d-350c-4a58-8c19-aa12d49b82e9,Visit,35:31.4,Mobile,West,Organic,0,Yes,
5822,56900584-1621-4d99-88f6-f0043b9a6f9f,Visit,50:46.6,Tablet,West,Paid,0,Yes,
5823,164f8b43-39a4-4158-99f8-7aba53cfd367,Visit,46:25.4,Tablet,East,Paid,0,Yes,
5824,dcdd8d9b-d098-4f55-a2cc-fea929b8d77d,Visit,42:37.9,Tablet,South,Organic,0,Yes,
5825,ee81a695-ac02-44d5-99c1-870121ad359b,Visit,59:52.3,Desktop,North,Paid,0,Yes,
5826,49b0c003-fb44-4cf5-b4cb-804d47e19227,Visit,32:23.6,Desktop,West,Organic,0,Yes,
5827,27264a1f-b0ad-402e-b620-5967f4b3a93c,Visit,14:25.0,Desktop,West,Referral,0,Yes,
5828,ec8ba1c6-837f-4b1b-b4a1-0e7fdb6c8b58,View Product,46:56.3,Desktop,South,Paid,0,Yes,
5829,3f96e65e-8827-4877-a5c0-f576074bf3cc,Visit,08:19.1,Tablet,South,Referral,0,Yes,
5830,618b6c9b-7f5b-44ad-84f9-787a84944446,Visit,48:08.8,Tablet,South,Referral,0,Yes,
5831,a017ee1c-22c2-486c-9fb6-a9eeed6191dd,Visit,57:05.5,Desktop,East,Paid,0,Yes,
5832,e13edbf1-4dae-47d5-9801-89f55c910c5c,Visit,19:04.5,Desktop,East,Paid,0,Yes,
5833,799e44af-80fe-4821-b936-8e7beb8307ea,Visit,59:08.8,Tablet,East,Paid,0,Yes,
5834,3b5955cd-413e-48d8-b413-cb9c3bfd3752,View Product,04:21.7,Desktop,North,Organic,0,Yes,
5835,27e178b1-8aab-48c8-8b21-306b82c0ac67,Visit,07:48.5,Mobile,East,Referral,0,Yes,
5836,59a4c76b-8834-4cc6-9e75-549aded0c365,View Product,02:24.1,Mobile,West,Organic,0,Yes,
5837,d41b22fb-c557-4562-9395-7dd3a85bd2ea,Visit,19:26.8,Tablet,East,Paid,0,Yes,
5838,2ce87b33-3441-4a1d-82a6-e928e212bb9b,Visit,09:11.5,Tablet,East,Organic,0,Yes,
5839,bd65fefb-1c7b-451f-953d-ba6a5bddb5c3,Visit,35:00.4,Desktop,North,Paid,0,Yes,
5840,ca0d1406-879b-47ab-ad26-9effa964a410,Visit,43:38.1,Desktop,West,Organic,0,Yes,
5841,1ea76a8f-dd01-482d-9f9a-41c1a276e284,Visit,13:27.2,Mobile,East,Paid,0,Yes,
5842,96ddd991-076c-4ab1-8dc8-476cd1faa423,Visit,26:21.4,Tablet,South,Organic,0,Yes,
5843,07cda8c4-0815-4092-af09-66de44a3baf9,Visit,19:46.1,Mobile,North,Paid,0,Yes,
5844,00c3383f-5a91-44b0-9ac3-61c0d412216d,Visit,28:21.1,Mobile,West,Referral,0,Yes,
5845,0954754d-c659-4359-b6ec-01d1caebcebc,Visit,01:10.7,Mobile,North,Referral,0,Yes,
5846,f0fe7660-38da-4ac8-acf5-700aa205e2ca,Visit,10:04.2,Desktop,North,Referral,0,Yes,
5847,0beaa21d-b6da-4e49-870d-8fb3071f7142,Visit,13:27.4,Tablet,North,Organic,0,Yes,
5848,e7c060ea-0d5e-4c74-b0e4-7f059461d1cb,View Product,30:15.3,Desktop,West,Organic,0,Yes,
5849,817f4286-7766-40f6-a1ee-d6bd664daad9,Visit,44:04.2,Desktop,West,Referral,0,Yes,
5850,392c9d62-26d0-4ed4-81af-30c1b4c295d0,Visit,21:15.7,Mobile,West,Referral,0,Yes,
5851,accf3db1-0267-418c-9cc9-d854788038b5,Visit,19:31.1,Mobile,East,Paid,0,Yes,
5852,2074a294-853b-459c-8278-7e867edb930e,Visit,42:30.8,Desktop,West,Referral,0,Yes,
5853,a71a789e-3ed8-49a9-b0e2-da9e0f21f3b8,Visit,51:49.4,Desktop,West,Organic,0,Yes,
5854,490900e4-b4fd-42c8-b284-4412cecd00fb,View Product,21:50.8,Tablet,West,Organic,0,Yes,
5855,b1814290-295c-45bb-a5fd-d330868aef38,Visit,09:23.6,Tablet,North,Paid,0,Yes,
5856,4dd99c2e-be8e-4de0-999c-f7054571d122,Visit,02:44.0,Mobile,North,Referral,0,Yes,
5857,9793e7fd-9ead-4d05-94d8-4f6a11fd12c0,View Product,46:32.3,Desktop,North,Organic,0,Yes,
5858,60e62afa-78ad-4b70-97fe-bac8011cdddd,Visit,15:59.9,Desktop,West,Referral,0,Yes,
5859,c8e9c9f5-1ccc-4a20-bc16-c9554de03a07,View Product,45:18.9,Tablet,East,Referral,0,Yes,
5860,095b8841-8a7c-45f3-b1f3-70d80572d96c,Visit,46:12.9,Desktop,South,Paid,0,Yes,
5861,bbb85912-504c-4651-80dd-b2f63761455b,Visit,34:30.3,Mobile,West,Organic,0,Yes,
5862,903a28a7-1099-4f65-adec-69aa33fb01cd,Visit,34:01.4,Desktop,East,Organic,0,Yes,
5863,e6a595a0-7ab7-4647-b7fd-8b87f4c0cc0c,Visit,44:08.6,Tablet,West,Organic,0,Yes,
5864,7a4886a7-3702-49fd-8cd3-ec714d98eef7,Visit,13:35.9,Mobile,South,Organic,0,Yes,
5865,82c1ef9a-9bab-4ec2-b72e-1f2c6880f479,Visit,30:03.2,Desktop,West,Paid,0,Yes,
5866,ad4fd724-5e0d-49b7-9849-103b51de8edb,Visit,37:01.5,Mobile,East,Paid,0,Yes,
5867,a5f53e91-13e3-4e49-ad6d-a32d12d1d5cf,Visit,09:49.9,Mobile,North,Organic,0,Yes,
5868,bb1d968d-36e7-4fbb-beda-e284e0f14743,Visit,29:04.0,Tablet,North,Paid,0,Yes,
5869,ef90dd68-0105-4cd1-ace9-f071f675b66d,Visit,49:28.0,Tablet,West,Referral,0,Yes,
5870,036dbc6b-7be2-4307-ac1a-74af12cbc909,Visit,01:21.0,Tablet,West,Organic,0,Yes,
5871,d447caad-699a-4799-96b5-22e9fb0abdff,Visit,15:02.5,Tablet,North,Organic,0,Yes,
5872,accb52d1-b638-4de7-864b-489869ecaf96,Visit,24:28.2,Tablet,West,Paid,0,Yes,
5873,894262aa-9119-4686-b233-30dca7308e00,View Product,02:20.1,Mobile,West,Referral,0,Yes,
5874,d2cdfb6b-1414-4013-b4ac-9fcbe93b7382,Visit,34:34.8,Desktop,West,Paid,0,Yes,
5875,8e7dd0f8-08de-4aa9-995a-979227ca1e05,Visit,35:02.7,Tablet,North,Paid,0,Yes,
5876,5da19190-3b02-4a92-9422-653f54b50a89,View Product,55:40.8,Tablet,North,Organic,0,Yes,
5877,860c000f-657a-4c37-ba34-7eb7c5fea850,Visit,55:27.6,Desktop,North,Organic,0,Yes,
5878,ff3bb4da-08df-4888-a9ea-e4259ecd9a4a,Visit,09:01.6,Tablet,North,Organic,0,Yes,
5879,d99844cc-518b-4b81-9323-dbfd3eda91c8,Visit,43:59.5,Desktop,West,Organic,0,Yes,
5880,c873ee48-40c3-4281-a0ec-7dd4520e4c9e,Visit,09:17.6,Desktop,West,Referral,0,Yes,
5881,08e7092f-01aa-472f-b2f9-cb753bfb14ff,Visit,19:53.3,Tablet,North,Organic,0,Yes,
5882,d88b46fe-2f45-4fde-bf54-66218bdc6fa2,Visit,49:19.1,Tablet,North,Organic,0,Yes,
5883,613247e6-8a8a-44bb-99c3-fb0492950fa2,Visit,59:07.3,Mobile,North,Referral,0,Yes,
5884,c62bd534-1c38-4473-be25-24131bcee426,Add to Cart,06:26.8,Mobile,East,Referral,0,Yes,
5885,a6edaf8d-3191-44b8-93f0-95601649cf6e,View Product,56:51.4,Desktop,South,Paid,0,Yes,
5886,1da0ef40-bd36-44cd-ad34-23ce3a7cc1dc,Visit,56:54.3,Tablet,East,Organic,0,Yes,
5887,53fda496-2baa-4b12-b2d3-d15b5a5b9c10,Visit,48:12.3,Desktop,South,Referral,0,Yes,
5888,c9264c25-7c1f-438a-9f26-973f4ac8864a,Visit,40:00.4,Tablet,West,Paid,0,Yes,
5889,9a11002c-12f8-470d-9b00-b9707c6a2cf5,View Product,44:46.1,Tablet,West,Paid,0,Yes,
5890,5a2ecc1b-86b0-45dc-87eb-d699e92e414b,Visit,29:18.6,Tablet,South,Paid,0,Yes,
5891,f01764e7-66c9-4735-be60-c1e5e0d166a8,Visit,56:11.8,Mobile,South,Organic,0,Yes,
5892,0db2df95-e5a1-46c4-87ec-766dc64efce8,View Product,20:07.3,Mobile,East,Organic,0,Yes,
5893,8e0e1c80-fcc6-4982-b3c3-bb7e12e86228,Visit,16:26.4,Desktop,North,Paid,0,Yes,
5894,d1ac1523-4ff5-43f5-ab61-13ded08b0490,Visit,08:02.6,Mobile,North,Referral,0,Yes,
5895,f4642cfe-90c9-46ad-8792-3858650c007c,Visit,55:01.8,Mobile,West,Referral,0,Yes,
5896,bb68fc2c-2a48-4db9-840d-f6051ab4f107,Visit,12:45.4,Tablet,West,Organic,0,Yes,
5897,d4f72136-fb4b-44ec-83b5-fa00c800eee3,Visit,38:37.5,Desktop,North,Paid,0,Yes,
5898,0851c066-0d5c-4821-8eb4-9e5eb461165b,Visit,10:43.5,Desktop,North,Referral,0,Yes,
5899,75500248-49e3-4824-bf1c-a6da7316f75d,Visit,57:27.0,Tablet,South,Organic,0,Yes,
5900,6c35dfe1-d53f-4ba3-8f78-f521a01240cd,Visit,30:54.3,Mobile,West,Organic,0,Yes,
5901,2baa8606-e2c5-423f-a321-25e25004b4e5,Visit,57:57.4,Tablet,South,Referral,0,Yes,
5902,e44fb4b0-1f84-4d56-8a50-aeb3a0928b54,Visit,05:44.0,Mobile,South,Organic,0,Yes,
5903,fdfee7e2-d132-40ff-8e4c-97eb5e5bca1b,Visit,27:28.3,Desktop,North,Paid,0,Yes,
5904,7fe0db4f-9d23-4045-ad42-92202932b292,View Product,00:35.7,Desktop,East,Organic,0,Yes,
5905,f082a635-8990-408a-96f7-66d696508164,Visit,46:49.6,Tablet,East,Paid,0,Yes,
5906,17aff3a0-fc15-465f-a812-6bbc0c73c48c,Visit,23:25.0,Mobile,North,Organic,0,Yes,
5907,d0d83e8d-06ae-4961-80bf-80a674d053a0,Visit,26:25.6,Tablet,East,Paid,0,Yes,
5908,102280d9-a7ee-4640-8214-f9434a56b6cf,View Product,29:09.2,Tablet,East,Organic,0,Yes,
5909,75df0414-015c-4b27-a1b5-2a820c6f1bee,Visit,50:53.2,Mobile,South,Paid,0,Yes,
5910,7f78e07d-7f9d-4c79-97e9-5106b2725a70,Visit,05:53.1,Desktop,North,Referral,0,Yes,
5911,6c7ddf6b-6e58-4a5b-adb7-8acbadde82d1,Visit,45:06.3,Tablet,East,Paid,0,Yes,
5912,61bcc3e9-e40f-49dd-b5df-3e3c49fe2647,Visit,59:22.4,Desktop,East,Referral,0,Yes,
5913,ecc7d658-ab24-4e30-bfc9-00051a029609,Visit,20:54.4,Mobile,West,Referral,0,Yes,
5914,dc7368f1-2745-4c41-b344-f0aae4993323,Visit,28:16.8,Mobile,East,Paid,0,Yes,
5915,4b2f7d02-8775-4e0a-bccf-447095e1e2fa,Visit,31:36.5,Mobile,East,Organic,0,Yes,
5916,85a44c9c-d956-41d6-b3dc-ab11f4db6361,Visit,47:16.2,Mobile,North,Organic,0,Yes,
5917,72db6932-6a71-441e-a169-7f05855b2a3c,View Product,40:20.0,Mobile,South,Organic,0,Yes,
5918,93bc76f5-9a97-4ef9-bcfe-dd3af7219b6a,Visit,14:07.9,Desktop,West,Referral,0,Yes,
5919,b202e22e-e0d9-46d5-8a0b-debdc61a2177,Visit,02:42.8,Desktop,South,Referral,0,Yes,
5920,745f8e20-9588-4b57-92f8-7d388182baf1,Visit,28:03.5,Desktop,South,Paid,0,Yes,
5921,be9a8040-957a-4eed-ad62-2b82619181ba,Visit,33:33.7,Desktop,South,Paid,0,Yes,
5922,e80af5ce-1a85-4b10-b856-1a6a85d387d0,Visit,47:14.1,Desktop,South,Referral,0,Yes,
5923,4a86a801-029a-4c72-bd19-58050c8ac506,Visit,46:52.6,Desktop,West,Paid,0,Yes,
5924,d1be5226-017b-43da-acf2-8469732fd8d3,Visit,04:15.5,Desktop,North,Organic,0,Yes,
5925,0b965473-84dd-46fd-b1df-e78b2b6f93f7,Visit,49:59.2,Mobile,North,Organic,0,Yes,
5926,52432bb3-2266-46e5-ac21-a7cdfbf1f356,Visit,32:47.7,Tablet,West,Paid,0,Yes,
5927,9fa3a82a-a33f-4846-be04-97eab0485989,Visit,47:32.7,Tablet,East,Organic,0,Yes,
5928,b0280d1c-45cc-4afc-91ba-59670c6646be,Visit,19:04.3,Tablet,South,Paid,0,Yes,
5929,4dae5643-2468-4222-b1f0-751882b47228,Add to Cart,38:41.7,Desktop,South,Referral,0,Yes,
5930,ecb412f5-4e94-4ae2-a98d-3894d5e10cd8,Visit,19:58.9,Desktop,North,Referral,0,Yes,
5931,25ef5af6-8ce7-4d18-ac8b-22d307a2bdd1,Visit,09:42.4,Mobile,North,Organic,0,Yes,
5932,0b2aa58c-bc72-4a26-8056-19b62dfb235a,Add to Cart,46:03.7,Tablet,North,Referral,0,Yes,
5933,33f4afcb-7cee-4388-a58a-de0b560143bf,Visit,16:03.8,Mobile,South,Referral,0,Yes,
5934,7a2f5ee7-ca19-464c-8bb4-61f26f62217c,Visit,25:24.4,Desktop,East,Paid,0,Yes,
5935,b8c3468e-68cf-4c3d-afbf-5cbfe694bc89,Visit,50:48.4,Desktop,North,Organic,0,Yes,
5936,7a5a1fb3-a894-4141-83c9-e112052cf34b,Visit,17:55.5,Mobile,East,Referral,0,Yes,
5937,fdc2ef9a-803d-4277-8a4b-c141a26aec1c,Visit,17:51.1,Mobile,West,Referral,0,Yes,
5938,504455a5-2d48-43ba-8bc0-b8dea862dee2,Visit,17:09.2,Tablet,North,Organic,0,Yes,
5939,ce9774c2-db52-42dc-94c5-f747b2d1900f,Visit,50:40.9,Mobile,East,Referral,0,Yes,
5940,cfd15c63-ffe5-4a5b-a05b-404d042b6d6e,Visit,03:14.0,Mobile,North,Paid,0,Yes,
5941,6a0d4d03-6a56-44b6-a84c-d97b6d46837b,Visit,00:50.7,Desktop,North,Paid,0,Yes,
5942,0bd6c6d9-2494-45d6-b832-73c7901454bc,Visit,47:03.6,Tablet,South,Organic,0,Yes,
5943,86ac5c6a-db70-4c98-9335-af635052c9ad,Visit,46:29.3,Mobile,South,Paid,0,Yes,
5944,eeccc4a5-e980-4e29-9ace-68c619c38dda,Visit,41:01.7,Mobile,West,Paid,0,Yes,
5945,3fa1d1b1-1fc7-4710-940d-cb3f6d2c6458,Visit,32:05.6,Desktop,East,Referral,0,Yes,
5946,7ad2b3a6-d13f-470d-9f12-5d4a373226cc,Visit,18:13.6,Tablet,East,Organic,0,Yes,
5947,0758c8e3-b6d1-48c5-9a33-e9773cb90b06,Visit,11:52.9,Desktop,West,Referral,0,Yes,
5948,bcf7ec08-9b55-41f8-9cd0-60a0088b7c2f,Visit,52:32.6,Tablet,South,Organic,0,Yes,
5949,c70d83b2-3e5c-4126-a692-e58785838673,Visit,18:00.8,Mobile,South,Paid,0,Yes,
5950,8861ed45-ae93-4584-b5b7-8a4cdd7d3906,Add to Cart,30:40.7,Tablet,East,Paid,0,Yes,
5951,3b67c48f-9764-444a-ab13-af4bc4f630bb,Visit,58:17.6,Tablet,North,Paid,0,Yes,
5952,0adda762-0bcd-4513-b59f-1aefbbbc4343,Visit,39:15.4,Mobile,East,Referral,0,Yes,
5953,5d0bf777-25bb-46c2-adba-dea7c66cc172,Visit,51:58.6,Tablet,South,Paid,0,Yes,
5954,5ff9d4a7-059d-480f-8081-015a576cc7a1,Visit,59:26.6,Tablet,North,Paid,0,Yes,
5955,1be51e30-6144-4614-9ad7-c5fdc476d071,Visit,07:59.8,Tablet,West,Organic,0,Yes,
5956,597a876b-8e84-44bf-b249-776ef3d4e5fc,Visit,38:54.0,Tablet,West,Referral,0,Yes,
5957,dca7591d-9e13-4586-a8e8-2a1602b3be40,Visit,59:53.5,Desktop,West,Organic,0,Yes,
5958,0a4952ee-783d-48a2-af91-27ea9b539a82,Visit,25:58.5,Desktop,East,Paid,0,Yes,
5959,1f8f2e2b-277c-4d41-9878-4e120060296c,Visit,09:48.4,Desktop,East,Organic,0,Yes,
5960,481d4714-76c0-41d0-a095-b13c03e024b6,View Product,51:54.1,Desktop,East,Paid,0,Yes,
5961,e26339f4-e874-40b8-82a7-e8aa1d624835,Add to Cart,16:23.9,Mobile,North,Referral,0,Yes,
5962,57d8399d-d8ba-4c8f-a3c6-a851ed6d531c,Visit,22:28.7,Mobile,South,Paid,0,Yes,
5963,27562346-dfb9-4d5f-9c42-d7da346091cc,View Product,02:34.5,Tablet,North,Paid,0,Yes,
5964,02e97560-b98e-44c2-b5fe-9cfcf9e4f8a7,Visit,02:59.6,Desktop,South,Referral,0,Yes,
5965,c05d9a5a-9dcd-4b06-a0ee-845a41f5a47f,Visit,19:00.8,Tablet,North,Paid,0,Yes,
5966,b12acfef-5200-4ecb-b8e2-68d602ef95d3,View Product,25:15.8,Desktop,West,Referral,0,Yes,
5967,cbf4faa5-37c6-4e9d-96f1-3271c2b543bc,Visit,41:48.4,Desktop,South,Paid,0,Yes,
5968,a666ea36-7a30-4347-b207-bfd174d07c68,Visit,17:26.4,Mobile,West,Organic,0,Yes,
5969,9d220626-46f5-4d25-bd0f-b03f02f511ff,Visit,06:55.8,Tablet,East,Paid,0,Yes,
5970,41752b6c-67f5-4809-b5f4-9f149b628c2f,Visit,39:34.0,Tablet,South,Organic,0,Yes,
5971,a79d4ff0-4937-438d-a4a1-4c83e5533786,View Product,13:48.7,Desktop,West,Referral,0,Yes,
5972,24eee832-185c-4f97-b815-7607512f654d,Visit,05:11.3,Tablet,West,Referral,0,Yes,
5973,e145c3eb-f895-4194-bc53-d352ef3e24b3,Visit,39:02.1,Mobile,North,Paid,0,Yes,
5974,3c7eb4ab-8d6d-456f-ab92-42bfc9e96147,Visit,31:57.4,Tablet,East,Organic,0,Yes,
5975,ac5ee85d-96f9-42c3-ac98-9728821829f7,Visit,43:17.7,Mobile,East,Organic,0,Yes,
5976,f3e84e23-f1db-49f3-83db-2d2308374426,Visit,43:20.8,Desktop,West,Referral,0,Yes,
5977,5a87c240-53da-4f6c-b779-3dff72c5a1a6,View Product,14:04.0,Tablet,North,Referral,0,Yes,
5978,0c8e128f-2126-417b-94aa-cf83b98aca00,Visit,02:13.3,Mobile,West,Paid,0,Yes,
5979,2ca40f96-0a5a-4565-8b41-e0752678fb14,Visit,00:21.0,Tablet,East,Paid,0,Yes,
5980,71e8355b-028d-4eba-a7c9-d3a858718345,Visit,22:30.9,Desktop,East,Paid,0,Yes,
5981,c1eab7d8-4104-490f-9c75-07add073bb2f,Visit,21:54.3,Mobile,East,Paid,0,Yes,
5982,373dc734-ce61-494d-a408-cdd43c43f6c3,Visit,48:15.9,Mobile,East,Paid,0,Yes,
5983,6314eac6-e69a-4363-bc5f-558e263b5568,Visit,24:16.3,Desktop,South,Paid,0,Yes,
5984,96018329-d354-42ed-9155-7746a182dc90,Visit,28:53.7,Mobile,North,Paid,0,Yes,
5985,2dfe1be8-71ec-4545-b032-86d66488a8b5,View Product,37:33.8,Tablet,West,Organic,0,Yes,
5986,016a581f-6980-4172-9a8e-6a498dcad855,Visit,35:21.7,Tablet,West,Referral,0,Yes,
5987,83a47cb3-9376-41f9-8232-c4384dcc7cea,Visit,02:17.4,Mobile,East,Paid,0,Yes,
5988,ea84d686-1a2e-4340-b725-d25ebfdb519a,Visit,17:45.6,Desktop,East,Referral,0,Yes,
5989,d1a73a9d-45eb-40fe-979b-cd1b8bf68abc,Visit,55:13.3,Mobile,North,Organic,0,Yes,
5990,494ce853-e0a8-44a2-b3dc-06d745f8f73e,Visit,33:19.6,Tablet,West,Referral,0,Yes,
5991,386bfce2-a2cd-48f2-bd4d-894a6e08717c,View Product,47:16.0,Desktop,West,Referral,0,Yes,
5992,5bce5241-5066-443f-86b6-fa8a0858bbde,Visit,29:21.2,Mobile,North,Paid,0,Yes,
5993,b7417281-f742-4b04-bceb-192fac41eb80,Visit,53:58.1,Desktop,West,Referral,0,Yes,
5994,a3269c66-32e3-44c5-89d0-3b52935ccc5a,Visit,38:20.6,Mobile,South,Paid,0,Yes,
5995,ab213f6d-684e-40d6-b62c-490a6b68adc1,View Product,52:35.2,Desktop,East,Referral,0,Yes,
5996,cf446953-b899-492f-aae6-6ac23d024505,Visit,51:48.8,Desktop,North,Referral,0,Yes,
5997,76971348-f052-4a9d-ae4c-95dd0440eb5b,Visit,26:07.3,Tablet,West,Referral,0,Yes,
5998,1c3054ad-42c3-4507-a9b5-2b4086667583,View Product,27:59.0,Mobile,West,Organic,0,Yes,
5999,ca9fc22e-8ba7-47ff-9bca-9d91fbd9b72b,Visit,36:57.2,Mobile,South,Referral,0,Yes,
6000,f784b4e6-1221-4c18-acd6-cac176b90f0d,Visit,26:51.5,Desktop,East,Paid,0,Yes,
6001,ed71ab29-5bf5-46ab-bed3-659a221cd932,Visit,21:42.3,Tablet,West,Paid,0,Yes,
6002,92af6ede-f02a-4120-9377-6e47ba7d686c,Visit,02:20.6,Tablet,East,Paid,0,Yes,
6003,c3a7d751-8af2-427f-bb83-d2bb1e57ba3a,View Product,34:41.1,Tablet,West,Referral,0,Yes,
6004,2422d603-37a6-4073-b334-50f0329cc1bf,View Product,12:51.1,Mobile,North,Paid,0,Yes,
6005,77896c4d-c6ba-4680-b168-beb8b1b408fc,Visit,19:01.7,Desktop,East,Organic,0,Yes,
6006,1df2ce89-b083-419e-853a-095796c31c7a,Visit,53:21.1,Tablet,West,Organic,0,Yes,
6007,d3233a11-f442-4570-a290-caa5f29208ad,Visit,16:52.2,Desktop,South,Paid,0,Yes,
6008,fff81537-1447-44f2-ac5a-e56d7afbb46f,Visit,53:00.9,Desktop,East,Referral,0,Yes,
6009,c8830087-9e6b-49c7-aa11-aefa49128e9a,Visit,08:26.2,Desktop,North,Referral,0,Yes,
6010,35e683a1-0146-4ff4-bd87-7b857f27fe5e,Visit,52:46.4,Tablet,West,Organic,0,Yes,
6011,02278654-8b47-40f6-b220-dfdc008c3461,Visit,03:31.6,Mobile,East,Paid,0,Yes,
6012,70c9a2b5-2ae3-4724-bb7c-6bf6a6d3448c,Visit,37:01.4,Mobile,West,Organic,0,Yes,
6013,85567073-92fc-46cd-b841-c0d50c233fb1,Visit,56:53.7,Desktop,East,Organic,0,Yes,
6014,e78994ec-f30e-490b-9ec7-eb3291028eeb,Visit,20:31.5,Mobile,North,Referral,0,Yes,
6015,4e02698a-9913-48d6-bb68-b9afe4e47502,Visit,53:55.7,Desktop,East,Organic,0,Yes,
6016,063bb88c-981b-4be9-a973-03c8729d0f6b,Visit,56:45.6,Desktop,East,Referral,0,Yes,
6017,3d710fa2-87f2-4efe-93fc-ed301dca17ec,Visit,00:57.8,Mobile,North,Referral,0,Yes,
6018,6a2d10fc-a76a-464d-aa23-62592d9a6e88,Visit,27:50.1,Desktop,North,Referral,0,Yes,
6019,c095abbc-bd58-4a19-aed1-28d1de4f170b,Visit,05:41.9,Tablet,West,Organic,0,Yes,
6020,8bf540ae-eb4f-4edb-a985-46fc3abfd80a,Visit,35:31.6,Mobile,North,Paid,0,Yes,
6021,23883116-26d8-4077-aa4f-6ade87ae851d,Visit,37:38.9,Mobile,East,Paid,0,Yes,
6022,d048ce29-0983-4944-b91f-0418a4832a71,Visit,25:42.6,Tablet,North,Organic,0,Yes,
6023,97d2d0a5-7634-43cd-88ea-b4b5a9d84373,Visit,20:05.4,Desktop,East,Paid,0,Yes,
6024,32eccde3-4eb0-4fb2-b463-cc509c06c3e1,Visit,21:41.3,Desktop,South,Referral,0,Yes,
6025,e5bd6b1e-a932-4865-a415-cd38b177d404,View Product,25:30.8,Desktop,West,Referral,0,Yes,
6026,7f1b1f3e-300a-46c3-8bc5-d0eb17dbc59e,Visit,19:07.4,Desktop,South,Referral,0,Yes,
6027,3780597e-e87e-41bb-8509-c3ac43c0c625,Visit,31:53.7,Desktop,North,Referral,0,Yes,
6028,53bfa905-c984-4e4c-9294-b8efc285e522,Visit,45:29.3,Tablet,North,Referral,0,Yes,
6029,f118be12-86da-48cc-82db-e39228b2f182,View Product,29:40.4,Mobile,West,Paid,0,Yes,
6030,68c1d8cf-31a2-4ac2-86ca-13aa9532c400,Visit,37:12.3,Mobile,South,Referral,0,Yes,
6031,c5d43a27-454a-4962-b075-cacdc4934bc4,Visit,11:03.0,Desktop,West,Referral,0,Yes,
6032,7b8fd896-5777-4479-a95e-de2dfd8f6881,Visit,46:30.7,Mobile,North,Referral,0,Yes,
6033,94145fb0-fd6e-406a-924c-dfcaedc71242,Visit,01:18.8,Tablet,South,Paid,0,Yes,
6034,e603dc75-8a20-48e6-a198-820caf45cf11,View Product,40:14.9,Desktop,West,Organic,0,Yes,
6035,94cc5d7f-ee4e-48b1-9004-7091df309c73,Visit,44:51.3,Desktop,North,Paid,0,Yes,
6036,5952285d-3b4c-4f51-8191-d687ab7447e1,Visit,35:13.9,Tablet,East,Organic,0,Yes,
6037,8a7cdb7b-509f-4dfc-a90e-cdcc2a387f50,Visit,11:53.0,Tablet,North,Organic,0,Yes,
6038,f2caf752-120a-44b3-88d2-050807de6905,Visit,53:02.2,Tablet,South,Paid,0,Yes,
6039,60b9c72d-5368-4839-83c4-c769d298a120,Visit,39:40.1,Desktop,South,Referral,0,Yes,
6040,18a68ed1-5f1b-4461-b0fc-f8eea69bdbcc,Visit,58:43.3,Tablet,South,Paid,0,Yes,
6041,0a56c50b-2086-4f6c-84e8-5cc578e58202,Visit,45:37.2,Mobile,East,Paid,0,Yes,
6042,31e0edb4-f925-4c98-8197-4cc2ccb70387,Visit,29:15.8,Desktop,North,Paid,0,Yes,
6043,bd0ede41-9194-4af0-9414-7566a4e8822a,Visit,25:04.8,Mobile,South,Referral,0,Yes,
6044,c0191d4b-8165-4ba7-a421-cee7a74e546e,View Product,33:10.0,Mobile,North,Organic,0,Yes,
6045,7600b91c-7992-4e34-ad24-89b1e2191e7a,Visit,42:52.8,Tablet,North,Paid,0,Yes,
6046,f000c2f8-063d-4519-b6cc-3ba0c22e6d9c,Visit,37:22.6,Tablet,West,Organic,0,Yes,
6047,e2dba779-1170-4d12-a8d0-384b7ad81e9f,Visit,12:20.1,Desktop,East,Referral,0,Yes,
6048,8cb63b0e-acf7-4fee-9e11-2f0c2ef0986b,Visit,46:18.6,Desktop,North,Referral,0,Yes,
6049,a54de7b6-05d1-4cc5-bd9b-b038158ec960,Visit,05:55.3,Desktop,West,Organic,0,Yes,
6050,570861d9-b64e-411d-b7ac-3956d01e55e9,Visit,10:25.1,Desktop,North,Paid,0,Yes,
6051,0d007ceb-5f4a-4a67-af98-1f6cc111b8f5,View Product,54:48.5,Mobile,West,Paid,0,Yes,
6052,4e6a230f-dc57-46c1-8e9d-e4b92a82b0e9,Visit,00:08.0,Desktop,North,Paid,0,Yes,
6053,4452077d-1227-4eb2-9c0b-e2883bcbc756,Visit,56:43.1,Mobile,South,Referral,0,Yes,
6054,e60b9625-96bb-4b0b-b447-62a7488f5d2e,Visit,09:33.7,Tablet,South,Organic,0,Yes,
6055,2efe6661-ee3d-4bda-8fa3-d5aa15b467a5,Visit,59:34.5,Mobile,North,Paid,0,Yes,
6056,7b777d6a-34d1-45a0-85b4-1d0a94c37b6c,Visit,50:34.6,Mobile,North,Organic,0,Yes,
6057,6bed4740-0a22-4102-9d3e-44d6d5940ca4,Purchase,21:32.0,Mobile,South,Organic,578,No,No
6058,faf2f7a1-4925-45f6-bc3c-3afa22898002,Visit,38:19.0,Desktop,East,Referral,0,Yes,
6059,6ccff09c-a150-4d84-a6c6-9b5bdf032b60,Visit,42:17.6,Desktop,East,Paid,0,Yes,
6060,62dc8196-8840-4df1-ac84-f60a4c8b34ca,Visit,51:14.8,Desktop,South,Organic,0,Yes,
6061,cfe085ca-9f81-4de2-b7dd-9a36fb086412,Visit,01:08.8,Desktop,West,Organic,0,Yes,
6062,34d53a5b-c042-413f-babf-08a7197785db,Visit,56:21.2,Tablet,West,Organic,0,Yes,
6063,8aec47b6-9dc8-41e7-b6f9-5858ea3adbb5,Visit,48:28.3,Tablet,South,Paid,0,Yes,
6064,333fd0d0-52ce-4f4b-8678-cd6ffab96478,Visit,41:28.2,Tablet,West,Organic,0,Yes,
6065,c39a66f0-43af-488a-9647-32273eb00183,Visit,58:33.1,Tablet,East,Paid,0,Yes,
6066,e3eda92f-d29e-42f1-80cc-8c47eeefc7a1,Visit,47:56.5,Desktop,South,Referral,0,Yes,
6067,bd974413-ec55-48c8-9a8f-2b88f93a9d8f,Visit,50:32.5,Desktop,North,Referral,0,Yes,
6068,58993673-1ed1-4b26-8750-af274362df88,Visit,58:55.8,Desktop,North,Paid,0,Yes,
6069,034df549-c856-4868-ad24-a54a242f5ce2,Visit,44:30.3,Tablet,North,Referral,0,Yes,
6070,0a25af6d-0f83-4d07-ac1d-874644cef7be,Visit,39:58.7,Tablet,South,Referral,0,Yes,
6071,e0663e38-3ad8-442f-a8bb-90e0268ad514,Visit,29:19.4,Desktop,North,Paid,0,Yes,
6072,8196c66a-bd76-47f6-b3ed-edf99537128f,Visit,26:58.9,Tablet,West,Referral,0,Yes,
6073,8b2a8421-f99c-4f1c-aaad-368c77bb3689,Visit,22:37.7,Desktop,North,Referral,0,Yes,
6074,7765116e-b961-44c0-afab-ff928f53a443,Visit,38:25.9,Desktop,South,Referral,0,Yes,
6075,5739310a-fe68-45fc-a133-3c3e7e2e0a11,View Product,17:05.9,Tablet,South,Paid,0,Yes,
6076,96880cb9-4e1d-48a3-9499-8c9e161d4373,Visit,02:47.6,Desktop,North,Referral,0,Yes,
6077,e5721fd8-95ca-4e65-b9a3-ac5af81e0e3c,Visit,17:44.3,Tablet,East,Referral,0,Yes,
6078,e6a81615-9491-484f-b837-46f9d5fbe942,Visit,16:27.5,Desktop,North,Paid,0,Yes,
6079,d2595507-4c16-40f7-96cf-34002050ff25,View Product,39:34.3,Mobile,West,Paid,0,Yes,
6080,92a202b9-25bf-40c6-91de-e06d87dd86fa,Visit,39:21.3,Tablet,East,Referral,0,Yes,
6081,2d2031c8-19d5-4547-b000-fe9133b0f4df,Visit,10:04.8,Mobile,South,Referral,0,Yes,
6082,f638e4fb-0e78-4a4c-87a7-9747dc7968ac,View Product,01:52.6,Desktop,East,Paid,0,Yes,
6083,24ed9ed6-703f-470c-baf4-ec9d00028fa3,Visit,38:51.6,Mobile,South,Organic,0,Yes,
6084,1547cc55-0f71-44bd-9e55-504fc15ef7e9,Visit,02:37.5,Tablet,South,Organic,0,Yes,
6085,a2e820c6-e6fe-4d21-b416-7c25c9d69452,Visit,43:57.4,Mobile,West,Paid,0,Yes,
6086,c81eb13e-a2e1-4c6f-88c8-46cbd0cf8619,Visit,04:36.0,Mobile,South,Referral,0,Yes,
6087,d6e19091-f138-4e23-91a8-80b0fc022952,Visit,29:41.1,Tablet,North,Paid,0,Yes,
6088,80fab211-4300-4fcf-a36f-4600da4aff66,Visit,45:53.9,Mobile,West,Paid,0,Yes,
6089,18bf3443-e285-4fc8-94f3-e196075f4cb0,Visit,11:41.3,Mobile,West,Referral,0,Yes,
6090,96c5d39a-bdc3-47ce-b36e-e14fe430d8e7,Visit,35:59.6,Desktop,East,Organic,0,Yes,
6091,1d50c026-a241-411d-88b2-9ecc450046d9,Visit,51:05.0,Desktop,West,Referral,0,Yes,
6092,dcb25130-092a-423e-b17c-d0dfbd150fb1,Visit,28:09.0,Desktop,West,Referral,0,Yes,
6093,6b6401b4-da9a-4102-bc49-5685f066e62c,Visit,56:35.3,Desktop,South,Referral,0,Yes,
6094,294a7aed-13e3-4a4f-96b7-4b7d265820e1,Visit,22:19.4,Tablet,East,Referral,0,Yes,
6095,e41c4f7e-a65c-4150-8054-13ff9ba4823c,Visit,38:02.9,Mobile,East,Organic,0,Yes,
6096,57ad72ab-40f1-47f8-8640-02f5a58400c7,Visit,49:49.2,Mobile,South,Referral,0,Yes,
6097,f7e21c87-a4f6-4c33-8e54-882f2a260629,Visit,16:44.7,Tablet,North,Referral,0,Yes,
6098,fe229c1e-2b8e-4055-a101-e3963f2f8ff3,View Product,53:57.0,Desktop,East,Paid,0,Yes,
6099,f1168fae-6a59-4f36-bf35-d9ed6ffbbe3f,Visit,51:43.3,Mobile,West,Organic,0,Yes,
6100,3114a792-3f82-4006-9bb1-c94e2f080137,Visit,43:04.1,Mobile,South,Organic,0,Yes,
6101,156beb34-549b-4b54-88c6-4ae992b427ec,Visit,55:20.2,Desktop,North,Organic,0,Yes,
6102,ea8d92a5-5917-4bca-abdd-235d0624e1e7,Visit,08:44.1,Desktop,South,Organic,0,Yes,
6103,853b1d44-ee4d-4581-a191-d70e92cff33d,Visit,25:18.4,Tablet,West,Paid,0,Yes,
6104,a7d76890-b85c-4a80-92a0-cab6852288c6,Visit,40:09.3,Mobile,West,Referral,0,Yes,
6105,68aeedb5-1112-4a48-a055-8b2a0f35b271,Visit,05:26.0,Desktop,South,Organic,0,Yes,
6106,97170d09-8b41-4aff-ae81-846e8d9ad111,Visit,01:02.6,Mobile,South,Paid,0,Yes,
6107,7882862d-348d-422c-a360-874d24034dee,View Product,54:50.3,Desktop,West,Paid,0,Yes,
6108,1a43600a-2ad6-4814-bb96-d24f0c80b43f,Visit,39:29.9,Tablet,North,Organic,0,Yes,
6109,9a2e22f4-b0d3-4b02-b264-0417fa57e5aa,Visit,07:51.6,Mobile,East,Organic,0,Yes,
6110,2f9a51f9-b6f0-4209-85d8-d2829beeefb5,Visit,11:01.2,Desktop,North,Referral,0,Yes,
6111,0aae1f2b-8282-402e-8827-0f42515abc78,Visit,01:36.6,Mobile,West,Referral,0,Yes,
6112,82e9e923-cebb-4a3d-a215-7f65a7f74b31,Visit,09:29.5,Tablet,East,Referral,0,Yes,
6113,25a2e2a7-6f91-4fb3-9355-c994975ed61a,Visit,29:13.7,Desktop,West,Organic,0,Yes,
6114,6428f318-7d72-4062-b62d-c03d9f64c05a,View Product,01:08.6,Tablet,East,Paid,0,Yes,
6115,c23905ef-bee4-4f13-9988-4da654868bb9,Visit,46:50.2,Tablet,West,Organic,0,Yes,
6116,67da9f66-d787-44dd-85f8-3a92c9810040,Visit,28:56.7,Desktop,East,Referral,0,Yes,
6117,e0a0789b-0bb4-4726-bc83-94229bf4c16c,Visit,06:22.9,Mobile,South,Paid,0,Yes,
6118,e4216bae-f192-483b-8c07-8d0506672302,Visit,26:28.3,Desktop,South,Paid,0,Yes,
6119,1de31d8f-aa64-48d5-989a-ceddb789f189,Add to Cart,39:06.0,Desktop,South,Referral,0,Yes,
6120,69d366d3-6258-48ab-8609-8a2e64368320,Visit,09:13.3,Tablet,North,Paid,0,Yes,
6121,a5bfafc8-f328-46d8-9014-f0070459d611,Visit,34:46.2,Tablet,West,Referral,0,Yes,
6122,d34e7845-2e06-4a7e-ab1b-77ac90651ea2,Visit,23:32.2,Tablet,West,Paid,0,Yes,
6123,94858d31-4d33-47f5-8d23-acb159678f8b,Visit,27:27.2,Tablet,South,Referral,0,Yes,
6124,434e7ca1-0ea8-457a-a541-62ca47a21b56,View Product,51:36.2,Mobile,West,Organic,0,Yes,
6125,a91575d2-f21a-4855-8576-0790820e353f,Visit,56:18.7,Mobile,West,Paid,0,Yes,
6126,967299bd-1e2f-4130-9afd-c06b1c3ff13b,Visit,14:41.5,Tablet,West,Paid,0,Yes,
6127,c4097192-f3fa-407a-b912-4344abd87192,Visit,02:08.3,Desktop,West,Referral,0,Yes,
6128,897d2c7e-9d18-4088-b87b-68665c788767,Visit,09:33.8,Tablet,West,Paid,0,Yes,
6129,b53bef18-8c1d-4444-95c7-08e1700aaaf5,Visit,14:42.1,Tablet,North,Organic,0,Yes,
6130,a6facd9e-4614-4eac-ae22-5395067de5db,Visit,26:29.0,Mobile,East,Organic,0,Yes,
6131,7405957f-0f56-423e-ae99-5d99eb1346ed,Visit,05:15.2,Mobile,East,Organic,0,Yes,
6132,7d8d0523-b74f-4b19-b83a-3fef0c00fe3c,Visit,38:14.4,Desktop,North,Organic,0,Yes,
6133,cc52d27f-54b5-477e-93ff-f405971f6bf6,Visit,37:14.5,Desktop,South,Organic,0,Yes,
6134,a13a07ca-000f-4eb5-ad57-220d2836e12d,View Product,27:14.4,Desktop,West,Referral,0,Yes,
6135,353b5004-eb46-4a87-8de5-8e6f636a7c08,View Product,08:42.0,Desktop,East,Organic,0,Yes,
6136,c10b5f85-66df-4112-bbb4-7d896dc57b53,Visit,58:20.4,Mobile,North,Paid,0,Yes,
6137,6bef9a3a-8fbc-4557-82ff-c38ec5aa03ef,Visit,39:50.4,Desktop,East,Referral,0,Yes,
6138,8f682e56-2280-4ccd-804e-1e0b31807b3e,Visit,35:11.6,Tablet,East,Referral,0,Yes,
6139,fed7a0bf-da1e-45cf-a6eb-8390777f9e06,Visit,47:34.8,Tablet,South,Organic,0,Yes,
6140,498d1af3-6229-4a81-b1d9-c9b80945e04a,View Product,59:36.8,Desktop,North,Paid,0,Yes,
6141,1f070f85-4899-4e97-8f73-90aafdcfda1e,Visit,25:30.1,Desktop,South,Paid,0,Yes,
6142,28e5d201-1da7-4eb5-875a-445015d350bd,Visit,08:31.0,Tablet,South,Paid,0,Yes,
6143,e4c3d637-ed98-43b9-a3fc-e04271b3809f,Visit,39:58.0,Mobile,North,Organic,0,Yes,
6144,fdc9aa8b-46d2-4104-9825-663597743172,Visit,42:30.5,Mobile,East,Referral,0,Yes,
6145,0f847024-0f6c-4d99-bce8-5f9a5163f8f2,Visit,39:06.4,Tablet,North,Paid,0,Yes,
6146,2de4cddc-b3ba-4b92-8b48-7d5b8b31a4bc,Visit,51:59.0,Tablet,South,Organic,0,Yes,
6147,db3fbc28-3959-4228-8ab9-1adbbdb1fa5a,Visit,51:29.5,Mobile,West,Organic,0,Yes,
6148,679d94ba-2d8d-469a-aba2-c06b52916567,Visit,27:54.5,Mobile,West,Paid,0,Yes,
6149,6421f71d-502c-4b8c-b2c7-e017d23689f3,Visit,21:25.8,Mobile,East,Organic,0,Yes,
6150,19c5fb2e-3ce7-45dc-a46f-1a0ac02f5022,View Product,52:37.4,Tablet,West,Paid,0,Yes,
6151,66c21da3-7804-4be9-9b42-87a0dc60dea6,Visit,16:21.0,Tablet,South,Organic,0,Yes,
6152,567ef36a-a2a9-4669-9452-b1ca651740b7,Visit,08:36.9,Mobile,North,Paid,0,Yes,
6153,fbe9e6e7-8884-4972-8f32-11fe3d3513ef,Visit,07:08.9,Mobile,East,Organic,0,Yes,
6154,1065be72-e985-4775-b9ec-4dc9a80b0ef0,Visit,48:04.2,Mobile,West,Organic,0,Yes,
6155,c26c3754-f0c5-4ede-879e-dfb6aaa85624,Visit,08:53.4,Tablet,East,Paid,0,Yes,
6156,f0746ca6-b72e-472e-b80c-bfb6b73c05c4,Visit,15:59.0,Tablet,East,Organic,0,Yes,
6157,71a57032-6652-4017-b6b1-763dcfc0bc07,Visit,58:04.5,Mobile,West,Organic,0,Yes,
6158,1da43cbf-998a-419f-9809-95645252902a,Visit,02:17.9,Mobile,East,Organic,0,Yes,
6159,e7e70cbf-39b0-4eed-a98c-385201352fee,Visit,30:16.8,Desktop,South,Paid,0,Yes,
6160,dd76ee9f-e997-4fa1-9fd6-3a096d9a41ff,Visit,26:04.2,Mobile,East,Organic,0,Yes,
6161,ed9035ec-d405-4f0c-816d-98ee4500e335,Visit,46:31.2,Mobile,East,Paid,0,Yes,
6162,76335bc0-260f-4176-806f-b0d48e723fbc,Visit,45:04.8,Desktop,West,Paid,0,Yes,
6163,34865bb3-e2a9-4b2a-84a6-e31234c56209,Visit,27:14.3,Mobile,South,Referral,0,Yes,
6164,262e2023-efb9-4656-a315-19ce1bddfe76,Visit,10:04.9,Desktop,West,Paid,0,Yes,
6165,cc45b039-070a-4382-85c7-053dd76b3e33,Visit,40:16.0,Tablet,East,Organic,0,Yes,
6166,7fd65179-59c9-4f2d-82c0-1e2967a4cc95,View Product,58:44.4,Tablet,North,Referral,0,Yes,
6167,6f829ce2-1a44-4701-b663-119812dae255,Visit,09:09.1,Desktop,South,Paid,0,Yes,
6168,0952ec2d-ec82-44cf-bc52-848872082ea7,Visit,54:07.7,Desktop,South,Organic,0,Yes,
6169,c26133fc-071d-4732-b40b-48996847b275,Visit,53:57.8,Tablet,North,Organic,0,Yes,
6170,6097acf0-276e-4e71-87d5-c1942a7b6045,View Product,50:28.7,Mobile,West,Paid,0,Yes,
6171,8f96b429-58d1-4a2d-b005-67b57f622177,Visit,53:53.9,Mobile,West,Organic,0,Yes,
6172,216e67f5-f7f4-425a-b68e-1495cdb9798f,Visit,54:16.4,Desktop,East,Organic,0,Yes,
6173,0f1d4da4-4ed1-40b3-a26d-9dfadf0dcd14,Visit,00:19.8,Tablet,East,Organic,0,Yes,
6174,6ba7de4d-760a-4db7-9e5a-acc92b88bfe6,Visit,46:54.8,Desktop,East,Referral,0,Yes,
6175,f7394576-0c4c-4882-92f6-4309a0713fca,Visit,48:50.2,Tablet,West,Organic,0,Yes,
6176,72164a03-a9dd-4075-bdd1-2f8cea5f69c7,Visit,50:42.1,Mobile,North,Paid,0,Yes,
6177,8a6da6e7-6e8a-4f1d-bc1b-7d7a39ee1382,Visit,49:04.0,Tablet,East,Organic,0,Yes,
6178,b9ef5423-b250-4f9f-8430-1f0237b81e1c,Visit,35:05.7,Tablet,North,Organic,0,Yes,
6179,72bf72a4-5835-4862-a0c6-a03399261386,Visit,00:46.4,Tablet,North,Paid,0,Yes,
6180,26972c5d-cbff-4a8a-b605-d5867700f09a,Visit,46:38.9,Desktop,West,Referral,0,Yes,
6181,92bc9428-1ec3-4af5-ae15-8e58d1c10954,Visit,24:08.0,Mobile,South,Organic,0,Yes,
6182,af923e9a-8a6d-4834-bad0-b0710499e860,Visit,28:21.4,Mobile,North,Referral,0,Yes,
6183,fc5f6953-2003-4a04-a604-2ff38efc7a4f,View Product,04:27.1,Tablet,West,Referral,0,Yes,
6184,86c8bbc9-10be-408b-a850-4cb59fc4e3bc,Visit,42:37.8,Mobile,South,Organic,0,Yes,
6185,943a90c9-929d-4300-be60-1bb678a57354,Visit,18:50.8,Mobile,South,Referral,0,Yes,
6186,10d010c1-61a6-44ce-bf70-4f054e37de90,Visit,26:13.3,Desktop,South,Referral,0,Yes,
6187,1001b34c-a6c1-405a-82c9-3a74381a56f9,Visit,25:58.9,Tablet,West,Paid,0,Yes,
6188,8cd9c60a-37dd-452a-9357-4dc0b529c936,Visit,58:08.8,Desktop,West,Referral,0,Yes,
6189,cb535b8a-2db9-4643-81a6-0a4e5ed1ce54,Visit,25:33.9,Tablet,North,Referral,0,Yes,
6190,f59698dd-6a52-44f4-8d23-a769df95504e,Visit,22:15.1,Mobile,East,Organic,0,Yes,
6191,5fe538ca-afa1-4921-9786-238d0225b91f,Visit,35:01.0,Desktop,North,Referral,0,Yes,
6192,63b3b80d-43e1-4a44-a476-624ed7a5ddf6,Visit,59:27.9,Desktop,North,Organic,0,Yes,
6193,c576ee0a-ccb2-44d5-9928-9a185e2f030f,Visit,20:56.0,Mobile,East,Paid,0,Yes,
6194,9ec0038a-f77e-4eb1-8997-8c1645a35e5e,View Product,45:09.4,Mobile,West,Referral,0,Yes,
6195,9e38a3b9-69e6-4c52-8961-965d857214bd,View Product,05:12.6,Mobile,South,Paid,0,Yes,
6196,c806c428-ec68-46c2-89a2-60afc82a1265,Visit,31:47.8,Tablet,South,Organic,0,Yes,
6197,d2889c27-15d9-418f-88e3-e522c8dff90d,Visit,57:23.1,Mobile,West,Paid,0,Yes,
6198,9a29de7d-6ab9-43ba-a389-cfbdf02b9a9e,Visit,45:00.5,Desktop,West,Referral,0,Yes,
6199,f9195236-b505-41fc-8f68-24748337e10d,Visit,11:30.2,Desktop,East,Organic,0,Yes,
6200,8970d1b8-6efd-4e53-be76-258a5756c5e8,Visit,07:46.5,Mobile,North,Referral,0,Yes,
6201,0829772f-fea2-4445-a2b4-2d63144d0b3c,Visit,10:42.7,Desktop,North,Organic,0,Yes,
6202,f10b9210-5d75-4ff7-b8b1-0b4f7ad2a7d4,Visit,41:02.9,Tablet,West,Referral,0,Yes,
6203,e8635812-040e-431e-8806-0291836df787,Visit,12:47.5,Mobile,East,Organic,0,Yes,
6204,7502db73-2f8c-400d-a1c3-0f5ce45a88de,Visit,16:13.1,Desktop,North,Paid,0,Yes,
6205,4c849996-e1cc-41c6-8950-fd341339cdeb,Visit,53:23.2,Mobile,South,Paid,0,Yes,
6206,b6204fb6-8ce0-4d8b-815d-45f6f259ae16,Visit,28:07.2,Desktop,North,Organic,0,Yes,
6207,0e0aa7ef-32a9-4402-a855-7f6926263e6e,Visit,59:12.6,Desktop,North,Paid,0,Yes,
6208,f4630cfc-98f5-4b1a-8e9a-1ecec0656fbe,Visit,48:27.0,Desktop,West,Paid,0,Yes,
6209,05c02184-eb93-462e-a864-5d4fb65ae27d,Visit,49:59.1,Mobile,East,Paid,0,Yes,
6210,b45599ff-ff56-451d-90b8-6b17379d9ab6,View Product,56:49.6,Mobile,East,Referral,0,Yes,
6211,5c145d6d-75e7-4e5c-bdec-623b90daa3dd,Visit,38:21.6,Mobile,West,Organic,0,Yes,
6212,19f82681-b962-4d31-9676-79f16853df9e,Visit,45:28.3,Tablet,North,Organic,0,Yes,
6213,cc45b5f4-4a6c-4095-844f-d9d0d6209ab2,Visit,56:29.8,Tablet,East,Paid,0,Yes,
6214,697a211c-b314-428c-85b2-b9f4073015ce,View Product,07:08.9,Mobile,North,Organic,0,Yes,
6215,a77a14a1-7f88-455e-9c9d-571615d2816d,Visit,49:12.0,Tablet,North,Referral,0,Yes,
6216,304f9891-0c85-49f5-9a7c-80d402853816,Visit,41:47.0,Tablet,West,Paid,0,Yes,
6217,4daac103-fa2a-41ef-951f-518ad9d1d5df,Visit,37:42.9,Tablet,East,Paid,0,Yes,
6218,2ee5afd4-f762-4ce0-85a9-a300035c638b,Visit,25:53.9,Tablet,East,Paid,0,Yes,
6219,1d27b2d4-6f27-4cf7-9df9-baee8dfaf241,Visit,56:48.0,Mobile,South,Paid,0,Yes,
6220,49ab936b-5ceb-450c-9f13-a8f5c68816d8,View Product,42:21.3,Mobile,East,Referral,0,Yes,
6221,6cd74165-887b-48c3-8f89-7bc365306776,Visit,02:52.9,Mobile,East,Referral,0,Yes,
6222,d535ab99-8e2e-4c6a-852d-e749b66f4071,Visit,31:13.9,Desktop,South,Referral,0,Yes,
6223,1c906350-952c-4037-b309-160ae06cb9c1,Visit,13:37.7,Desktop,East,Paid,0,Yes,
6224,41d5b62b-bdca-4c14-85bf-f8966a67ee96,Visit,19:54.3,Mobile,West,Paid,0,Yes,
6225,1f603bdd-9317-491a-a88c-47093bb366ab,Visit,59:33.5,Tablet,North,Referral,0,Yes,
6226,3260c354-4b0e-417d-822b-0d680e9769cc,Visit,31:01.4,Tablet,East,Organic,0,Yes,
6227,685ddb4a-31a0-4077-8c94-b814e726751b,Visit,40:45.5,Tablet,South,Organic,0,Yes,
6228,c7f2845c-16e7-4ab8-8fad-dfaa71729479,Visit,45:44.9,Tablet,South,Paid,0,Yes,
6229,01744c90-d187-4410-9e78-13fea703e8c3,Visit,39:31.3,Tablet,West,Referral,0,Yes,
6230,e567be9b-4faf-4013-9c1a-7a279a0593b8,Visit,14:21.1,Mobile,North,Organic,0,Yes,
6231,94a1a647-59c1-4826-8263-6d6acaa41d32,Visit,14:37.2,Mobile,West,Paid,0,Yes,
6232,ec8f1d27-b0fb-421d-be14-23c5c6a9cdac,Visit,24:19.1,Mobile,North,Organic,0,Yes,
6233,85208ae5-9858-468a-be07-ff82f1a387ec,Visit,19:46.1,Mobile,West,Referral,0,Yes,
6234,76dd76cd-ed5c-4227-ac78-59126c344884,Visit,38:58.2,Desktop,South,Organic,0,Yes,
6235,43e50b9b-db7a-42ad-963d-5c0ab075b891,View Product,19:07.5,Desktop,East,Organic,0,Yes,
6236,05c5343d-527a-4400-a9de-d8866b3cb520,Visit,09:22.2,Mobile,West,Paid,0,Yes,
6237,efd327af-78d8-4a33-a294-a4b8de5bf4c5,Visit,40:28.1,Tablet,East,Referral,0,Yes,
6238,1d61ac41-265e-4cb1-a81d-0530d35bce6d,Visit,14:20.7,Tablet,West,Paid,0,Yes,
6239,0f271cd5-90f9-4a77-b043-ff1ff029b2cf,Visit,51:27.0,Desktop,North,Organic,0,Yes,
6240,07f8e714-88ea-4f02-a699-3c1e187a73cf,Visit,02:20.5,Mobile,East,Organic,0,Yes,
6241,b670deb5-2883-4d43-bd6b-6f5240dd957f,Visit,42:02.4,Mobile,North,Organic,0,Yes,
6242,620c4345-6e12-4f38-8f4a-76033a6a02ba,View Product,05:59.0,Mobile,West,Organic,0,Yes,
6243,9147f158-c405-44b3-b27b-648f86cf3346,View Product,12:53.2,Tablet,West,Referral,0,Yes,
6244,c8b0d760-c2d0-42c2-9023-9e378cf0cdfa,Visit,21:07.5,Tablet,West,Referral,0,Yes,
6245,7050feaf-7395-48e3-a364-6f20639e3ce9,Visit,00:27.1,Tablet,South,Paid,0,Yes,
6246,be534c49-a32f-4933-a9b9-f6a79dd6415e,Visit,32:08.3,Desktop,North,Referral,0,Yes,
6247,73819cfd-60dd-4bc9-a5bf-8943228d36eb,View Product,31:27.2,Desktop,South,Organic,0,Yes,
6248,98ec5422-d922-4157-8e93-fd34c4bff308,Add to Cart,12:17.3,Tablet,West,Paid,0,Yes,
6249,87a3045c-7ce7-4df3-aa33-660813b071fc,Visit,51:00.3,Desktop,West,Paid,0,Yes,
6250,7d0d529e-a68c-4607-932a-191debe80912,Visit,34:55.4,Tablet,West,Referral,0,Yes,
6251,9e1f26d9-8786-4efe-8687-10100c047ab8,Visit,40:07.6,Tablet,West,Organic,0,Yes,
6252,aeb05b21-b78b-454e-ae4b-222ee3263099,Visit,40:22.3,Desktop,East,Paid,0,Yes,
6253,28715dd6-ca4d-4da6-954a-14a4c7a26343,Visit,06:30.3,Desktop,North,Paid,0,Yes,
6254,3f96e4f8-a75d-4373-9c75-11fbf7df5674,Visit,45:09.5,Desktop,East,Referral,0,Yes,
6255,5621a39d-e817-4ea5-989f-3eff968db89f,Visit,22:13.0,Desktop,West,Organic,0,Yes,
6256,ac304324-acd0-442a-93f3-a72cc655ec10,Visit,43:48.3,Tablet,West,Paid,0,Yes,
6257,30f602d0-9c63-4e82-950b-9315d8acbe22,Visit,32:56.9,Tablet,West,Referral,0,Yes,
6258,f677e5c9-ea74-4b20-a4a9-7ddf5289feca,Visit,13:27.5,Tablet,East,Organic,0,Yes,
6259,c1ad5222-1d1f-4a79-9cdf-7014d2e807f3,Visit,04:19.6,Mobile,North,Organic,0,Yes,
6260,142607e5-45ec-4e7b-b1a5-72f3ce2ec813,Add to Cart,28:07.3,Desktop,South,Organic,0,Yes,
6261,a14dd3da-b304-4a58-8fef-428633f82af7,Visit,31:28.4,Desktop,West,Referral,0,Yes,
6262,c677c641-bf78-41eb-80aa-e5f2efd2423e,View Product,09:56.7,Tablet,South,Paid,0,Yes,
6263,08f0e1c4-e1cd-4a1c-99e7-53a60bc98fc9,Visit,29:40.7,Desktop,East,Paid,0,Yes,
6264,3f4fb64a-188e-40c7-a0fb-2d2b76e89eef,Visit,17:17.7,Desktop,South,Organic,0,Yes,
6265,4cbd91b5-caaf-44b2-8aa1-daf1a6254ba2,View Product,19:52.8,Mobile,North,Paid,0,Yes,
6266,3678d9b7-e172-4fda-aff8-808c35cceddc,Visit,19:59.9,Desktop,North,Referral,0,Yes,
6267,bda33d33-a04c-4e5e-b044-68e97e508360,Visit,48:46.5,Mobile,West,Referral,0,Yes,
6268,5daf556a-8bca-49e4-9e55-deb1bf5757f8,Visit,00:45.5,Tablet,North,Referral,0,Yes,
6269,41b8150f-7a34-413f-80f4-ff4b6e9e203a,Visit,41:14.5,Mobile,West,Organic,0,Yes,
6270,66229a06-7858-4b1d-9cd7-5530155a3a1a,Visit,24:29.9,Tablet,North,Referral,0,Yes,
6271,80e4cc5c-1609-4d2e-b46e-514f94b4432e,Visit,39:29.2,Desktop,North,Referral,0,Yes,
6272,7eebf350-8c45-465e-9361-e6d626598e1d,Visit,27:35.4,Desktop,South,Referral,0,Yes,
6273,5217c70d-e243-4e09-8ff9-69b78bc4b579,Visit,08:36.8,Desktop,East,Paid,0,Yes,
6274,4620f094-a403-4366-ad15-a08e6d1c31c6,Visit,24:20.3,Desktop,South,Paid,0,Yes,
6275,1daf9e99-6c1e-48f3-aa01-7180d2b1406b,Visit,32:03.2,Desktop,West,Organic,0,Yes,
6276,d4eae818-4eaa-43ad-addf-d842e50a9227,View Product,04:50.2,Tablet,North,Referral,0,Yes,
6277,6be9fc09-14eb-45d7-97f0-fbf6fc4546ee,Visit,08:01.5,Tablet,West,Organic,0,Yes,
6278,57d1597c-8b3d-4a3e-9bdd-33dccdd4cbeb,Visit,09:52.6,Tablet,West,Referral,0,Yes,
6279,29e348f3-01c2-4305-86ab-6741e7bd2f3d,Visit,11:02.9,Mobile,South,Referral,0,Yes,
6280,7098b5f9-a279-4cd2-ac96-aa18589edf8a,Visit,58:39.8,Tablet,North,Referral,0,Yes,
6281,c7992335-b0cb-434c-b695-5f88b9ebd255,Visit,20:14.5,Desktop,East,Paid,0,Yes,
6282,e09d073f-13d1-4894-ae80-e89362ef694a,Visit,10:22.3,Desktop,South,Organic,0,Yes,
6283,8fa15a28-d2c5-41cf-8ac4-7040afe51881,Visit,34:16.3,Tablet,South,Organic,0,Yes,
6284,d9e1a151-e33b-40a6-aef8-d675a8d02b3e,View Product,31:05.2,Desktop,South,Organic,0,Yes,
6285,18c8d2cc-279e-4079-be80-16f548b025ae,Visit,11:04.3,Mobile,South,Organic,0,Yes,
6286,71c31ea4-a0e0-4d1e-9f7f-44575cf0878e,View Product,58:09.2,Mobile,North,Organic,0,Yes,
6287,57a6c72f-8a82-487f-ba7f-94573c7d7c22,Visit,56:25.9,Tablet,South,Referral,0,Yes,
6288,e1ea8653-1c88-4e4b-8dfd-42c081a5fbe7,Visit,38:54.9,Desktop,West,Referral,0,Yes,
6289,d2705985-20c3-424d-b181-016c5869c975,Visit,21:33.2,Mobile,North,Organic,0,Yes,
6290,1bd2c090-166a-4764-ad0c-3135b650cd4d,Visit,30:30.1,Mobile,North,Referral,0,Yes,
6291,964c9890-4750-4cb8-81e0-a67141ca502e,View Product,58:33.8,Desktop,South,Paid,0,Yes,
6292,a5fa68b9-e850-4bde-a38c-4b696bce0096,View Product,37:06.9,Mobile,East,Organic,0,Yes,
6293,16a44344-d157-436f-9cd0-34429a9702ae,Visit,08:46.2,Mobile,South,Organic,0,Yes,
6294,0b9e9a97-50f8-4783-847b-09308f45b718,View Product,49:52.4,Tablet,North,Referral,0,Yes,
6295,325e51b2-99c5-468c-8e83-0b1e14418971,View Product,13:29.9,Tablet,South,Organic,0,Yes,
6296,4502c3b2-952e-452f-a314-bc6f88cbfae7,View Product,15:08.1,Desktop,East,Paid,0,Yes,
6297,2a10c7b0-f566-4032-86c2-d332e5baf1ad,Visit,07:02.5,Tablet,North,Organic,0,Yes,
6298,48994989-b89d-471f-b82d-ac75df908a87,Visit,32:15.9,Tablet,North,Paid,0,Yes,
6299,c81bad8e-92bb-45b5-9107-b90dd96eac64,Visit,22:18.8,Desktop,West,Organic,0,Yes,
6300,4152acd4-404b-41d3-9fed-4e6b6e8ac6d9,Visit,32:45.8,Mobile,South,Referral,0,Yes,
6301,03988d2a-c428-42b9-98b2-173600f507a6,Visit,56:22.8,Desktop,West,Organic,0,Yes,
6302,977004b7-8d9b-4e0d-bc42-35377ec56982,Visit,02:33.8,Mobile,North,Referral,0,Yes,
6303,d926ebf3-5db0-4a87-a9ad-ca254a649897,Visit,19:59.8,Mobile,East,Organic,0,Yes,
6304,9331d8f7-86c9-4569-b61d-b1f7548b6bd2,Visit,56:32.5,Tablet,South,Organic,0,Yes,
6305,acf6ba67-3929-4a8a-9521-32fae3f0ca2a,Visit,30:08.3,Mobile,South,Paid,0,Yes,
6306,762de857-de5b-4377-88ad-f0a112cae2ae,Visit,09:07.0,Tablet,West,Paid,0,Yes,
6307,a9f92184-06ce-401e-8611-5f310bd40482,View Product,38:30.2,Desktop,West,Referral,0,Yes,
6308,826f0229-f6d0-44aa-90cd-c54fa3284d10,Visit,50:39.8,Tablet,West,Paid,0,Yes,
6309,1aabe00e-887e-43a8-98d0-e702fff45c19,Visit,00:30.1,Mobile,South,Organic,0,Yes,
6310,1d55fdfb-7cae-4f5e-9363-9a0ed060d9cf,View Product,17:23.5,Tablet,West,Paid,0,Yes,
6311,45af8f6a-ea34-473a-bb3d-9402c751696a,Visit,10:46.1,Mobile,North,Referral,0,Yes,
6312,b838dcc4-5ca0-47c6-bcad-ff57d0452427,Visit,42:21.3,Tablet,West,Paid,0,Yes,
6313,b33e67a7-9b72-4254-9335-49dc8ff9fb9c,Visit,40:42.9,Tablet,West,Referral,0,Yes,
6314,da839890-0a98-4d71-921c-94ad398dbe8a,Visit,08:23.2,Tablet,North,Organic,0,Yes,
6315,9cfeb6d5-e466-4797-9181-7c5f491ca2ed,Visit,11:29.9,Tablet,South,Paid,0,Yes,
6316,1cee3667-22d7-4ccb-be04-b684fb7d04c2,Visit,31:27.4,Mobile,North,Paid,0,Yes,
6317,37ff90a3-be57-4265-8a02-cc3bbe5eaddd,Visit,05:53.3,Tablet,East,Paid,0,Yes,
6318,0e2460b7-b5ef-4985-a4f9-b21690d9e547,Visit,53:55.1,Desktop,South,Paid,0,Yes,
6319,33310c47-5a64-427c-8100-b760574026ec,Visit,13:26.5,Desktop,South,Paid,0,Yes,
6320,b25293dc-fd62-4a81-9d94-b36f1fc69f27,Visit,30:45.2,Mobile,East,Referral,0,Yes,
6321,a7d869ce-cc4b-4eef-8063-7394aafafb69,Visit,59:19.3,Desktop,North,Paid,0,Yes,
6322,5e02923d-5ca2-4b77-93b9-9553e9441e2f,Visit,53:16.0,Tablet,North,Referral,0,Yes,
6323,24ad9be8-aade-41c7-b4e8-5abbcbf56c29,Visit,44:27.2,Mobile,North,Paid,0,Yes,
6324,6d9234a7-4d39-4413-bcdf-4bc33d48c702,View Product,29:32.1,Mobile,South,Organic,0,Yes,
6325,13d58d77-e95b-41b8-9808-d4f380b136b4,Visit,25:14.1,Desktop,North,Organic,0,Yes,
6326,d088a083-d367-409a-899a-01f6761397ba,Visit,43:29.7,Tablet,North,Referral,0,Yes,
6327,997f4a76-8825-402a-8c58-56d5f0379c65,Visit,41:02.5,Desktop,East,Paid,0,Yes,
6328,fee59104-d3ca-4170-82f1-4f38f4da52b5,Visit,52:45.5,Tablet,South,Organic,0,Yes,
6329,f64e84bd-b878-4916-91b3-c766926319cd,Visit,31:27.4,Tablet,West,Organic,0,Yes,
6330,699ae528-fa5e-4cff-8bb5-1231756388a3,Visit,16:19.3,Desktop,North,Organic,0,Yes,
6331,691cfe6c-caaf-41a8-97c0-6105f4a41f87,Visit,13:50.4,Mobile,North,Referral,0,Yes,
6332,1dc09ba6-c4ff-4b9f-95ae-f45f1387c2af,Visit,32:32.2,Tablet,East,Organic,0,Yes,
6333,b6145c73-2bd7-40f6-8005-61cde128f78d,View Product,34:33.1,Desktop,East,Referral,0,Yes,
6334,511247c2-1a69-4709-b2da-34675a9bf4dc,Add to Cart,10:09.1,Mobile,South,Organic,0,Yes,
6335,af712f47-31a6-4c63-82e1-5f784c8ace90,Visit,47:09.3,Desktop,East,Paid,0,Yes,
6336,6bfb90b0-b15f-45fa-99b5-9dcd9db2567b,Visit,17:43.8,Desktop,West,Paid,0,Yes,
6337,6032419e-8a17-44d2-85ba-5d3b497b9a9a,Visit,18:45.5,Desktop,North,Paid,0,Yes,
6338,6de2727b-9d62-42e5-9efb-06c79c5fabc8,Visit,23:36.2,Desktop,East,Organic,0,Yes,
6339,75ae337e-9e28-4f77-bf69-029005000891,Visit,41:04.9,Mobile,South,Paid,0,Yes,
6340,e1f90612-1d04-48c5-af7b-fb7ae5ae8b3d,Visit,31:57.9,Desktop,South,Paid,0,Yes,
6341,608c0ef2-8c86-413f-abd5-e45cf7d09ef4,Visit,09:55.3,Tablet,West,Referral,0,Yes,
6342,1867135f-1d20-4ff6-9e90-1d254844443a,Visit,14:37.2,Tablet,East,Paid,0,Yes,
6343,d6270879-7475-4380-87c0-4f1d88e9a5cf,Visit,59:53.0,Tablet,South,Paid,0,Yes,
6344,c850a02f-6099-460f-ae88-6ddf944af40d,Visit,06:24.1,Tablet,North,Referral,0,Yes,
6345,a9d20b2d-5be1-4cd6-9ed8-582383ab3312,Purchase,00:40.6,Tablet,South,Paid,1669,No,No
6346,8c41d864-9b0a-4813-b0e3-d7311f4b7d4f,View Product,17:16.6,Mobile,East,Referral,0,Yes,
6347,76078fef-70a8-404a-a597-73c21cfc8b08,Visit,26:52.3,Mobile,East,Organic,0,Yes,
6348,68e911ee-4c3c-4a07-af24-424e558d6b6a,Visit,51:16.0,Mobile,South,Paid,0,Yes,
6349,9397f4a8-de4c-4146-8e8f-9d97a42c0933,Visit,03:05.1,Mobile,West,Referral,0,Yes,
6350,6d3d9f66-ae33-48a1-9b2c-67901afcddae,Visit,40:20.5,Tablet,North,Referral,0,Yes,
6351,5cde9be1-775c-46b8-9d71-7fabc94b8655,View Product,23:54.4,Tablet,East,Paid,0,Yes,
6352,023b393e-98f1-4540-a57b-ed8f72db7fd4,Visit,20:08.9,Tablet,West,Organic,0,Yes,
6353,3631c216-5d05-4c38-9aed-b9d02f33ecb1,Visit,41:28.6,Mobile,East,Referral,0,Yes,
6354,ead6feb6-f5c8-4ac9-838a-924efee108df,Visit,05:23.9,Mobile,North,Paid,0,Yes,
6355,6f1e9c1f-943d-4d7c-9a6b-4925bee5159a,Visit,22:34.7,Mobile,North,Organic,0,Yes,
6356,24dfebd1-564d-4fab-beb1-1604eff49c42,Visit,11:31.6,Tablet,East,Referral,0,Yes,
6357,eba731f3-dc69-4cf4-affa-f088cd58d90d,Visit,07:44.3,Tablet,North,Referral,0,Yes,
6358,51a6c12b-523e-4b09-8458-cdd4bcdf01ce,Visit,07:45.6,Desktop,West,Organic,0,Yes,
6359,1c555dc2-fa62-45a3-8b5f-f833759aee86,Visit,27:06.9,Tablet,South,Paid,0,Yes,
6360,e1a22484-e897-46c5-be85-29f17cd43b60,Visit,37:42.3,Tablet,East,Organic,0,Yes,
6361,2b271003-f375-4028-b0a6-125d4a0f6ea0,Visit,05:44.0,Mobile,West,Paid,0,Yes,
6362,8801a3bc-9e1e-416e-ac91-8cae44b6eae3,Visit,52:54.5,Desktop,West,Referral,0,Yes,
6363,7ccca0cf-9f9c-4a48-acb4-269593a70d49,View Product,25:37.7,Mobile,North,Organic,0,Yes,
6364,c4887510-3eb5-4633-9b8b-2521b626add4,Visit,51:52.5,Desktop,West,Organic,0,Yes,
6365,29b617e9-b4cb-4c9f-9bbb-03c18b2aa2f7,Visit,53:43.8,Mobile,North,Paid,0,Yes,
6366,8cfe01e1-a95b-4a05-b1ce-76e21dbfbb4e,Visit,47:26.5,Desktop,North,Organic,0,Yes,
6367,4b73612d-873a-451c-9cc7-f8ce9722fca4,Visit,31:45.2,Tablet,North,Paid,0,Yes,
6368,49458257-5db3-40ae-953f-581c275ddec1,Visit,49:02.6,Tablet,East,Referral,0,Yes,
6369,af5e60b5-e181-4ccf-89c3-e37624b68db4,View Product,43:50.3,Tablet,South,Organic,0,Yes,
6370,81da662b-45d4-4ff7-90bf-dccc9f34c7c0,Visit,41:47.1,Mobile,North,Paid,0,Yes,
6371,68d95293-df86-4eb3-a3c0-089566034e30,Visit,48:48.7,Tablet,East,Referral,0,Yes,
6372,d47e2673-16da-4239-b07b-75863fcb9ab1,Visit,26:24.1,Desktop,South,Referral,0,Yes,
6373,b3a9b267-9d2a-4c68-aef2-a8efe0ec65c0,Visit,34:05.0,Desktop,West,Referral,0,Yes,
6374,1e54e9bd-13a4-4ba9-a013-cbec585f15f5,Visit,25:48.6,Mobile,West,Organic,0,Yes,
6375,d2933a92-98fc-4596-9d08-9c43951a4239,Visit,06:57.3,Tablet,South,Organic,0,Yes,
6376,7ee636c4-3cc2-4d8f-b929-f090aca51f9e,Visit,54:42.0,Desktop,South,Referral,0,Yes,
6377,b75e5b04-c4ba-43b6-9432-37b444084c65,View Product,20:29.2,Mobile,South,Paid,0,Yes,
6378,2e7b673c-b9d4-4597-a061-2666be249f41,Visit,05:38.1,Tablet,West,Referral,0,Yes,
6379,71651bc3-d28d-420b-a59b-7acb7f50d9b4,Visit,35:29.7,Mobile,South,Paid,0,Yes,
6380,7e5752cb-15e0-462f-8e3b-6fba43da86ad,Visit,27:11.5,Tablet,North,Paid,0,Yes,
6381,6d7d4ddd-0b18-45c6-8d16-a1a70e4a32fa,View Product,21:59.5,Desktop,East,Referral,0,Yes,
6382,51384e2a-0905-4377-9f8e-8cbbf73681e5,Visit,38:19.9,Mobile,North,Referral,0,Yes,
6383,cb8a205e-9244-4104-bb85-58357e7dc3bf,Visit,14:19.1,Desktop,West,Organic,0,Yes,
6384,81284b95-bad5-41a7-ab88-525cd6820e3e,Visit,38:38.0,Tablet,North,Paid,0,Yes,
6385,78c24569-cba7-4d2e-8032-fe533a4b092a,Visit,29:34.7,Mobile,North,Referral,0,Yes,
6386,e3e5aeb1-4936-475c-8ece-748bbe979e32,Visit,12:14.7,Mobile,South,Paid,0,Yes,
6387,d79de72f-376d-4176-afe4-2f5a444e7756,View Product,34:55.7,Tablet,West,Referral,0,Yes,
6388,805fee78-b4fd-4ac2-bba3-bcb8de0a50fc,View Product,41:36.6,Tablet,North,Organic,0,Yes,
6389,c1c7db30-0dff-4856-835c-42f745260854,View Product,26:08.7,Tablet,North,Organic,0,Yes,
6390,01e50b26-7467-40c3-8c57-3e333664208c,Visit,29:13.8,Desktop,West,Organic,0,Yes,
6391,009035d2-68b4-481d-a82c-449492d7abf3,Visit,42:26.1,Mobile,West,Paid,0,Yes,
6392,329d2133-3a0e-489d-8fa6-28a6e396aa1f,View Product,26:26.7,Desktop,East,Paid,0,Yes,
6393,e9dded22-96b7-45f0-a254-3dd17e3f6aff,Visit,06:47.1,Desktop,North,Referral,0,Yes,
6394,dbab2fa4-9d18-4adb-9cad-09ec5eefdbe1,Visit,29:08.3,Mobile,South,Paid,0,Yes,
6395,2ba1e656-2264-488b-97fa-e9a69c3aa73c,Visit,15:13.3,Tablet,South,Organic,0,Yes,
6396,9b20895e-c335-41e5-8f46-9c3267695914,Visit,37:25.9,Mobile,South,Referral,0,Yes,
6397,474ff8d8-dd3e-47ae-8a8a-5bcd05e57aef,Visit,01:46.7,Desktop,West,Organic,0,Yes,
6398,1c64a16f-165c-4c0a-9d71-826b687ba1d9,Visit,43:53.6,Mobile,North,Referral,0,Yes,
6399,9eb04213-ea1c-42d6-8125-f4cb63109f6f,Visit,29:14.6,Mobile,West,Referral,0,Yes,
6400,76c8d7f6-dedb-46ba-9f00-f01b39dc1661,Visit,06:17.8,Desktop,North,Referral,0,Yes,
6401,f9cd7263-6264-49b6-a84a-3c819b1d7abe,Visit,46:36.3,Tablet,East,Organic,0,Yes,
6402,2c93db18-fc28-4a66-af52-3f9f85f8de02,Visit,47:28.8,Desktop,North,Organic,0,Yes,
6403,9c5bb742-3921-4c08-b2c5-dc18a40c5ec3,Visit,08:17.0,Mobile,West,Paid,0,Yes,
6404,53c03de3-595a-4f81-8359-2d6cb8816130,Visit,40:09.1,Tablet,West,Paid,0,Yes,
6405,da7916a8-f0ac-483c-8b52-eb1f9b528d26,Visit,45:51.3,Mobile,West,Organic,0,Yes,
6406,4b920a71-f5a5-451a-b78c-d454025a945f,Visit,46:23.8,Mobile,East,Referral,0,Yes,
6407,5a2ce025-e40b-403d-9594-12b6216c20fa,View Product,00:25.5,Desktop,West,Referral,0,Yes,
6408,82bba730-d224-4009-a77b-dcb89308f350,Visit,38:45.6,Tablet,East,Referral,0,Yes,
6409,1f38bd24-38d1-4ff5-a5b5-4f1643b33a99,Visit,14:44.5,Mobile,West,Paid,0,Yes,
6410,e1686e70-b7fa-4435-9dd8-678064fa442a,View Product,04:13.6,Mobile,East,Referral,0,Yes,
6411,47159406-37b4-4f54-9c63-30e57a5ad296,Visit,43:56.3,Mobile,East,Paid,0,Yes,
6412,865143b2-509f-47d6-988b-306d78d7a52a,Visit,59:23.9,Desktop,North,Paid,0,Yes,
6413,c7c68b0e-29d0-4b59-9ba1-7513a9827133,Visit,42:05.3,Tablet,North,Organic,0,Yes,
6414,7d152e79-5390-4c07-a5af-dbe721d0f10c,Visit,10:28.2,Tablet,South,Organic,0,Yes,
6415,4a516b3e-d53b-4cdd-a348-f4186e381059,Visit,44:08.5,Desktop,North,Referral,0,Yes,
6416,bd79e4b7-89b0-4262-b26a-dbc62e02e0c0,Visit,27:05.5,Desktop,West,Paid,0,Yes,
6417,1347aa01-eff7-449a-94ac-d9c7560fa4e6,Add to Cart,32:27.0,Desktop,West,Organic,0,Yes,
6418,faa5632e-602f-4b04-995c-aa62ef551f74,Visit,55:24.3,Desktop,East,Referral,0,Yes,
6419,7363d908-cdd2-4583-8247-f41f1b9915db,View Product,04:56.6,Mobile,North,Organic,0,Yes,
6420,7c2dc18c-d75d-4754-b81c-fdc748b7acb7,Visit,12:41.8,Mobile,South,Referral,0,Yes,
6421,93a1149f-efda-42e4-8f5e-69f32ecdfbb3,Visit,18:50.7,Tablet,South,Organic,0,Yes,
6422,239d2e22-fe6f-485b-b6ef-ed56cbdecfdd,Visit,19:03.4,Tablet,North,Referral,0,Yes,
6423,0b598f07-f432-46d0-9f0b-a67e4692c46b,Visit,18:28.0,Mobile,North,Organic,0,Yes,
6424,4465e785-0866-4bf5-b48c-c3d7866c0c26,Visit,18:00.9,Mobile,North,Organic,0,Yes,
6425,30b6070a-bdf2-44e1-a1df-9764be74ebf8,Visit,52:24.5,Mobile,South,Referral,0,Yes,
6426,5d2ac1df-9adb-4747-8e6b-3f88657a3690,Visit,23:11.1,Desktop,East,Paid,0,Yes,
6427,f1df0d11-ced9-4156-b606-bf10d78ff90a,Visit,23:31.6,Desktop,West,Paid,0,Yes,
6428,bd7acd90-fc59-4621-9b69-b0a78d9d813b,Visit,28:19.8,Desktop,North,Organic,0,Yes,
6429,309aa284-17bf-4111-9665-6e97063c3228,Visit,53:15.4,Tablet,North,Referral,0,Yes,
6430,ef69b3a7-88d1-4db0-9e75-d36281408b9e,Visit,37:54.8,Tablet,West,Referral,0,Yes,
6431,226d32b0-1277-48d5-bf7a-531b44979309,Add to Cart,40:45.6,Tablet,North,Referral,0,Yes,
6432,11496154-6dde-4827-8035-47d19e611ad4,Visit,48:20.3,Mobile,West,Paid,0,Yes,
6433,74bfb744-ab65-4370-a5d7-57aae2d365e9,Visit,20:13.0,Tablet,West,Referral,0,Yes,
6434,0a99f272-a589-4d9a-9825-fb5cc23edf4b,Visit,02:17.7,Tablet,West,Paid,0,Yes,
6435,44bf51ea-1536-43da-b316-302c23c8bbee,Visit,23:33.3,Desktop,North,Paid,0,Yes,
6436,3d69a263-e544-4185-8226-a10daa1baa2b,Visit,42:12.0,Mobile,North,Organic,0,Yes,
6437,61147a80-5c40-429d-8da2-cbb19399f4cb,Visit,58:26.9,Mobile,East,Organic,0,Yes,
6438,8e481c07-c63f-46c1-9504-050d85c3ee83,Visit,25:14.5,Mobile,East,Organic,0,Yes,
6439,189e55aa-578e-4a37-b657-3c3fa487151b,Visit,01:22.9,Mobile,East,Referral,0,Yes,
6440,4b545e2f-838d-4478-9114-ecbf9392857f,Visit,22:47.1,Tablet,North,Referral,0,Yes,
6441,f1e4cf57-4da4-4b74-9b78-cf3cef97e026,Visit,57:23.4,Desktop,West,Referral,0,Yes,
6442,126045cb-326c-4480-9ec9-3cb2b3b0cdaa,View Product,52:43.0,Tablet,South,Paid,0,Yes,
6443,c09a0eaa-6831-4870-8d18-a326aaac3545,Visit,35:49.5,Desktop,North,Referral,0,Yes,
6444,eb348559-6d65-45fa-8514-b7f4bab02649,View Product,43:12.2,Tablet,North,Organic,0,Yes,
6445,455cfa53-f546-44d7-aead-3e1bdf64ef1e,Visit,33:00.0,Mobile,South,Organic,0,Yes,
6446,03097e4e-8fd6-4a01-8eeb-f6e5a7860cce,Visit,48:05.5,Tablet,North,Organic,0,Yes,
6447,f03bbd0c-8295-48b7-81ec-43b45e6e57d6,Visit,15:13.7,Desktop,South,Organic,0,Yes,
6448,ad09c44d-d234-477a-8d84-bdfe090ea182,Visit,22:36.2,Desktop,North,Paid,0,Yes,
6449,ae6fb6ba-e468-4835-8a0f-34ad2830777b,Visit,19:59.3,Tablet,East,Paid,0,Yes,
6450,00482c2e-674e-4b4f-a43b-b49e5ccf79f1,Visit,42:56.2,Mobile,North,Organic,0,Yes,
6451,d478f0d3-3024-4641-ba09-e4d695063f60,Visit,42:32.5,Tablet,South,Organic,0,Yes,
6452,000c95d6-5ac9-422d-be23-eea606d15b72,Visit,35:44.5,Desktop,East,Paid,0,Yes,
6453,da0f4cc7-27ac-4c6e-83af-621b5a37dd14,Visit,28:23.5,Tablet,East,Organic,0,Yes,
6454,46bde787-f548-49a6-9397-8974fd275931,Visit,05:51.6,Mobile,South,Paid,0,Yes,
6455,d9f44703-0f60-4baa-8d85-2d388d6b5e0d,Visit,51:58.1,Mobile,North,Organic,0,Yes,
6456,71b61b9a-8606-4cde-a1e5-1a81c7eaa6ae,Visit,46:33.2,Tablet,East,Referral,0,Yes,
6457,c206a619-4e35-4510-8066-e712e0d4b687,Visit,57:16.8,Desktop,North,Organic,0,Yes,
6458,7f1824b6-8cae-4f6d-b64a-6d459cdf41e8,Visit,27:07.7,Desktop,South,Organic,0,Yes,
6459,f49c5504-e625-4b5b-bf8a-2e09fc949f1e,Visit,30:51.4,Desktop,North,Paid,0,Yes,
6460,61860cde-643b-4738-9457-a3c9fb8d32da,Visit,10:44.8,Tablet,South,Referral,0,Yes,
6461,e78ab094-a7d3-4061-9ad2-ac560b01bb47,View Product,12:18.6,Tablet,East,Organic,0,Yes,
6462,a3a19f47-134e-486e-9faa-a845d3755981,Visit,02:30.6,Desktop,West,Referral,0,Yes,
6463,b02a145a-a6eb-4a36-929a-a32fcc6c9d33,Visit,36:58.2,Tablet,North,Paid,0,Yes,
6464,9df56e24-b540-4cb3-ac32-748d742dbe31,Visit,42:23.0,Tablet,North,Paid,0,Yes,
6465,457b1a33-bfbe-436c-bb64-e703344d70f1,Visit,00:58.2,Tablet,East,Organic,0,Yes,
6466,be960759-f2f8-46e7-bdc6-e572e8eec24a,Visit,24:53.6,Mobile,North,Paid,0,Yes,
6467,5fc36ef2-917c-4d4a-81b5-b6cd53012d12,Visit,16:05.2,Mobile,East,Paid,0,Yes,
6468,88c6fdf4-5f71-4138-bee4-897287501c0a,Visit,08:15.0,Tablet,East,Referral,0,Yes,
6469,dc35506a-800d-45ea-851c-d9d087e15b23,View Product,34:30.5,Mobile,West,Paid,0,Yes,
6470,4e83823b-17cb-441b-a9af-4dd2ec6c5dcf,Visit,18:28.1,Desktop,West,Referral,0,Yes,
6471,29fbee9a-9d25-4dd3-80bb-7227dc6bcbfa,View Product,52:20.8,Tablet,East,Referral,0,Yes,
6472,2b013310-07c5-4def-952f-479b42742fa1,Visit,35:30.4,Mobile,East,Organic,0,Yes,
6473,c106b579-7fc2-4204-a4af-8c2bcb917247,Visit,58:19.0,Desktop,North,Paid,0,Yes,
6474,03231a55-b009-4755-ab7b-b8821c349f71,Visit,55:57.0,Tablet,North,Referral,0,Yes,
6475,73ddd599-c443-4ec7-a1da-509b645be0bd,Visit,52:49.7,Mobile,North,Referral,0,Yes,
6476,8f8499af-2069-4270-9024-d409c1080d8b,Visit,44:55.1,Desktop,East,Referral,0,Yes,
6477,d0c72c5e-2bd6-4237-8a66-d515d7da0135,Visit,19:10.2,Desktop,North,Paid,0,Yes,
6478,970f477e-4f4c-403d-82da-bec4b20ab0c5,Visit,34:42.3,Mobile,South,Referral,0,Yes,
6479,71c4c76d-67f5-4501-8f55-17159ec6eb93,Visit,23:25.5,Desktop,West,Paid,0,Yes,
6480,bc23ebab-2213-4560-896f-7b968c13c3e9,Visit,09:09.2,Desktop,East,Paid,0,Yes,
6481,d2a1f7f7-f256-48f9-bf57-c5ac0c225b7d,View Product,58:05.1,Tablet,West,Organic,0,Yes,
6482,4d8729a3-9b7c-42d3-a562-1fc3cd6b2f54,Visit,27:12.8,Desktop,West,Organic,0,Yes,
6483,a279e0f6-df9a-4baf-be8f-c838f5d1d052,Visit,23:11.7,Tablet,South,Organic,0,Yes,
6484,b6615a2a-17f5-485e-b57b-f8c1cafea1b3,Visit,41:29.0,Desktop,West,Paid,0,Yes,
6485,ee849411-13ed-4e38-a519-32d42228e7fd,Visit,58:33.4,Mobile,East,Organic,0,Yes,
6486,9bcbce53-a411-4770-a3c3-861c95725f26,Visit,32:09.4,Desktop,East,Paid,0,Yes,
6487,2f895d99-e480-4516-a2e8-735664776410,Visit,51:33.2,Mobile,West,Referral,0,Yes,
6488,230c2c98-1a3c-4fd5-806a-018f7998a229,Visit,32:17.4,Mobile,South,Organic,0,Yes,
6489,1667d95c-be08-46ea-9383-4dc2a6ff8904,Visit,35:29.0,Mobile,South,Referral,0,Yes,
6490,5160dda7-9549-4eea-a351-8fca894f59a8,Visit,13:14.9,Tablet,West,Organic,0,Yes,
6491,8d82a9a4-835e-46be-bf31-cd5f29a29740,Visit,26:46.9,Tablet,South,Paid,0,Yes,
6492,7489d928-71ee-41ed-b78c-f2e0ecea5383,Visit,09:29.4,Mobile,North,Paid,0,Yes,
6493,fd959e5d-e322-491f-94a2-4dc75da4cd69,Visit,38:13.6,Tablet,West,Organic,0,Yes,
6494,029827f7-7484-4ff0-ad7c-d1249b05e32a,Visit,23:42.4,Mobile,East,Paid,0,Yes,
6495,3c525dfc-4aa4-4603-ab73-71590d983bab,View Product,26:27.4,Desktop,North,Organic,0,Yes,
6496,6e1daffa-da61-4e22-8974-98947e423320,Visit,25:13.3,Desktop,South,Referral,0,Yes,
6497,9d077489-af5f-4d1e-9d74-95a88536a64d,Visit,22:52.8,Tablet,West,Referral,0,Yes,
6498,f3abd432-1a07-4a50-b01f-74f6d4fdd809,Visit,55:32.3,Mobile,West,Paid,0,Yes,
6499,8ed5c66b-3a1d-4c2e-830a-08975191ecaa,Visit,14:51.1,Mobile,West,Paid,0,Yes,
6500,762fb1e4-5166-41bd-8ecc-1f9af4cb85ac,Visit,42:24.2,Tablet,East,Paid,0,Yes,
6501,ae66c8fc-46f0-48e0-89c4-99cda91cd8b9,Visit,35:51.3,Mobile,West,Referral,0,Yes,
6502,9d62729b-3c35-4da6-9961-ce35bcf7d7e7,Visit,14:33.7,Desktop,East,Referral,0,Yes,
6503,a87ab647-a356-4ca7-8286-ec4a0229f6d8,Visit,55:18.1,Desktop,South,Referral,0,Yes,
6504,e900491a-8ec1-4f6e-948b-abb43d1ad268,Visit,35:00.6,Tablet,East,Organic,0,Yes,
6505,eb8f0a50-e333-43c6-8207-30c387e35598,Visit,33:28.0,Tablet,East,Organic,0,Yes,
6506,42b4d6dc-cd32-4997-9274-c1cf5495910b,Visit,07:32.7,Tablet,East,Paid,0,Yes,
6507,c885ff6e-3222-438c-9eb5-bb64d0f1e1f6,View Product,16:16.6,Desktop,West,Paid,0,Yes,
6508,bd2d177e-62aa-4c31-92a1-446a52e24415,Visit,02:56.7,Tablet,North,Referral,0,Yes,
6509,43ee76f9-a015-4433-8ea9-4bb2f9c8485e,Visit,10:11.2,Desktop,South,Organic,0,Yes,
6510,0b8e07ef-21f8-4ded-af71-373b9021928a,Visit,44:36.0,Mobile,West,Paid,0,Yes,
6511,4aec6a63-9cce-4595-bf08-eb69fd09fd6b,Visit,56:50.5,Tablet,South,Organic,0,Yes,
6512,02419c8b-cd3c-4ad4-b49c-097960a8fc0c,Visit,35:48.8,Desktop,West,Organic,0,Yes,
6513,6f2a7dcb-ae13-471f-8ab4-9893ffd315ad,Visit,46:37.7,Tablet,South,Referral,0,Yes,
6514,f2b5f593-86f7-4d2f-856e-cf14c8a5ffd2,Visit,23:47.3,Tablet,South,Paid,0,Yes,
6515,791bedd2-8a0d-48cd-aa08-275c7765c1a2,Visit,09:59.1,Tablet,South,Organic,0,Yes,
6516,1307711a-60e1-475f-8ebf-e5f931d1cda8,Visit,22:57.4,Tablet,East,Organic,0,Yes,
6517,33955f81-d1e0-4fdb-8004-e52b03f1c901,Visit,13:06.1,Mobile,North,Organic,0,Yes,
6518,28d39269-2ca4-4a14-a62e-3d9729ae4ea9,Visit,36:31.3,Desktop,West,Organic,0,Yes,
6519,bee11c1a-f17c-4e1c-959a-ac4a882673dc,Visit,12:28.9,Desktop,East,Referral,0,Yes,
6520,a1fa8e0e-6b21-4dbe-80d5-8dbe437dd5a3,Visit,46:59.2,Mobile,West,Organic,0,Yes,
6521,073430b2-97d3-4bbd-a405-7e727bda8e1b,Visit,13:42.7,Desktop,East,Referral,0,Yes,
6522,3c3159ae-93df-490f-abb4-b240dd757cd1,Visit,47:40.9,Desktop,South,Paid,0,Yes,
6523,2ef309dc-6db1-4234-9f6e-f6eafafbfeeb,Visit,09:05.6,Tablet,South,Paid,0,Yes,
6524,63184dff-1f11-44af-a278-1222ce5269d1,Visit,11:35.3,Mobile,North,Referral,0,Yes,
6525,4d4d6e24-da9b-406f-a28b-449d43d46f0b,Add to Cart,32:30.5,Tablet,West,Paid,0,Yes,
6526,c5743224-e1eb-4e03-88b3-4096311321ae,View Product,14:33.9,Mobile,East,Organic,0,Yes,
6527,3ccd2467-7acd-40de-a89e-6ba1b30c3576,Visit,16:08.5,Tablet,West,Referral,0,Yes,
6528,6fb91bec-2f57-4c64-8676-7a9abb10c3a0,Visit,09:14.6,Desktop,North,Paid,0,Yes,
6529,600c583d-f30a-4a55-b708-1b256fbf877c,Visit,14:21.5,Tablet,East,Paid,0,Yes,
6530,2d68ce6b-9c81-4d20-b888-aa4589775fd7,Visit,12:12.9,Tablet,South,Paid,0,Yes,
6531,8cb38d36-0c24-464b-867e-8138742d10ec,Visit,03:31.9,Mobile,West,Organic,0,Yes,
6532,6e9ba23f-4fec-444d-8148-5691fdfd037a,Visit,01:42.5,Mobile,South,Referral,0,Yes,
6533,fd0844ce-39c5-4348-b109-525e23128f46,Visit,14:04.2,Mobile,North,Referral,0,Yes,
6534,fd4f5aa6-f909-4608-9dbd-cc5eea8ca29c,Visit,24:56.7,Mobile,North,Paid,0,Yes,
6535,364c7985-adfc-482b-b9ce-269e9f72aa0b,Visit,09:24.3,Tablet,West,Paid,0,Yes,
6536,b130d0c5-2fc1-4562-bbcb-f2c264b7427b,View Product,58:03.7,Tablet,North,Referral,0,Yes,
6537,2e58455e-3170-4477-92b5-c2900c1e81fd,Visit,49:48.9,Desktop,North,Paid,0,Yes,
6538,8504fc25-8bf1-46b0-b419-dbd7f2f18b7f,View Product,11:03.1,Desktop,North,Organic,0,Yes,
6539,36da438b-c380-42a7-8796-7e323f7a471f,Visit,27:59.6,Desktop,North,Organic,0,Yes,
6540,29e5a73b-c777-4b8b-be3f-2907fd7c3bb9,Visit,06:32.4,Mobile,West,Referral,0,Yes,
6541,e13e78a4-59c9-4a09-8cf0-89813056559b,Visit,31:04.2,Mobile,South,Referral,0,Yes,
6542,0e8985b0-050b-4892-950f-83ba5e009830,Visit,51:29.5,Mobile,West,Referral,0,Yes,
6543,1a91bcce-c379-48eb-b64b-8c72bddcdf60,Visit,47:03.6,Tablet,East,Paid,0,Yes,
6544,78e57bd4-c4ef-48fe-9898-9a7071b089c3,Visit,25:58.6,Desktop,West,Referral,0,Yes,
6545,28712f1f-a299-40b7-85d7-073fbedc6246,Visit,00:43.4,Desktop,West,Referral,0,Yes,
6546,a1da388a-1e59-4bca-9c75-9602e0c7b573,Visit,00:31.4,Desktop,West,Paid,0,Yes,
6547,9dd99983-bf10-4780-9b08-3eca4c0d132b,View Product,41:22.5,Desktop,South,Referral,0,Yes,
6548,7eaef80b-c203-4f46-9308-06c0dcf754c2,Visit,22:20.6,Desktop,North,Organic,0,Yes,
6549,754e21ee-c671-4dc6-a031-daa0a7f5eec7,Visit,35:10.1,Tablet,South,Paid,0,Yes,
6550,1429a21d-cbee-40a6-9cdf-b21f540c9e32,Add to Cart,10:08.7,Desktop,East,Referral,0,Yes,
6551,b0998deb-b1df-4a77-8590-e03f0aac2dfb,Visit,01:31.0,Desktop,East,Organic,0,Yes,
6552,54a747e5-de5a-48ef-9880-3e89a4746894,Visit,57:34.2,Mobile,East,Organic,0,Yes,
6553,29eb1c2b-6201-488d-9550-964de5ceb63a,Visit,19:07.8,Tablet,East,Organic,0,Yes,
6554,47d09b84-0924-4c8c-83c3-7bd9813454d3,Visit,37:50.0,Desktop,South,Referral,0,Yes,
6555,5cd767b3-9827-4382-a67f-725114a0fd61,Visit,54:10.5,Mobile,West,Organic,0,Yes,
6556,9c4eb1cd-17d8-4201-bc32-44f7e8c6bf3a,Visit,49:58.2,Mobile,North,Organic,0,Yes,
6557,46dab3ef-b9e2-44b1-8f9b-ba27257ed842,Add to Cart,12:18.2,Mobile,South,Paid,0,Yes,
6558,0d49ceab-9894-4341-8180-d06c490fd809,View Product,11:46.1,Tablet,West,Referral,0,Yes,
6559,65956adb-3304-4dc8-8d25-f5b983d9fce9,Visit,13:04.1,Tablet,South,Referral,0,Yes,
6560,1bf4758c-fd07-47d8-b323-525fb572008d,Visit,09:06.7,Desktop,East,Referral,0,Yes,
6561,eb2a4221-21f3-4019-889e-ad713bb5fc99,Visit,04:56.9,Desktop,West,Paid,0,Yes,
6562,8d71e818-4305-4109-af32-524dbd3ffd11,Visit,33:11.9,Mobile,South,Referral,0,Yes,
6563,9e35bda9-2b49-4b74-9e5a-09ffe2ae04a1,Visit,06:44.3,Tablet,North,Referral,0,Yes,
6564,9d089898-675a-4d30-b29e-b50c260d8557,Visit,29:13.0,Mobile,South,Organic,0,Yes,
6565,9e672c48-1a70-41ba-88a3-f5cf76b2ec92,View Product,30:09.0,Desktop,West,Referral,0,Yes,
6566,7bad6399-c320-42dd-b56f-71f4cbff82a6,Visit,21:34.8,Desktop,West,Referral,0,Yes,
6567,c34896c7-4108-4d1d-8dee-5d2a45cd2410,Visit,05:15.1,Tablet,West,Paid,0,Yes,
6568,c9782a63-b20b-4c16-8ae6-55c115bc23c1,Visit,33:15.9,Mobile,West,Paid,0,Yes,
6569,63fc0ee7-6c0a-4ca7-bfae-296116155006,Visit,45:16.3,Mobile,East,Referral,0,Yes,
6570,38adca65-e067-48fe-9639-de1d6ddecd3c,Visit,01:26.9,Tablet,West,Organic,0,Yes,
6571,3f68b5a9-f933-49c1-adeb-bac0d6547d90,Visit,59:00.6,Desktop,East,Organic,0,Yes,
6572,da585a73-43bf-4bb8-90a8-76129a18735b,Visit,13:51.5,Desktop,East,Referral,0,Yes,
6573,bfa17713-9188-4f4e-87c2-c0106980964f,Visit,28:56.1,Mobile,North,Organic,0,Yes,
6574,996b03f4-a3bd-486b-a703-daaf01a003c4,Visit,29:30.8,Mobile,West,Referral,0,Yes,
6575,c2adfc90-ee2c-4e31-aeb4-fa4bdbf784cd,Visit,33:18.2,Desktop,West,Referral,0,Yes,
6576,559fafc1-25b2-4ce0-8764-561a49bd949f,Visit,27:09.1,Desktop,West,Paid,0,Yes,
6577,a9d64881-72fd-4c1e-a141-eca4f269f1cd,Visit,20:28.6,Tablet,West,Organic,0,Yes,
6578,ef8d4020-024c-4096-bc0c-9d3e0ab83d41,View Product,53:50.1,Mobile,East,Paid,0,Yes,
6579,ab67e97e-f5a3-40b4-8437-2f5d4aa6ad22,View Product,20:29.7,Mobile,East,Organic,0,Yes,
6580,48c1faea-f4b7-42d1-8355-fcb0ac2dedf2,Visit,55:38.2,Mobile,North,Referral,0,Yes,
6581,a933374d-91b6-4eb9-b4ef-84a6c1f99b58,Visit,08:38.3,Mobile,North,Paid,0,Yes,
6582,16722634-f9d7-4786-8138-59fc4813edeb,Visit,16:29.3,Mobile,West,Organic,0,Yes,
6583,51f2aa09-f1a4-41e4-aaeb-2c9ce74dbdf9,Visit,05:41.3,Mobile,South,Referral,0,Yes,
6584,97aefad7-b91b-442b-aadb-e11847797567,Visit,34:13.5,Tablet,South,Referral,0,Yes,
6585,3aa1fbba-7573-428f-b215-eabe95921959,Visit,18:06.7,Tablet,North,Paid,0,Yes,
6586,399bc594-ce9f-49e6-bd1b-becf32cae474,Visit,06:54.1,Tablet,North,Organic,0,Yes,
6587,06f84b1d-ec48-4b9b-a32e-72f59baa434b,Visit,18:02.1,Tablet,South,Referral,0,Yes,
6588,a59d6fa9-757d-4d11-a656-a5d9e128df24,Visit,04:22.7,Tablet,South,Referral,0,Yes,
6589,460c5386-ffcd-45e6-b643-6e31a46a1108,Visit,15:58.4,Tablet,West,Organic,0,Yes,
6590,bb257bb8-04d8-4fea-bbca-1ef85f6d3c4d,Visit,20:27.3,Tablet,South,Paid,0,Yes,
6591,b9926afc-99f4-4298-b781-533f84903382,Visit,37:42.1,Desktop,North,Paid,0,Yes,
6592,07f56375-ac95-42f1-91cb-b7d33fc4dc1b,Visit,51:09.2,Desktop,North,Paid,0,Yes,
6593,e74e7398-4d77-4cf9-81ae-2c1daafb6828,Visit,57:37.9,Tablet,West,Paid,0,Yes,
6594,8205ea61-08a9-4dcb-83f5-c39f686012a5,Visit,37:41.8,Mobile,West,Referral,0,Yes,
6595,c7c9c20f-5d80-415b-bec5-460cf85f7a5f,Visit,12:06.3,Desktop,North,Referral,0,Yes,
6596,73a89830-a47d-4663-a033-a36a402cc746,View Product,01:49.2,Tablet,East,Paid,0,Yes,
6597,e6f3288a-337b-43fc-b078-e83c9510234a,Visit,41:50.9,Mobile,West,Paid,0,Yes,
6598,5a1884ae-8433-40dc-9061-39a97064fe3a,Visit,38:35.4,Tablet,West,Referral,0,Yes,
6599,ef1d01f1-68a3-43b7-a046-7fe800946bf1,Visit,59:43.6,Mobile,East,Referral,0,Yes,
6600,d0f1f91f-80d5-4946-80ec-dc674a820e05,Visit,46:06.1,Mobile,North,Paid,0,Yes,
6601,02210c64-c481-47a9-96e1-5a73e97a8544,Visit,11:40.6,Desktop,North,Organic,0,Yes,
6602,d014a1bb-e453-46a2-8860-499f98b0caf6,View Product,26:37.7,Mobile,South,Paid,0,Yes,
6603,4026439c-6f48-476c-814e-76612eb1e521,View Product,47:13.5,Mobile,East,Referral,0,Yes,
6604,33067bc9-4541-43d5-8402-a8e7d78caa51,Visit,55:51.6,Desktop,East,Referral,0,Yes,
6605,96d822a6-37da-4311-826f-f46a5484bee7,Visit,38:53.2,Tablet,West,Paid,0,Yes,
6606,e8e91d81-07a6-46bc-a841-1b117ae251ff,Visit,54:02.4,Tablet,West,Paid,0,Yes,
6607,85f67548-d7e8-4cc7-84ea-656f61a88d1c,Visit,59:04.3,Desktop,East,Organic,0,Yes,
6608,1d7cc33e-7d71-463f-81f7-fe3ccdab1a32,Visit,07:41.1,Mobile,West,Referral,0,Yes,
6609,0dc07665-134b-4a38-84cf-fef2632031d3,Visit,36:46.3,Tablet,North,Organic,0,Yes,
6610,259190dc-1cb9-41fa-8b5f-8564cc71a244,Visit,39:12.0,Mobile,East,Paid,0,Yes,
6611,41fdd5d5-a280-473c-8b9d-da00ad0de1ce,Visit,41:27.2,Tablet,North,Referral,0,Yes,
6612,e523e60f-0fea-470e-8904-7c48feac916c,Visit,34:27.3,Desktop,South,Referral,0,Yes,
6613,30d339bf-d615-4f76-8cde-885f43698479,Visit,12:38.9,Mobile,West,Referral,0,Yes,
6614,2fac4c78-32d9-4596-b385-da2df7b7f59d,Visit,21:41.7,Mobile,West,Paid,0,Yes,
6615,10d9ba4e-e119-4797-bd63-672a15959304,Visit,09:41.5,Mobile,North,Referral,0,Yes,
6616,b4560aae-4444-4556-b733-788d6e079e13,View Product,32:04.8,Desktop,East,Referral,0,Yes,
6617,3206e717-b8ed-4b95-82fb-caa61e959423,Visit,15:40.6,Mobile,North,Referral,0,Yes,
6618,e44c0883-ba7b-4a12-9fb5-7f91349662ee,Visit,44:24.2,Desktop,South,Referral,0,Yes,
6619,22323333-05ac-45e9-a144-d36bfb9cdc15,Visit,27:33.1,Desktop,South,Paid,0,Yes,
6620,d0dd4356-bf0d-4246-8863-f0d1df92a8fd,Visit,35:38.0,Tablet,East,Referral,0,Yes,
6621,e9979845-7121-428f-bc16-27991c993b15,Visit,01:23.0,Tablet,North,Paid,0,Yes,
6622,220a0885-65e7-4a62-b3c3-760a1141f8f0,Visit,02:15.9,Tablet,West,Paid,0,Yes,
6623,f2cd36e1-89a9-4629-82a5-be9bc4e417dd,Visit,45:15.3,Tablet,West,Referral,0,Yes,
6624,993718fe-c15d-41d4-9362-c0a21c331080,Visit,15:50.7,Desktop,West,Paid,0,Yes,
6625,024644f6-99a0-4cfd-9f94-ed417cff7731,View Product,53:41.7,Tablet,West,Referral,0,Yes,
6626,8bab7145-8172-400a-b9ab-719118181a15,Visit,02:46.8,Desktop,North,Referral,0,Yes,
6627,4bff6462-f56a-4326-978c-92135458726f,Visit,10:22.1,Tablet,North,Referral,0,Yes,
6628,d712e8be-013a-46aa-88a7-f8c9dc56c208,Visit,10:56.0,Mobile,East,Paid,0,Yes,
6629,fcabca2a-01e4-42d3-a711-ce05fc03ca00,View Product,51:07.7,Tablet,North,Paid,0,Yes,
6630,b71321d2-595b-4922-8fd4-a55d22e1e38d,Visit,20:48.1,Mobile,South,Referral,0,Yes,
6631,07031c8c-4927-48a8-8385-c47a6a979ad9,Visit,45:04.3,Tablet,South,Organic,0,Yes,
6632,28738308-7799-4787-8239-adbed4924f4c,Visit,54:51.0,Desktop,West,Organic,0,Yes,
6633,75e696f6-219a-4604-a8d0-ba84d5207646,Visit,26:10.5,Desktop,South,Paid,0,Yes,
6634,ed80b9c4-8338-4acc-9988-29572c9136f8,Purchase,08:30.9,Mobile,East,Paid,1205,No,No
6635,471f8a6a-54d3-42c6-9601-c083c8116afc,View Product,16:36.3,Mobile,South,Referral,0,Yes,
6636,5bd8cfa7-ad44-44bc-98a0-99a3b622ced1,Add to Cart,52:13.7,Desktop,West,Organic,0,Yes,
6637,34f1931d-79b2-489c-b3c0-4afa7e4a2f2c,Visit,36:01.8,Tablet,North,Referral,0,Yes,
6638,cad6916a-a77c-4e0f-8aa4-e2367c1c4a83,Visit,36:17.5,Tablet,South,Organic,0,Yes,
6639,e25a4832-68c5-4c1f-9bed-39910ba55014,Visit,29:59.2,Mobile,West,Paid,0,Yes,
6640,5844708e-f809-40f1-9e62-6eaedc338e93,Visit,17:55.1,Tablet,West,Referral,0,Yes,
6641,513cd6c6-f3bf-4d57-9b3d-53edeaae778e,View Product,43:37.7,Mobile,North,Paid,0,Yes,
6642,4c396eef-f728-4839-ad07-97abb212724b,View Product,44:35.0,Tablet,North,Referral,0,Yes,
6643,8e56915a-71ad-446c-b6c4-4efcf1cc6fe0,Visit,22:24.9,Mobile,East,Referral,0,Yes,
6644,f80e7661-0c71-4286-b0da-13c8b1716350,Visit,56:34.2,Mobile,South,Organic,0,Yes,
6645,4c8189f3-3d91-43e4-91e5-baf0e4950d6e,Visit,10:22.9,Tablet,South,Paid,0,Yes,
6646,0b63205f-1e54-447d-8e4a-7a199dfc3602,Visit,32:42.8,Tablet,East,Organic,0,Yes,
6647,116f3330-3a75-4b74-8d6f-49a23b7259ed,Visit,42:23.0,Desktop,West,Organic,0,Yes,
6648,4099f5cf-914d-4314-946d-266dfaeb27eb,Visit,33:29.0,Desktop,West,Referral,0,Yes,
6649,461d3dfd-a995-4d8e-beda-7062a729b7c1,Visit,18:10.4,Desktop,South,Organic,0,Yes,
6650,f1a8bee9-f87b-4427-80d9-07ecf343ff96,Visit,11:30.2,Desktop,West,Referral,0,Yes,
6651,968a23ae-3b30-497d-ac19-d99e37c74fd4,Visit,21:41.3,Tablet,West,Referral,0,Yes,
6652,1dcb87dc-07ec-48f1-a023-1f4bf049fb5f,Visit,34:54.9,Mobile,East,Paid,0,Yes,
6653,e60acc22-a3d9-4590-8c7f-3e6330e57954,Visit,09:36.4,Desktop,North,Paid,0,Yes,
6654,ea2a4f70-68a8-4e93-b926-5e60536b1e46,Visit,16:48.2,Mobile,North,Organic,0,Yes,
6655,1ac8ca74-9943-4c60-9125-27ae63c82bce,Visit,04:07.5,Desktop,South,Referral,0,Yes,
6656,6542800f-3e21-4337-8747-33e85b4087f1,Visit,20:12.0,Desktop,North,Organic,0,Yes,
6657,a235c025-6c53-4fc3-8b0a-424f1ad8f040,Visit,47:54.4,Mobile,South,Referral,0,Yes,
6658,6429d673-2a1b-44df-8533-3fa2f197d631,Visit,37:01.8,Mobile,West,Referral,0,Yes,
6659,588a3d90-dc15-4ce6-83f2-d43e82553927,Visit,13:37.8,Desktop,South,Paid,0,Yes,
6660,ee713b55-e2f0-4654-bad1-36ddbfbbc960,Add to Cart,54:59.4,Mobile,West,Referral,0,Yes,
6661,a083536c-c01c-4f39-89e2-231f8a75d546,Visit,33:10.4,Desktop,West,Referral,0,Yes,
6662,00bb6503-6185-4c6e-b006-1e30e2938dd8,View Product,28:47.8,Mobile,West,Paid,0,Yes,
6663,c53377ed-647e-4c6e-9e85-28b9c695f130,Visit,52:37.9,Tablet,West,Referral,0,Yes,
6664,cd525014-215d-4e00-92c0-61a3f15a246f,Visit,25:36.4,Mobile,South,Paid,0,Yes,
6665,02c16c7a-820f-47e2-8ebf-2de827b3417e,Visit,59:12.8,Desktop,North,Paid,0,Yes,
6666,0a75f534-3c91-46fc-b62f-8ec2821b73af,Visit,01:48.0,Desktop,South,Paid,0,Yes,
6667,1d528856-0d0d-4718-a829-81f306392c72,Visit,58:06.6,Desktop,South,Referral,0,Yes,
6668,a8f20adb-4bc9-4589-a20f-3c043dce4087,Visit,46:44.3,Desktop,East,Paid,0,Yes,
6669,49d98a89-6296-4441-90f9-7185cd0d4deb,Visit,18:06.7,Tablet,East,Organic,0,Yes,
6670,bf58258c-9f6c-49bf-a8ab-d94887752b7a,Visit,44:04.2,Desktop,North,Organic,0,Yes,
6671,912f817d-cc7f-4eda-af61-fed59e3e491e,Visit,33:23.0,Mobile,East,Paid,0,Yes,
6672,327abd46-a7b4-4f5e-a42f-b30a08f08ffc,Visit,39:23.8,Mobile,West,Organic,0,Yes,
6673,0105bf0b-de7a-4676-9657-38f5adb928e1,View Product,47:05.2,Tablet,West,Paid,0,Yes,
6674,b03c6d0d-1dff-4d89-ae21-d09f6875f1d6,Visit,01:43.3,Mobile,South,Organic,0,Yes,
6675,7d3321d9-40ac-4aba-b0a2-d85ecce1c16f,Visit,25:20.2,Tablet,West,Organic,0,Yes,
6676,e1829f0d-36c9-415f-bc64-20a25be4d37a,Visit,23:45.6,Tablet,South,Organic,0,Yes,
6677,508608cd-c963-4708-a28d-4752e68c2e39,Visit,27:49.7,Desktop,North,Paid,0,Yes,
6678,58e7ca25-bd00-4288-9e69-656260952c2d,Visit,50:39.6,Desktop,East,Referral,0,Yes,
6679,11d6fd8b-6304-4095-8c6a-79b635b9a476,Visit,04:50.2,Tablet,West,Organic,0,Yes,
6680,651a42d7-782d-4739-a4d7-1249cd5a19d4,Visit,53:19.2,Desktop,East,Organic,0,Yes,
6681,a0559d9a-cf10-4d71-a374-ad83b26980ad,Visit,08:49.1,Mobile,West,Paid,0,Yes,
6682,a99eac4f-952d-4541-8076-f8c5d47ebbf6,View Product,20:49.1,Desktop,West,Organic,0,Yes,
6683,05f4ba0c-147c-4296-a3c7-df9f67efd113,Visit,02:18.5,Desktop,West,Referral,0,Yes,
6684,74e871e7-c3da-47d5-9bb8-d7f8975c7667,Visit,02:37.7,Desktop,North,Paid,0,Yes,
6685,c6f9622a-226c-4130-ba29-2309d49fc650,View Product,07:31.2,Desktop,West,Referral,0,Yes,
6686,211b56f5-6418-453b-9370-03a25b9f7dc8,Visit,44:49.0,Tablet,South,Organic,0,Yes,
6687,70e5b55d-43c4-4bb8-9ef3-a298e3f910f0,Visit,12:10.9,Mobile,West,Referral,0,Yes,
6688,44428031-3557-4801-b25d-02d8d7e84b3e,Visit,02:28.2,Desktop,South,Referral,0,Yes,
6689,25cc82d4-f7ae-45ee-b057-408df5e8fd76,Visit,25:54.6,Desktop,North,Referral,0,Yes,
6690,ed6e61f7-eec0-4267-ba21-02e2cf2eac0c,View Product,47:56.0,Tablet,West,Paid,0,Yes,
6691,f5123ac1-3004-4430-bc72-0737faa8d600,Visit,33:16.6,Mobile,West,Paid,0,Yes,
6692,c1f019f7-0c12-4150-acd8-3361b7a60ae6,Visit,19:02.6,Desktop,East,Organic,0,Yes,
6693,72eae4f4-9050-4dd9-8a05-45b2ac232c36,Visit,03:16.7,Desktop,West,Paid,0,Yes,
6694,3c92054f-fd4b-45bc-82c5-fb2975f5d288,Visit,50:55.0,Mobile,North,Paid,0,Yes,
6695,db3602ab-03cf-4b5e-830f-526fcc222463,Visit,34:00.6,Tablet,West,Referral,0,Yes,
6696,7fd21c3f-fffb-41c3-9876-d1ae3fc97dc5,Visit,06:33.5,Mobile,East,Paid,0,Yes,
6697,5dba5e48-da70-4d82-a6a2-79d0157d176f,Visit,58:01.6,Desktop,North,Referral,0,Yes,
6698,43306fa8-2579-44e7-ad39-1f5f44cc5d22,Visit,23:22.1,Tablet,West,Referral,0,Yes,
6699,bbf0e151-0ce5-4982-872f-dc6167bfc116,Visit,21:44.6,Mobile,South,Referral,0,Yes,
6700,f1d68149-daa4-4020-80bc-5e9e57637693,Visit,45:01.6,Desktop,South,Paid,0,Yes,
6701,c4a9937a-fe18-4975-9431-cf6cf8568ed5,Visit,14:23.1,Mobile,West,Referral,0,Yes,
6702,5c6f2b2e-277e-4b8b-b35f-5b211bde897c,View Product,44:24.9,Desktop,North,Organic,0,Yes,
6703,64e64b3e-c797-48fd-a236-bbaa9ab7ba1f,Visit,04:12.8,Tablet,North,Organic,0,Yes,
6704,51ecd522-3bf8-424f-a00a-04ea3966f63e,Visit,02:22.5,Desktop,West,Organic,0,Yes,
6705,a4307c7f-8679-41ea-b845-114e592b6296,Visit,23:28.5,Tablet,East,Organic,0,Yes,
6706,bdae48c4-0c32-41fd-bc90-3f4d93446455,Visit,58:00.6,Tablet,South,Paid,0,Yes,
6707,d04ab5f7-4c77-4768-adf2-790ecd15ac2e,View Product,15:55.0,Tablet,West,Referral,0,Yes,
6708,f8c01696-184b-47cc-815a-837927fe22e7,Visit,12:26.3,Mobile,West,Referral,0,Yes,
6709,b92e3541-54d0-42c3-9259-87e0455dc72b,Visit,58:09.2,Desktop,East,Referral,0,Yes,
6710,892ff1a2-13fd-4f73-bb4d-93c3ac1f41c6,Visit,45:44.6,Desktop,North,Referral,0,Yes,
6711,25527e02-c073-480c-b32e-a9b436af1fa1,Visit,20:03.6,Desktop,West,Paid,0,Yes,
6712,976653ee-37aa-4698-aea2-68669ee7f687,Visit,18:34.0,Mobile,East,Referral,0,Yes,
6713,3ee4bab6-53de-45a8-b76c-5df6c25f7b41,Visit,42:46.0,Mobile,South,Referral,0,Yes,
6714,eee0e338-c154-47e4-8207-bf4f20987dcd,Visit,31:20.5,Mobile,West,Organic,0,Yes,
6715,09dc1a47-c030-46b5-ba24-1917f5875a6a,Visit,23:56.2,Tablet,North,Referral,0,Yes,
6716,27c41718-d59d-4718-b268-c628a7e94c46,Visit,24:34.4,Tablet,West,Referral,0,Yes,
6717,d9e58cde-d8c8-4080-a6ff-4d1bf7a74af1,Visit,10:23.1,Mobile,North,Referral,0,Yes,
6718,3d985f68-17b0-4974-8a73-1f3e89831633,Visit,15:52.9,Mobile,North,Organic,0,Yes,
6719,c3378d02-7c17-49b6-b60d-cdd7b81b23e1,Visit,15:46.2,Desktop,South,Referral,0,Yes,
6720,3fe454d5-21ce-440f-ba46-4d781ff8f08f,Visit,15:41.5,Desktop,West,Organic,0,Yes,
6721,a5542b2c-f638-46b4-a873-16c2cc0c2d61,View Product,02:18.1,Desktop,West,Paid,0,Yes,
6722,83b00f01-69fa-4a6b-9f76-fbb817e29899,Visit,45:26.8,Tablet,South,Paid,0,Yes,
6723,d8d897a4-d798-4324-9b45-10f209f51ee3,Visit,39:53.8,Desktop,West,Organic,0,Yes,
6724,ad2cff0c-ea75-47de-a312-e6327e463482,Visit,52:52.8,Tablet,East,Paid,0,Yes,
6725,9f2db850-8f8e-4397-88b8-da8d534f90b9,Visit,39:03.6,Desktop,North,Referral,0,Yes,
6726,1c01217f-2901-4feb-ab40-c2c92dc5698a,Visit,20:41.7,Mobile,East,Organic,0,Yes,
6727,c6ccfbac-84ec-4b35-83b5-ef40a7f47bb5,Visit,46:39.2,Tablet,West,Organic,0,Yes,
6728,651fc57c-018c-4c1f-8581-35ff22f3b722,Visit,49:17.1,Mobile,South,Paid,0,Yes,
6729,f350ea06-fbf0-428a-8b5c-67a513b35895,Visit,43:30.2,Mobile,West,Referral,0,Yes,
6730,836e9da9-23d4-4169-aaf9-c008aa6424ba,Visit,10:29.1,Mobile,South,Referral,0,Yes,
6731,fb588930-b33f-4fc6-b06a-0fe9e4488490,Visit,29:25.0,Desktop,North,Referral,0,Yes,
6732,4a7d46d1-5372-49c3-8bc8-2727601c1eef,Visit,30:57.6,Desktop,West,Referral,0,Yes,
6733,8ecd1817-99d3-4892-9355-2eadda97efa9,Visit,09:24.6,Tablet,South,Paid,0,Yes,
6734,55924f79-990b-434b-aed1-9733bb8caa04,Visit,52:48.4,Mobile,East,Paid,0,Yes,
6735,39184dd3-ca2f-4142-9ef6-d4dae13c9eba,View Product,47:13.2,Desktop,South,Organic,0,Yes,
6736,fd3b26f2-64ae-47c5-83b7-60241f9c6427,Visit,13:00.5,Desktop,South,Paid,0,Yes,
6737,a2a3f1e9-e4c8-4298-b945-9612bf5bae24,Visit,18:08.2,Mobile,East,Organic,0,Yes,
6738,4782cd5e-eb98-4ac1-a6cd-6ff2676f2db0,Visit,16:49.3,Mobile,South,Referral,0,Yes,
6739,1d3a5609-ae32-4803-be8d-8e2959ceab1b,Visit,43:33.9,Desktop,West,Paid,0,Yes,
6740,dc0ae2db-203a-499a-88c7-06d333da814c,View Product,55:19.0,Tablet,South,Organic,0,Yes,
6741,5612bd18-1133-4452-857d-f276841174ef,Visit,50:44.4,Mobile,North,Referral,0,Yes,
6742,178a7fa2-6cd5-4b0a-9b4a-b58b8d056226,View Product,07:19.3,Tablet,South,Organic,0,Yes,
6743,ad4e2ce1-4bb4-46cc-86fd-1e15a8f1da56,Visit,15:02.1,Mobile,North,Paid,0,Yes,
6744,f49521b5-316e-4832-9fc7-83f0de7e6eed,Visit,09:15.3,Desktop,East,Organic,0,Yes,
6745,e5a8c3f1-fac4-4e50-bba3-ab081f3487ae,Visit,41:36.9,Mobile,West,Referral,0,Yes,
6746,b3cbda87-c379-4b81-9b93-7103ec0366da,Visit,54:52.5,Desktop,East,Organic,0,Yes,
6747,8d2cfc7a-8653-4770-bc65-c52da932d9dc,Visit,56:37.0,Mobile,West,Organic,0,Yes,
6748,0354cb9f-9365-4ec8-ba91-11657d402576,Visit,30:45.6,Mobile,North,Paid,0,Yes,
6749,1929ffb7-a4c3-4286-9791-2bb4dade54cc,Visit,58:10.9,Desktop,South,Organic,0,Yes,
6750,b190023c-e4a9-4ad7-92b8-4628bf7d1814,Visit,31:59.5,Mobile,West,Referral,0,Yes,
6751,2af94b11-0483-475a-864b-7f308465d008,Visit,19:21.4,Mobile,East,Paid,0,Yes,
6752,4cec8ed4-6bb4-48d9-ba8b-9b70e3ebb646,Visit,44:37.0,Desktop,West,Organic,0,Yes,
6753,759dd14d-9703-4204-a49a-4caaec79b323,View Product,48:51.6,Desktop,East,Referral,0,Yes,
6754,ff3a318c-0958-4d3e-9d91-690e75701883,View Product,12:11.7,Desktop,East,Organic,0,Yes,
6755,7257a1bc-d121-4ce9-ab4c-fbf9ab686e7b,Visit,14:22.0,Tablet,West,Referral,0,Yes,
6756,07f23502-32a4-4570-a724-01540a2d1101,Visit,17:11.8,Tablet,West,Paid,0,Yes,
6757,e1556f4d-a02d-425d-9890-dfa46fb52007,Visit,19:23.0,Mobile,East,Referral,0,Yes,
6758,d0b04869-518a-4c7a-96a6-17c984ca87c6,Visit,25:42.0,Mobile,East,Referral,0,Yes,
6759,fad060c3-8de4-43aa-b30f-1ee1d380f00d,Visit,58:01.0,Mobile,West,Organic,0,Yes,
6760,abf449b2-7379-4f15-820a-76418a415ba9,Add to Cart,45:06.6,Mobile,West,Paid,0,Yes,
6761,0b244196-42c0-4d76-91eb-e05ad579027b,Visit,43:59.1,Desktop,North,Organic,0,Yes,
6762,ccdc48eb-2516-46fe-bfe6-21d6f178745f,Visit,40:43.9,Tablet,South,Referral,0,Yes,
6763,8f0e4627-489e-44e5-af71-6bd01381a6a2,Visit,07:13.0,Tablet,West,Referral,0,Yes,
6764,3121a33e-1c8e-4431-b6cc-9a2598adbf0f,Visit,02:02.0,Desktop,North,Referral,0,Yes,
6765,9461a86f-1a81-4550-a52a-bc12939d9a39,Visit,03:44.3,Tablet,West,Organic,0,Yes,
6766,22d6ff3f-265c-4b33-8fa8-19180a81ce2e,Visit,20:08.2,Tablet,North,Paid,0,Yes,
6767,9a48fde6-d779-481c-a64b-6b1c998f45d4,Visit,04:27.3,Desktop,South,Paid,0,Yes,
6768,abed4b96-fbc8-4769-ac27-7c7e81dd9c88,Visit,46:18.3,Mobile,West,Paid,0,Yes,
6769,c14f9b71-50cd-4079-a11f-d5f713e6a9e9,Visit,48:01.2,Mobile,South,Paid,0,Yes,
6770,2fe7a6eb-89c0-40e3-af14-363640f06144,Visit,00:21.8,Mobile,North,Organic,0,Yes,
6771,d0d3acf8-b58e-41c6-b1ae-b129c7d04779,Visit,00:32.3,Desktop,East,Referral,0,Yes,
6772,b396296e-f995-4882-8bb3-989800371f09,View Product,48:52.2,Desktop,North,Paid,0,Yes,
6773,6971f77e-d5bb-4744-b1ef-30c0f369f4e9,Visit,46:06.2,Desktop,East,Organic,0,Yes,
6774,20f03d02-7ed9-47a7-bd33-87902512e8bc,View Product,26:17.5,Tablet,East,Paid,0,Yes,
6775,109511ba-41d1-462e-b664-799167dc2272,Visit,19:25.0,Desktop,North,Paid,0,Yes,
6776,5cec04f7-3d23-4f1a-b336-0b733468b61b,Visit,23:59.9,Mobile,North,Paid,0,Yes,
6777,a904d900-044d-4a38-b8a7-955209247573,Visit,50:27.5,Mobile,South,Paid,0,Yes,
6778,9f9f7545-b744-4809-96ad-b98d2ab89607,View Product,28:41.3,Desktop,South,Organic,0,Yes,
6779,d6812b3d-0fb3-4433-97dc-81a8add9b7e4,Visit,37:24.1,Tablet,West,Organic,0,Yes,
6780,103da204-7a6d-4b64-bfba-f0e7a816d241,Visit,39:22.7,Tablet,South,Organic,0,Yes,
6781,69a98c91-18be-46eb-a916-7585871a109d,View Product,05:28.4,Desktop,South,Referral,0,Yes,
6782,2af12642-1d59-40c8-95fc-9ff2a1d72908,Visit,21:51.1,Desktop,West,Paid,0,Yes,
6783,2f35d844-2013-46a9-bbde-3a757ba25217,Visit,15:18.3,Mobile,South,Organic,0,Yes,
6784,2fb661ef-9c67-4dad-a79e-4fe83a7fa9c6,Visit,50:54.6,Tablet,East,Organic,0,Yes,
6785,b0d11a3e-0dd0-420b-8043-31a7e52d1119,Visit,04:34.6,Desktop,East,Referral,0,Yes,
6786,4357e6c3-5733-4592-81ab-a2fe55b38788,Visit,07:26.1,Mobile,South,Paid,0,Yes,
6787,2bbbe813-9772-4890-ae7a-a6e5fa146fab,Visit,08:57.1,Tablet,East,Organic,0,Yes,
6788,d61f6a0b-9fd3-4a82-bf94-4f49e51966cb,Visit,01:05.5,Desktop,West,Organic,0,Yes,
6789,8ab69558-7ba0-438d-a6ef-4bd47ca24ac2,Visit,54:07.8,Desktop,East,Paid,0,Yes,
6790,a32f496b-a308-43fd-9d8f-1609d2e1121c,Visit,54:12.4,Desktop,North,Organic,0,Yes,
6791,e0871e3a-bbc4-4f69-b74c-82baefd520a2,Visit,33:08.8,Tablet,South,Organic,0,Yes,
6792,0ff27b68-6da3-45fa-8cf9-66b5a9731798,Visit,23:46.6,Desktop,West,Paid,0,Yes,
6793,30dc3c77-c0fa-4104-a24d-dd70385e9038,Visit,16:43.5,Desktop,South,Organic,0,Yes,
6794,e0216281-dc79-42ff-a8ab-fad828e17159,Visit,54:32.2,Desktop,West,Organic,0,Yes,
6795,fe8fc1bc-6f75-4e47-aa01-008e8cec2b27,Purchase,53:09.2,Mobile,West,Paid,1368,No,No
6796,f19741ed-9c2a-4f4a-970e-c1f1ed02e582,Visit,36:14.5,Mobile,South,Paid,0,Yes,
6797,01c92eea-435e-4307-afef-d68edbd636c7,Visit,35:51.6,Desktop,East,Organic,0,Yes,
6798,fef32043-3b6f-4061-b990-cc112af128fa,Visit,21:42.1,Tablet,East,Paid,0,Yes,
6799,ef4cfece-677e-4933-a884-8371865ab8a9,Visit,55:41.5,Tablet,South,Organic,0,Yes,
6800,cf6a8303-204a-47a2-a4f3-2190949ef158,Visit,25:07.7,Tablet,South,Referral,0,Yes,
6801,83059358-2a97-471b-8bd1-c43945bc4d5f,Visit,20:15.1,Mobile,West,Paid,0,Yes,
6802,80f09016-5f3d-4b42-be2c-ee05b2d3f823,Visit,59:26.1,Desktop,East,Referral,0,Yes,
6803,49c59648-3f8a-4c03-9995-6c088d7f0052,Visit,35:19.6,Mobile,East,Organic,0,Yes,
6804,db6330e0-a592-4d70-8f16-a265935ff074,Visit,04:52.5,Tablet,South,Referral,0,Yes,
6805,eb56dd47-fc38-4152-a009-627923f67a0a,Visit,49:38.4,Desktop,South,Referral,0,Yes,
6806,77201301-a3da-4f88-8365-e821086da317,Visit,34:23.6,Mobile,South,Organic,0,Yes,
6807,e62d328a-f4f5-4edc-a217-c90a816a30f0,Visit,56:47.3,Tablet,East,Organic,0,Yes,
6808,0362a3d1-6f35-4233-9f3a-4f450da308ef,Visit,00:24.3,Tablet,South,Referral,0,Yes,
6809,77e67bc7-c218-4b7a-9820-6ade0044aa75,Visit,19:24.8,Mobile,East,Referral,0,Yes,
6810,b1c4358d-05b0-4ef0-b118-ef99087c4556,Visit,29:23.3,Desktop,North,Organic,0,Yes,
6811,08ff0f0d-d342-4509-b42d-485bdb55da9e,Visit,09:45.7,Tablet,North,Paid,0,Yes,
6812,d67ff33d-2974-47f9-8111-d53a8067a092,Visit,21:57.7,Desktop,East,Organic,0,Yes,
6813,c0a738e3-5357-4906-b343-f9f8d5b20016,View Product,40:18.6,Tablet,West,Organic,0,Yes,
6814,161adff9-b2e3-4ec0-a351-b109beb69a9b,Visit,24:46.6,Mobile,North,Referral,0,Yes,
6815,1a6d1d3d-a1ef-4058-bdda-fc55795a4f1b,Visit,37:41.2,Mobile,South,Paid,0,Yes,
6816,ed5bd149-dbe1-4281-bbc8-2f5ab48a2c2a,View Product,00:52.6,Tablet,South,Referral,0,Yes,
6817,79c691a2-338a-4938-8299-8216ce639691,Visit,01:36.4,Desktop,East,Paid,0,Yes,
6818,61704965-0ad8-4db4-8174-0f7381625136,View Product,56:45.7,Mobile,South,Organic,0,Yes,
6819,1d4d2ea9-7d49-49b1-afa2-5c30feeecb7d,Visit,44:53.5,Tablet,West,Referral,0,Yes,
6820,4e48cdb4-7039-47c4-934d-bafbed110d59,View Product,48:35.5,Tablet,East,Organic,0,Yes,
6821,84909d85-cb84-45fb-9433-4c785f00b010,Visit,30:56.5,Tablet,North,Referral,0,Yes,
6822,53885568-e423-4a8d-8f81-431835c26867,Visit,47:45.8,Mobile,East,Paid,0,Yes,
6823,abfa34a6-5c16-4b61-bc27-29ef8e70c701,Visit,41:10.1,Desktop,South,Referral,0,Yes,
6824,6e28df23-39b6-4ced-9853-bd7450af2a42,View Product,50:04.9,Tablet,East,Organic,0,Yes,
6825,af2babe4-210d-47c2-b89f-ef3fea2bc157,Visit,14:13.3,Mobile,South,Organic,0,Yes,
6826,91d5815f-db73-42af-bdb3-0f50c21bf211,Visit,40:44.3,Tablet,East,Paid,0,Yes,
6827,4cb30b22-ce86-401d-a6bb-3a63dc1deeb9,Visit,56:27.0,Tablet,East,Referral,0,Yes,
6828,d2692478-5647-4a9b-92d7-84a209c959e3,Visit,15:52.9,Desktop,West,Paid,0,Yes,
6829,fa961497-62c0-40ef-ad96-7fc702dd0e06,Visit,20:02.0,Tablet,South,Organic,0,Yes,
6830,8eba0ea1-be30-4cae-965b-f11129e8eaf4,Visit,36:10.0,Mobile,East,Paid,0,Yes,
6831,90356014-ac4a-4ed4-93cf-b94e1813b038,Visit,46:30.7,Tablet,North,Organic,0,Yes,
6832,866354fe-8340-4884-ab27-395f150e723e,Visit,58:50.3,Mobile,West,Referral,0,Yes,
6833,94345ae3-9f63-462e-8dca-255354649c67,Visit,10:06.3,Mobile,East,Paid,0,Yes,
6834,ed1f8648-40c6-4f80-8050-ecd381aae1ca,Visit,21:35.9,Desktop,South,Organic,0,Yes,
6835,9f18bb1c-de34-4b66-80ee-7f6623a15ded,Visit,45:16.0,Tablet,North,Organic,0,Yes,
6836,4cf4a591-a903-4b51-86ae-b91788c64aa7,Add to Cart,50:14.3,Mobile,East,Paid,0,Yes,
6837,4f2a4e50-7886-4aa7-9edb-6ce052283ce6,Visit,09:47.2,Mobile,West,Referral,0,Yes,
6838,ac956fee-f524-45de-a3d8-c8cb56d0ca9b,Visit,44:05.6,Desktop,West,Referral,0,Yes,
6839,3f6d9992-3bb4-49fe-a530-3556c343ee6e,View Product,20:55.7,Tablet,West,Organic,0,Yes,
6840,f28a9988-8ada-4342-aea9-61d0f7474c7b,Visit,25:34.8,Tablet,East,Organic,0,Yes,
6841,2258c82b-273e-4116-8333-5b31cfd27831,Visit,58:04.7,Tablet,South,Referral,0,Yes,
6842,3297f4cb-be65-4a7e-aa98-12287570379c,Visit,46:12.8,Tablet,South,Referral,0,Yes,
6843,e4e2fbe0-2795-425d-80f8-3665bb800197,Visit,55:19.0,Desktop,North,Organic,0,Yes,
6844,fe632909-72b1-4cc9-a7dd-d60aaaf640b4,Visit,56:38.5,Desktop,South,Organic,0,Yes,
6845,f08f68ec-57bb-4fa1-a3b9-2e80ca8942f9,Visit,18:25.3,Mobile,South,Referral,0,Yes,
6846,136bca4d-e3a2-4388-8b02-2ee1872b6cad,Visit,44:55.6,Mobile,West,Paid,0,Yes,
6847,4745730f-02bd-49c8-8a5d-c67282bb7e64,View Product,27:31.6,Desktop,South,Organic,0,Yes,
6848,4502324f-5bb8-455a-85bf-1487ab433b4f,Visit,07:47.4,Desktop,West,Referral,0,Yes,
6849,716e4fd3-8ee2-424e-83a7-bc492df33195,Visit,58:03.1,Mobile,East,Referral,0,Yes,
6850,81c7f572-cf3f-4317-8c08-c3804a213dc5,Visit,49:51.9,Tablet,North,Paid,0,Yes,
6851,44db1674-3217-4797-9ae7-7118434e35e1,Visit,49:28.3,Mobile,North,Organic,0,Yes,
6852,11176c3d-bec2-40ea-9dd8-e90f5da48c5d,View Product,32:58.1,Tablet,South,Referral,0,Yes,
6853,0882b0fb-4c71-4c4d-b2f6-518c4b8b97a0,Visit,15:14.3,Desktop,East,Referral,0,Yes,
6854,0da40af0-8d02-4f3a-9890-96e38262d4ba,Visit,32:28.8,Desktop,North,Paid,0,Yes,
6855,291acc93-a354-4b58-aa17-88e2a8c9da1a,Visit,38:00.4,Desktop,South,Organic,0,Yes,
6856,7f2bfb89-2845-4c1f-a01f-131f76727192,View Product,48:55.7,Tablet,South,Paid,0,Yes,
6857,5a578e93-0c66-413f-a0fe-a97786d1c8e3,Visit,34:31.0,Tablet,East,Organic,0,Yes,
6858,21a01d8a-0480-4dee-9a87-7adf3d40db84,Visit,45:36.6,Mobile,West,Paid,0,Yes,
6859,9e0ae691-fa9e-419b-8481-1763bb72aaf4,Visit,50:27.5,Desktop,East,Referral,0,Yes,
6860,d78011cf-5384-4294-b6e0-a3d81fa3bb57,Visit,33:03.6,Desktop,South,Paid,0,Yes,
6861,d07921fa-85d3-45e9-a4c0-18b65b652cff,Visit,52:35.6,Desktop,East,Referral,0,Yes,
6862,4fdbec80-557b-4e95-bb5a-2913b080be70,Visit,26:05.4,Tablet,South,Referral,0,Yes,
6863,11ac4f54-e79b-4e7a-922c-6aeaa2d0683d,Visit,12:52.1,Mobile,West,Referral,0,Yes,
6864,d75f038a-e06e-4d56-a300-98df3c4e048e,View Product,28:54.0,Desktop,North,Organic,0,Yes,
6865,005c4b16-cdf3-4a54-a612-30123261380c,Visit,44:14.1,Mobile,North,Organic,0,Yes,
6866,104fd2d5-f9bf-432a-9ba5-77b7ce685013,Visit,00:27.5,Desktop,North,Organic,0,Yes,
6867,59cc2a57-262f-4d02-bfd8-d1018da02385,View Product,50:24.8,Desktop,South,Referral,0,Yes,
6868,1ae93d9e-0dd2-4109-8da3-65436660f354,Visit,52:55.7,Tablet,West,Referral,0,Yes,
6869,2cec91ae-1ded-4d50-b991-db1366feaaae,Visit,48:10.0,Mobile,South,Paid,0,Yes,
6870,be28d417-2dc0-4553-8367-e8dfdf853d8e,Visit,29:30.2,Tablet,North,Organic,0,Yes,
6871,08030d90-f427-425d-bb22-a416490694a7,Add to Cart,31:35.5,Tablet,West,Referral,0,Yes,
6872,655e29b1-9ce0-43c1-9d44-08ed5f19f833,Visit,25:36.0,Tablet,South,Organic,0,Yes,
6873,9e033126-0355-411e-8eb5-08aabceff2be,Visit,23:18.5,Mobile,East,Paid,0,Yes,
6874,18c08cd3-e1e9-4cdf-9b18-bf177fd51839,Visit,41:14.3,Desktop,East,Referral,0,Yes,
6875,578096e9-d347-4164-8675-3740d4719522,Visit,56:12.8,Mobile,North,Referral,0,Yes,
6876,101454c3-45be-47a1-92a7-468d9f39d280,View Product,15:21.8,Tablet,North,Referral,0,Yes,
6877,4cb6f724-a0a7-4071-9281-22267c29b18d,Visit,26:48.5,Mobile,East,Paid,0,Yes,
6878,0ebbbcd7-6328-4fb6-9a37-127884a7923d,Add to Cart,58:27.4,Desktop,East,Organic,0,Yes,
6879,ca6fdea9-1e7f-482d-b61d-77ba0a869e11,Add to Cart,16:19.4,Mobile,South,Referral,0,Yes,
6880,74a5f6cd-f0d8-4cbe-b008-a54c93699f42,Visit,57:14.2,Tablet,East,Paid,0,Yes,
6881,c40127d5-39d7-4004-ae76-78399955a973,Visit,51:32.8,Tablet,North,Referral,0,Yes,
6882,afb8d187-4cd3-413d-8d07-1dc87277c9ba,Visit,06:22.6,Mobile,South,Paid,0,Yes,
6883,5a66b37c-b177-47d5-b3bf-c08f382a7f8b,Visit,56:28.6,Mobile,West,Organic,0,Yes,
6884,91aac927-2f9a-43fd-8e46-228702751b78,Visit,32:48.7,Desktop,South,Referral,0,Yes,
6885,2fbb1b05-aadd-4fd4-a1cc-cd3f527c879a,Visit,28:18.8,Desktop,East,Organic,0,Yes,
6886,082f2c10-6a92-471d-ae59-266d8242797e,Visit,44:03.9,Desktop,East,Organic,0,Yes,
6887,ed984064-80ec-4a37-bed7-c51c71b8b20f,Visit,50:24.2,Desktop,South,Organic,0,Yes,
6888,62bdd258-3051-49df-af34-460677993aea,Visit,42:58.5,Desktop,West,Paid,0,Yes,
6889,aa5994e2-7d64-46d7-8b8a-1c8fe4bc56dc,View Product,25:45.4,Mobile,South,Referral,0,Yes,
6890,4b21469f-83de-434d-9ebe-2d5a7707e2bb,Visit,43:20.5,Desktop,East,Referral,0,Yes,
6891,22728537-deca-4957-bf4b-272507aaabef,Visit,19:45.8,Desktop,South,Referral,0,Yes,
6892,2e32a0f4-0708-469d-bb24-d988fbe46221,Visit,31:16.1,Desktop,West,Paid,0,Yes,
6893,641c4d94-1bcc-469c-b5bf-9110dfa9257a,Visit,59:14.7,Mobile,West,Paid,0,Yes,
6894,7c1285ab-fd83-46ba-83a6-4eb88410fa29,Purchase,37:09.9,Desktop,East,Referral,541,No,No
6895,1eb96bcd-de5f-4d15-a7a8-6f0070f577c8,Visit,59:35.9,Desktop,East,Referral,0,Yes,
6896,836f5632-4569-48bb-ada7-a46e99144d77,Visit,13:01.2,Mobile,West,Referral,0,Yes,
6897,7def19f6-69fb-4604-9d90-290cb66044a3,Visit,23:09.9,Mobile,South,Referral,0,Yes,
6898,932f1cd8-5f3d-4bad-b737-0441faeeb96b,View Product,20:10.7,Mobile,North,Referral,0,Yes,
6899,c982fb3f-b0d9-431d-921d-fe57a51c710f,Visit,38:55.1,Tablet,West,Paid,0,Yes,
6900,27289d7c-1cba-469c-a673-133ea7296096,View Product,53:49.0,Tablet,South,Referral,0,Yes,
6901,13ef8f03-67e1-44c2-a180-121413e31c2a,Visit,54:53.0,Tablet,North,Referral,0,Yes,
6902,2ef26ea6-82c9-44d0-96a8-8673d17a0d72,Visit,56:03.8,Desktop,East,Organic,0,Yes,
6903,74967420-d7df-4938-a2ed-88e52ee9c7cd,Visit,03:49.1,Desktop,North,Organic,0,Yes,
6904,83001fb8-cee9-4c19-aa83-417457f034bd,Visit,15:05.1,Tablet,West,Paid,0,Yes,
6905,aeac177f-e44a-48ba-90ab-23fcbbbeef77,Visit,47:41.3,Tablet,South,Organic,0,Yes,
6906,b3572df3-b96e-40a3-89f0-2a4e8e6381bd,Visit,41:36.1,Mobile,South,Paid,0,Yes,
6907,9ad1e1ea-9832-42c5-b2a8-2f3140506115,Visit,59:30.8,Desktop,North,Paid,0,Yes,
6908,63036ac0-bc82-4ee8-a5b4-304427e33467,Visit,05:27.9,Mobile,West,Referral,0,Yes,
6909,d2be4e22-c26c-4842-beab-9f9931682f79,Visit,53:14.4,Tablet,North,Referral,0,Yes,
6910,b5884746-fc73-4d97-8c5f-fc98d96f0cd2,Visit,52:26.3,Mobile,North,Referral,0,Yes,
6911,92c6d072-0f07-40a7-a4b8-741c736f96db,Visit,37:19.0,Mobile,North,Paid,0,Yes,
6912,3a016f41-60c9-4315-a12c-bd91a0e87027,Visit,33:32.7,Desktop,North,Referral,0,Yes,
6913,4d3fd348-da31-4e53-8e7c-26d44d023676,Add to Cart,02:26.0,Tablet,North,Referral,0,Yes,
6914,c4dd612d-1956-4224-af49-57d249765c56,Visit,14:55.2,Desktop,West,Referral,0,Yes,
6915,68379ce1-7a07-4091-943d-bcb25383fcce,Visit,09:16.9,Tablet,South,Referral,0,Yes,
6916,61741795-f044-48b9-b90e-cba4c7caaa38,Visit,28:26.0,Tablet,West,Paid,0,Yes,
6917,7cd6f13d-73ce-4424-991a-abdd709311c4,Visit,25:40.7,Mobile,West,Paid,0,Yes,
6918,f3ddc034-e747-42ca-8292-88590daf338b,Visit,51:00.9,Tablet,North,Referral,0,Yes,
6919,4077ff23-55db-42b9-9375-433452734669,Visit,23:32.7,Mobile,South,Organic,0,Yes,
6920,80a5b479-6b65-4536-ac27-c77c9bd348a9,Visit,23:37.8,Tablet,East,Organic,0,Yes,
6921,8c4b07b6-484b-44de-a3d1-90581278f0ef,Visit,48:29.7,Mobile,North,Paid,0,Yes,
6922,de3776c9-c616-4814-93bc-a3f5dfb760ec,Visit,02:24.5,Tablet,East,Organic,0,Yes,
6923,4de91716-fcfc-42e0-a0a6-9bb2ed2e54a2,Visit,25:15.4,Desktop,East,Paid,0,Yes,
6924,5335f523-a878-4296-a6fc-a96338d5f4da,Visit,02:07.8,Tablet,North,Paid,0,Yes,
6925,829c399d-cc4d-4b48-8362-9dd91dc6d92b,Visit,01:39.8,Mobile,West,Organic,0,Yes,
6926,61dcdceb-568e-4a58-a2f1-ddf5314f00ad,Visit,45:00.2,Tablet,North,Referral,0,Yes,
6927,8dc9a669-2522-4c10-bb63-bd2dbcf76eea,Visit,11:41.2,Tablet,North,Referral,0,Yes,
6928,bbf99f36-3d2d-4108-b60a-c231eb3d958a,Visit,39:58.9,Tablet,East,Organic,0,Yes,
6929,f8758f47-b006-483d-90c9-001ed3b0a897,Visit,40:08.3,Mobile,South,Paid,0,Yes,
6930,89879b95-222f-4caf-a25d-3131e8704043,Visit,46:45.6,Mobile,West,Paid,0,Yes,
6931,a852ee91-fa19-42db-b285-3559fd436389,Visit,06:30.2,Desktop,West,Organic,0,Yes,
6932,47ea68f7-df5e-4d89-bf5a-4109d9388dd4,Visit,50:45.9,Mobile,East,Referral,0,Yes,
6933,952fd82e-91ab-44d9-95ef-235f201c9175,Visit,51:31.2,Tablet,East,Referral,0,Yes,
6934,717aa7ac-aae1-4b16-bc31-affc88ccb3fe,Visit,49:01.1,Desktop,South,Paid,0,Yes,
6935,6e9c2bae-1d6e-42d3-990f-095ab9f8a388,Visit,08:14.0,Desktop,North,Referral,0,Yes,
6936,806622d3-4e58-4dff-87ba-04a643c6287f,View Product,29:34.8,Tablet,East,Paid,0,Yes,
6937,0cf00aba-a6f3-4694-9fbd-75bf8460c098,View Product,34:55.8,Mobile,South,Paid,0,Yes,
6938,d752b246-fc54-44e4-866f-43b155006041,Visit,46:00.2,Tablet,West,Referral,0,Yes,
6939,ba02cbe5-423d-419a-ad06-cd87d2ef9968,Visit,57:54.3,Tablet,North,Referral,0,Yes,
6940,0a3e8c14-0491-4668-945b-d8f50068d29d,Visit,26:33.5,Desktop,West,Referral,0,Yes,
6941,e064a821-f1e5-4f31-9cc2-ed7588574260,Visit,50:03.2,Tablet,East,Referral,0,Yes,
6942,62343fba-1932-4b91-92a3-f7c9304a1a98,Visit,32:25.3,Tablet,South,Referral,0,Yes,
6943,7809daa8-ed22-4cf8-b26b-673212e2f4aa,Visit,37:52.3,Desktop,North,Paid,0,Yes,
6944,0fe4a8f1-63f2-43cf-80a6-fb2b186d4add,Visit,41:06.0,Mobile,West,Organic,0,Yes,
6945,76fed5e8-6677-4694-ae9c-a20b6f110da8,Visit,32:17.4,Desktop,East,Referral,0,Yes,
6946,1b806de3-1124-46b7-a256-b727a4831dce,Visit,12:59.4,Desktop,North,Paid,0,Yes,
6947,e207791c-3b4b-4133-bc88-de27cb83953e,Visit,33:02.5,Tablet,East,Organic,0,Yes,
6948,b8170d5e-b48a-4d47-bfa5-995984ae641a,Visit,50:21.1,Tablet,East,Paid,0,Yes,
6949,349bccfe-2678-46fa-b411-52855e2dd80e,Visit,14:36.4,Mobile,West,Organic,0,Yes,
6950,6e5c39c5-666b-4ad0-9615-2e5b013fa3c5,Visit,00:16.7,Desktop,North,Paid,0,Yes,
6951,76b44f30-3cf0-4bd4-b73c-b863a8d40105,Visit,42:16.5,Desktop,East,Organic,0,Yes,
6952,156c2b9f-751a-4852-b600-3862cfb14051,Visit,28:06.3,Mobile,East,Paid,0,Yes,
6953,e6a6396f-a020-4720-9da3-3403c17c6fb2,Visit,29:24.5,Tablet,South,Organic,0,Yes,
6954,cc5c6996-0277-4514-b5f0-18f169d5621a,Visit,24:20.2,Mobile,North,Paid,0,Yes,
6955,cb8d139b-9aec-4edb-b694-6132d34e8f91,Visit,06:26.6,Desktop,South,Organic,0,Yes,
6956,fce6e973-905f-45a1-9ad8-9e807ccf09fb,Visit,27:21.1,Tablet,East,Organic,0,Yes,
6957,ba56b15c-d5fa-47ed-aa72-3bf2301fd47f,Visit,50:58.5,Mobile,North,Paid,0,Yes,
6958,d9ebeeeb-0bc6-4364-95bd-1d74dc26badf,Visit,57:12.5,Desktop,East,Paid,0,Yes,
6959,9a2c11dc-1053-469a-8d7f-585ca5bcb479,Visit,13:00.9,Mobile,North,Referral,0,Yes,
6960,b5f4f344-8ddd-459b-acf2-d56378aabdf5,Visit,01:56.6,Tablet,South,Organic,0,Yes,
6961,38c93a82-f221-4567-9591-fd6192e65acf,Visit,28:36.7,Tablet,South,Paid,0,Yes,
6962,513ffe82-4102-4696-b443-5a7fe8ffe415,Visit,52:54.5,Tablet,North,Paid,0,Yes,
6963,891d816b-43ea-48c0-ba22-0104d3edef52,Visit,58:28.7,Mobile,East,Organic,0,Yes,
6964,5c6659c2-7bd2-44f6-90de-80ff04a38351,Visit,04:25.5,Tablet,East,Referral,0,Yes,
6965,347a1e21-8bc4-4418-92f1-f3a38f7af968,Visit,17:23.8,Desktop,West,Paid,0,Yes,
6966,75e209a9-fde3-4c8b-ad42-b036379965be,Visit,48:26.4,Tablet,East,Referral,0,Yes,
6967,6436aee5-43ec-49fe-9cf9-5085e3d50ba9,View Product,26:34.3,Desktop,South,Referral,0,Yes,
6968,1a787dd7-b4bd-4ab5-b0b1-dbee2637b0ad,Visit,57:22.3,Tablet,West,Referral,0,Yes,
6969,ca507bb0-70e1-4834-ac4a-93db947375af,Visit,03:53.3,Desktop,North,Referral,0,Yes,
6970,db6408bb-d204-476f-8d3a-9ef20adda147,Visit,43:40.9,Desktop,West,Referral,0,Yes,
6971,ac289e08-a7c2-4387-9a34-6c3af95472ca,View Product,15:35.0,Mobile,West,Organic,0,Yes,
6972,74353b54-070d-4ea3-ab85-2f3179bfc803,Visit,22:52.1,Tablet,South,Organic,0,Yes,
6973,e55814f5-bee5-47ba-b45d-10034d3d7e64,Visit,23:34.5,Desktop,South,Referral,0,Yes,
6974,692597f9-4ff2-4cf1-ad6d-dfaaa4fac1f5,Visit,21:19.2,Desktop,South,Paid,0,Yes,
6975,b1038875-3b47-449f-9ce8-8ff1f2f33603,Visit,59:52.4,Desktop,West,Paid,0,Yes,
6976,8654ec5a-a204-4ee0-9f87-ff65b965dbe4,Visit,45:53.0,Tablet,West,Referral,0,Yes,
6977,72990bc1-1b6d-4424-9560-e121e0072284,View Product,53:21.8,Mobile,West,Referral,0,Yes,
6978,54abd4b9-0d14-406f-82d3-69a390461413,Visit,46:07.5,Desktop,South,Organic,0,Yes,
6979,6f9d6f44-d00b-40b7-996c-07c0c342a9f2,Visit,47:07.8,Desktop,South,Organic,0,Yes,
6980,dce1cccc-1bc0-4d6d-9b83-6c9300617b6b,Visit,30:06.1,Desktop,West,Organic,0,Yes,
6981,65a9bf3d-f86d-4dbc-8460-a3cd33c508d3,Visit,27:02.5,Desktop,South,Referral,0,Yes,
6982,deb6f552-ac07-43f5-b163-69d57c187b3e,Add to Cart,04:21.3,Tablet,West,Organic,0,Yes,
6983,a64dae79-dd37-4583-b129-4d53689d33d5,Visit,31:46.0,Mobile,West,Referral,0,Yes,
6984,7a71385e-87d9-4607-aa58-382ca2a67775,Visit,17:14.9,Tablet,South,Organic,0,Yes,
6985,d3df9967-9822-49bf-87a1-68389a1aa751,Visit,59:07.1,Tablet,West,Paid,0,Yes,
6986,8974b6e0-79e1-4857-976b-a4fb901bf8fb,Visit,42:25.8,Tablet,East,Paid,0,Yes,
6987,4e96336c-84be-4e0c-a1e6-6790edeb6782,Visit,28:22.2,Mobile,South,Paid,0,Yes,
6988,3d6b70cd-d422-40bc-ad40-d8d7fe64bc05,Visit,23:55.0,Mobile,West,Organic,0,Yes,
6989,f5fffc41-3a81-4c88-9aee-e0225d7c7c1c,Visit,37:43.6,Mobile,North,Paid,0,Yes,
6990,d263ed93-18a5-4b20-9872-54dd8742fe0f,Visit,28:06.6,Tablet,North,Referral,0,Yes,
6991,dd7c7cd3-57a7-4d67-ad65-b8779d52d92b,Visit,39:43.3,Desktop,South,Organic,0,Yes,
6992,ba89436f-0dc2-4403-87a0-8b0dd3878a00,View Product,01:15.2,Mobile,North,Referral,0,Yes,
6993,5e8b7a81-0b8e-41a1-afa2-5386b1c24691,Visit,08:43.8,Tablet,West,Referral,0,Yes,
6994,a7e72a45-fbac-4203-a35c-f43c5bb75ba8,Visit,34:11.5,Desktop,East,Paid,0,Yes,
6995,5a38c8c0-09a5-43b5-a52c-adead03884db,Visit,26:31.0,Desktop,East,Organic,0,Yes,
6996,c5fdda12-50c3-4054-8fb0-c15f2398f654,Visit,10:11.3,Desktop,North,Organic,0,Yes,
6997,1bf67351-2b56-430b-91d4-0f0c78579ee9,Visit,22:12.3,Tablet,South,Organic,0,Yes,
6998,e82afc66-65a1-468f-95da-d3f7d5a7f05e,Visit,33:14.5,Tablet,West,Paid,0,Yes,
6999,c157b701-66d7-43f4-bf5b-ceb197b21b55,Visit,39:22.9,Tablet,East,Paid,0,Yes,
7000,a2c393af-7caf-439b-98ac-e44d0a6bc3b6,Visit,59:00.9,Mobile,South,Organic,0,Yes,
7001,2cf857a5-cbdc-4694-abd1-4073267fc46e,Visit,02:54.6,Desktop,West,Referral,0,Yes,
7002,ee5be360-1f2f-41d9-b489-74d89cfe4e31,View Product,31:53.4,Desktop,North,Referral,0,Yes,
7003,77dd53ce-6e54-49c5-895d-1ea2b7f11b8b,View Product,06:28.9,Mobile,North,Organic,0,Yes,
7004,2ecfd340-48bc-446c-b3d5-86164116ebbb,Visit,39:21.3,Mobile,South,Paid,0,Yes,
7005,6bbc0735-fcc0-446d-8c52-200c13a98e22,Visit,57:41.0,Mobile,West,Paid,0,Yes,
7006,56562e91-5c42-4f1d-8f36-2baf68e9f054,Visit,01:04.4,Desktop,South,Paid,0,Yes,
7007,7921c23f-8c98-4fc0-84f5-e296dbcebedc,Visit,51:34.6,Desktop,West,Referral,0,Yes,
7008,3aff0a12-427d-4808-840a-6dfdb7d460a3,Visit,32:00.2,Tablet,South,Referral,0,Yes,
7009,4c5ba0ae-2941-4438-b87f-dcbc3a034f15,Visit,33:31.2,Tablet,South,Paid,0,Yes,
7010,b0c234df-60c0-4233-a4bb-f07bf23321c5,Add to Cart,15:21.1,Tablet,North,Referral,0,Yes,
7011,5df50140-fdd2-41b1-b54c-6f74106d6c02,Visit,52:06.2,Mobile,West,Organic,0,Yes,
7012,8ec3adbf-023c-443f-9ebc-1d0f5aa5b68c,Visit,49:06.9,Tablet,West,Organic,0,Yes,
7013,144e66cc-ab78-47a4-955f-d7351bde97ac,Visit,06:06.3,Mobile,East,Referral,0,Yes,
7014,c2fc717d-ff1c-4b53-b972-a4f1247b6f9d,Visit,34:16.5,Mobile,South,Referral,0,Yes,
7015,99ce6c00-52bd-4c20-a917-188908f54114,Add to Cart,15:49.1,Desktop,East,Paid,0,Yes,
7016,157094d3-e993-4b57-b894-bc15b4869712,Visit,15:10.9,Desktop,North,Organic,0,Yes,
7017,92e7cb93-a07c-4836-81fb-102d64026afe,Visit,59:34.8,Desktop,West,Organic,0,Yes,
7018,f45e7b65-424c-42a3-90c7-a9d4093dc63c,Visit,38:59.6,Mobile,North,Referral,0,Yes,
7019,1caa14ea-35bc-4407-b57f-38b9cde6e57b,View Product,52:09.3,Mobile,East,Organic,0,Yes,
7020,1e9b4994-fda1-4f3a-8c05-19a16a3d6c31,Visit,53:19.5,Tablet,North,Referral,0,Yes,
7021,f88c004f-d594-458b-be27-04ecd5fdab22,Visit,31:11.8,Desktop,West,Paid,0,Yes,
7022,3d99751c-53c5-4c92-b71b-86336f09bd0f,Visit,25:48.6,Desktop,North,Paid,0,Yes,
7023,c972ea23-5a13-410b-afb1-f3350ab46580,Visit,46:43.4,Tablet,North,Paid,0,Yes,
7024,e52c4e83-4002-4a95-bd00-ff58bbd74cae,Visit,49:53.5,Mobile,South,Paid,0,Yes,
7025,483171de-840a-4a99-a102-ed05c2826f56,Add to Cart,46:22.0,Mobile,East,Organic,0,Yes,
7026,8008da89-ebe1-44cd-b330-ecb96afad634,Visit,56:34.7,Mobile,South,Organic,0,Yes,
7027,09503975-7495-4264-a198-9961b679d60a,Visit,46:27.6,Tablet,South,Referral,0,Yes,
7028,187690b2-2327-4dfc-a02c-640f291125eb,View Product,28:12.1,Mobile,North,Organic,0,Yes,
7029,8edfffcc-83eb-4e22-8870-973629f952d9,View Product,00:56.7,Mobile,East,Referral,0,Yes,
7030,619a4db8-9a62-4c1b-b1ec-dd7c39f00e7d,Visit,13:24.6,Desktop,East,Organic,0,Yes,
7031,d6acb972-ad13-402a-bebb-fa40ae01021d,Visit,43:21.0,Desktop,West,Organic,0,Yes,
7032,237baeff-1b03-4d98-a560-2a51cb10187f,View Product,56:09.0,Tablet,West,Referral,0,Yes,
7033,d00a85c3-acf1-4c16-8533-8f8e4adec849,Visit,27:55.8,Desktop,East,Paid,0,Yes,
7034,6456d906-f7a1-477f-9c6d-e86dc67ac337,Visit,46:12.5,Mobile,North,Paid,0,Yes,
7035,c0777f9f-21d9-4b91-9e4d-8d23fba0d56d,Visit,54:10.3,Tablet,North,Organic,0,Yes,
7036,1993acec-ddc3-4993-9fc9-78ba7488f10c,Visit,03:29.8,Mobile,South,Paid,0,Yes,
7037,ab3253a8-3963-4efe-b4c6-5be912ba8a92,Visit,44:04.1,Mobile,East,Paid,0,Yes,
7038,2eeed62c-8137-4f62-8aa6-774ec637e2da,Visit,35:13.6,Tablet,North,Paid,0,Yes,
7039,0b7ecdce-6d39-4ad8-b1c3-92d76cc8ba79,Visit,00:30.5,Tablet,South,Paid,0,Yes,
7040,6860f320-2698-40b5-9e8e-2b8c18dc1d69,Visit,46:21.5,Mobile,North,Organic,0,Yes,
7041,aab9dd78-2a49-44a1-8f87-be25779f943a,Visit,28:47.9,Desktop,South,Referral,0,Yes,
7042,d4d77f29-a7b2-4656-96b0-ea5728a5c416,Visit,05:58.9,Tablet,South,Organic,0,Yes,
7043,2c144e47-ba8b-4dc3-9c6c-94c5258fbdd1,Visit,25:35.7,Desktop,North,Referral,0,Yes,
7044,c0a9e668-7810-43c4-b50b-1fe954c99361,Visit,17:08.6,Desktop,South,Referral,0,Yes,
7045,bae60654-a5a8-4448-baf5-06b6fda05de8,View Product,33:48.2,Mobile,East,Paid,0,Yes,
7046,908721e7-1c27-48b6-8efc-6dcf2d6c0b1d,Visit,48:01.1,Mobile,South,Referral,0,Yes,
7047,b358aa72-4f80-4fc4-81cb-648bc177e263,View Product,11:52.0,Desktop,West,Referral,0,Yes,
7048,5ff818f9-4a12-4fef-9c70-a90fc28509bc,Visit,19:34.3,Tablet,East,Paid,0,Yes,
7049,5c910cc8-54f2-47a3-9bf4-62b5f91159b5,Visit,20:16.1,Tablet,North,Referral,0,Yes,
7050,3c0606ef-7e41-44de-b85c-f31171def8c7,Visit,03:04.3,Desktop,South,Referral,0,Yes,
7051,2cd81542-c7f8-47af-977f-8715e3a51e00,Visit,42:05.1,Tablet,South,Referral,0,Yes,
7052,f78dd17c-86b4-404b-9d57-c7fa292bbaf6,Visit,33:54.4,Desktop,North,Paid,0,Yes,
7053,d374cc97-9490-4ef2-a89a-fc1be6b221a9,Visit,15:51.3,Tablet,South,Organic,0,Yes,
7054,bc5a79b7-0d85-420e-9bd9-73a96ae950e5,View Product,03:03.9,Mobile,West,Paid,0,Yes,
7055,0f44b1a0-a988-4946-a52c-631656ebf376,Visit,25:05.8,Mobile,East,Organic,0,Yes,
7056,e2c90c7f-4244-45c8-827c-9d2589202895,Visit,35:09.3,Desktop,East,Referral,0,Yes,
7057,996c60ae-4c97-444f-a901-79f5cee11a62,Visit,32:18.9,Desktop,South,Organic,0,Yes,
7058,98cc21f4-2887-4913-a28d-0f3c8f43a7bf,Visit,18:29.0,Tablet,South,Referral,0,Yes,
7059,82c19f3f-7b46-4c01-98d0-8aea598debc4,Visit,39:53.8,Tablet,West,Referral,0,Yes,
7060,d22ed28e-f385-4877-b837-7b356f10d1aa,Visit,12:04.3,Tablet,East,Referral,0,Yes,
7061,f90fbff8-7bd3-492f-86b5-96e2b1d670d2,Visit,06:36.0,Desktop,South,Referral,0,Yes,
7062,c0c6c964-5e47-4851-98d3-cc62de804775,Visit,01:16.0,Tablet,North,Paid,0,Yes,
7063,cce5d4bf-1ce5-4fc9-9bca-35ae31e0f135,Visit,12:18.9,Tablet,East,Paid,0,Yes,
7064,cb908102-a343-444e-b32e-208813396b1d,Visit,54:47.1,Desktop,West,Paid,0,Yes,
7065,180ccef7-9908-4b3b-9d41-c06fb4737159,View Product,10:48.3,Mobile,South,Referral,0,Yes,
7066,aa8557da-89ed-45bb-b3dc-4a605bcc9880,Visit,40:51.8,Mobile,South,Paid,0,Yes,
7067,ffc39536-6270-4c71-a0e0-8e7da1dafb9a,Visit,52:59.4,Tablet,South,Referral,0,Yes,
7068,b3e3fdf9-1057-4266-be41-00927313bfa7,Visit,48:42.8,Desktop,East,Referral,0,Yes,
7069,a1569ecd-b944-46d7-825e-3d84fcae4c8a,Visit,37:58.7,Tablet,East,Paid,0,Yes,
7070,187b91da-abb1-47ac-b581-b648682a3530,Visit,01:54.6,Tablet,West,Organic,0,Yes,
7071,1d7a6124-281e-4d7b-9bbb-594f84a4adbf,Visit,26:52.8,Mobile,South,Organic,0,Yes,
7072,93e4d0d1-77f7-4543-a11c-58d47ee2b6e6,View Product,26:22.8,Mobile,South,Referral,0,Yes,
7073,6cca4779-c24c-4283-a027-85a162eae62e,Visit,55:09.8,Mobile,East,Organic,0,Yes,
7074,78e86c7b-606b-4523-bc0f-acde69cb76e4,Visit,00:01.3,Tablet,East,Organic,0,Yes,
7075,581790ae-554e-4636-95f2-88686d3c9845,Visit,56:15.1,Desktop,North,Referral,0,Yes,
7076,b718748b-6c77-44af-883c-67d9dac760f7,Visit,55:24.5,Mobile,South,Organic,0,Yes,
7077,fc1b7f5d-94b8-442e-829e-f8b9d5ea5057,Visit,02:08.2,Mobile,West,Organic,0,Yes,
7078,421bab6d-a8e4-49d9-975d-1f4bc9bb0530,Visit,07:21.3,Tablet,West,Paid,0,Yes,
7079,e2cdad4f-c012-4dc1-b611-371083b9e98f,Visit,30:26.3,Mobile,West,Paid,0,Yes,
7080,d5fdb4ed-6eae-4690-8b17-4346dff81547,Visit,18:20.3,Desktop,South,Paid,0,Yes,
7081,ae4db15d-0196-421d-81e7-d2eef1f0e9de,Visit,27:25.4,Tablet,North,Paid,0,Yes,
7082,45116be4-0a28-40c1-8aea-9e6f4b320c65,Visit,15:25.8,Mobile,North,Referral,0,Yes,
7083,25b4fb44-c250-4ae8-8718-f3fea8b0b363,Visit,30:02.1,Desktop,West,Paid,0,Yes,
7084,716365c0-f367-4cac-afd0-94c556f3f235,Visit,23:23.3,Tablet,North,Organic,0,Yes,
7085,5b1cde73-3f66-4adf-bc58-9e68d161f9c2,Visit,18:54.6,Mobile,South,Organic,0,Yes,
7086,55f1ff82-fc76-4ca5-84ae-a53aadef9ba7,View Product,59:54.5,Mobile,North,Organic,0,Yes,
7087,46e2c687-27ef-4962-9607-dab048fb47f3,Visit,06:18.0,Mobile,East,Organic,0,Yes,
7088,841310b9-4146-4a5e-b12e-8df48604e15a,Visit,30:13.0,Tablet,North,Referral,0,Yes,
7089,75ce0632-133e-4d3a-96a1-44abbf897dc0,Visit,38:10.1,Tablet,East,Organic,0,Yes,
7090,3e241a3e-0fad-4d23-b105-c7700c52636b,Visit,56:34.3,Desktop,North,Organic,0,Yes,
7091,37821da6-a497-414b-b01d-5080a9db9bff,Visit,04:31.7,Desktop,East,Paid,0,Yes,
7092,725df71c-1910-4aee-a5be-e29341bf887a,View Product,02:04.6,Tablet,North,Referral,0,Yes,
7093,63f61f73-a9d1-4053-a3f8-32ce0e50db8c,View Product,13:28.9,Desktop,West,Referral,0,Yes,
7094,5e774d46-178d-4822-a92c-31d68c6a7ac9,Visit,24:21.8,Tablet,North,Organic,0,Yes,
7095,d671542d-fa66-49e3-be9f-2d0a794528ba,Visit,24:27.2,Tablet,West,Paid,0,Yes,
7096,3ee2c923-d924-4361-88aa-366162c9ae56,Visit,21:06.0,Tablet,West,Paid,0,Yes,
7097,c9d2399f-1446-44cf-8971-c1ad254d6573,View Product,11:32.9,Desktop,South,Paid,0,Yes,
7098,5668db42-2568-4381-9141-96b254cb0ebf,View Product,09:31.8,Mobile,West,Paid,0,Yes,
7099,0bccbbf2-f6ff-47ea-bd8b-b01ea323fd97,Visit,20:40.4,Desktop,West,Referral,0,Yes,
7100,696fc5fa-b984-4e8b-9238-c535db5f8118,View Product,10:53.6,Tablet,North,Paid,0,Yes,
7101,d5d00bbf-bdb7-4b3d-9a26-625f14a9bac3,Visit,20:27.5,Desktop,West,Paid,0,Yes,
7102,0618e305-6234-415d-847f-56fb57c4b7fb,Visit,03:43.6,Tablet,North,Paid,0,Yes,
7103,f9496761-799d-4570-8246-b5c16e0d65cf,Visit,26:54.1,Desktop,South,Referral,0,Yes,
7104,dde732eb-b984-4e1c-a32c-7d53ccfb151a,Visit,24:22.1,Mobile,West,Paid,0,Yes,
7105,0dc36d6f-7bc9-4eb9-80f6-1621867b3b58,Visit,39:13.7,Desktop,North,Paid,0,Yes,
7106,7f9b804b-a79e-4c54-843c-a8f5ee6bdce5,Visit,39:50.6,Tablet,East,Referral,0,Yes,
7107,71a6d3cb-6329-4047-aff5-131a24d7bf1c,Visit,31:30.6,Tablet,North,Referral,0,Yes,
7108,8c508be7-17c2-428d-b608-e66a88214c91,Visit,17:38.7,Tablet,West,Referral,0,Yes,
7109,4fb3eae8-53d2-48e3-84c6-9bea5c81d844,Visit,19:07.2,Mobile,North,Paid,0,Yes,
7110,d87ea60b-064c-4939-a5e2-e9c91ad2afdf,Visit,29:01.1,Mobile,West,Paid,0,Yes,
7111,5eac85f7-0b35-4d7d-9b73-233f6292c950,Visit,13:02.4,Desktop,South,Paid,0,Yes,
7112,16af808d-dba9-4af4-8d12-6ff64e6a4eb1,View Product,59:45.7,Tablet,East,Paid,0,Yes,
7113,eb1a4dab-d3a6-479e-9dcc-8322208aa1ee,Visit,46:55.2,Mobile,East,Referral,0,Yes,
7114,eb6c1129-e39a-441c-bdd2-684e65cef54f,View Product,40:54.2,Tablet,West,Organic,0,Yes,
7115,42f91c73-c0fc-463a-b7ea-aad8fb71c611,Visit,19:38.7,Mobile,West,Organic,0,Yes,
7116,183baa35-ef16-43a0-8e59-a3674a391d42,Visit,43:50.7,Mobile,South,Paid,0,Yes,
7117,94153711-2288-4c38-bff0-880481d90e1a,Visit,48:28.9,Mobile,East,Organic,0,Yes,
7118,6572360d-0fe3-420b-b68a-829a512d19de,Visit,52:32.5,Mobile,South,Paid,0,Yes,
7119,69d5c870-d2fb-42c0-8d14-41f3f94281e8,Visit,00:17.7,Tablet,North,Paid,0,Yes,
7120,c530ce1a-127f-4271-a8a2-4173198cdfae,Visit,10:15.1,Tablet,South,Paid,0,Yes,
7121,40c591a5-8735-4cf1-9e66-a5b19d31699d,Visit,28:35.7,Tablet,West,Organic,0,Yes,
7122,ff123656-fa0f-4deb-bbf2-f6d8c53021cf,Visit,50:06.2,Desktop,North,Referral,0,Yes,
7123,2a2b2a96-5766-41c4-b60d-5178ef1e51ca,Visit,32:49.9,Tablet,West,Referral,0,Yes,
7124,7fc0ddf1-33fd-48d1-94f2-f22d529605e4,Visit,56:36.2,Mobile,West,Paid,0,Yes,
7125,6806279a-c338-448e-b3f3-28db638f0b20,Visit,42:34.7,Tablet,East,Paid,0,Yes,
7126,b9e42cfd-341e-484e-9c59-a4a1afbbc7a2,View Product,28:30.0,Tablet,West,Referral,0,Yes,
7127,2c3a861d-a107-47b6-89de-b185d1f0601a,Visit,41:41.1,Mobile,North,Referral,0,Yes,
7128,88b12d92-120d-4f99-9684-be2ad8b9b913,View Product,49:44.9,Desktop,West,Organic,0,Yes,
7129,0b23aed5-cb69-42bc-aac3-0e9a88aa9006,Visit,07:35.8,Tablet,West,Paid,0,Yes,
7130,cd3520bf-c09c-4360-8348-936b9294576a,Visit,46:29.4,Mobile,South,Referral,0,Yes,
7131,cee50163-a4d3-4e23-bba9-632d0fd2ddce,Visit,46:24.3,Tablet,West,Referral,0,Yes,
7132,59be61eb-2c12-4601-9d3c-301d55befcb9,Visit,42:14.3,Desktop,North,Organic,0,Yes,
7133,466d314e-a26f-4e9e-9f82-febfb958eba7,Visit,50:15.9,Mobile,East,Paid,0,Yes,
7134,e402db11-1b5d-4a6a-99f7-16d4b5350045,Visit,09:12.6,Desktop,East,Paid,0,Yes,
7135,6df5849e-011d-4cc9-86a3-3908ad72a693,Visit,48:43.0,Tablet,South,Paid,0,Yes,
7136,91804924-9b6d-4353-b4d0-730a9ce1fc1e,Visit,42:17.0,Desktop,North,Organic,0,Yes,
7137,9b975be1-d749-4473-a970-5e554cc853af,Visit,50:14.2,Tablet,South,Organic,0,Yes,
7138,e319530c-98a0-4d40-bfb4-cac55871659c,View Product,39:49.7,Desktop,East,Paid,0,Yes,
7139,9a697852-7b9e-4224-ab95-e3cf618140a7,Visit,09:42.6,Mobile,East,Referral,0,Yes,
7140,7acd7e87-9643-4257-972f-73aa4581a120,Visit,31:39.2,Tablet,West,Referral,0,Yes,
7141,a7aab7a9-a7dc-403f-a7d5-3b316a89a89e,Visit,23:40.6,Tablet,West,Paid,0,Yes,
7142,cd752e2a-f847-4088-8edc-cd9d878e0748,Visit,44:01.6,Mobile,West,Referral,0,Yes,
7143,83abd8ae-164d-4d0d-8d97-fb2c95dcf5f8,Visit,38:11.7,Desktop,West,Referral,0,Yes,
7144,08abf911-6795-4ed4-89b4-d797e8a08405,Visit,01:26.9,Desktop,West,Paid,0,Yes,
7145,6e692ef8-7820-4a88-81fc-ce62b4adb22e,Add to Cart,17:56.0,Mobile,South,Organic,0,Yes,
7146,83497b99-e1a4-4094-aedd-4f9767993c7a,Visit,39:16.1,Mobile,East,Organic,0,Yes,
7147,d5aa77dc-e0e9-431f-8ca0-6386a4ad9f9f,Visit,30:52.9,Tablet,West,Referral,0,Yes,
7148,aaec6e08-2452-42a1-8b5e-ac9d4a875b85,Visit,57:06.4,Tablet,West,Organic,0,Yes,
7149,37aaf38b-c07c-4f75-962c-3163a9cc4e1c,Visit,19:11.7,Desktop,East,Organic,0,Yes,
7150,23299e57-198a-456e-92ea-47f2487a4594,Visit,28:41.0,Tablet,West,Paid,0,Yes,
7151,e2134779-76a7-4096-85da-985a7c0ac026,Visit,31:11.8,Mobile,West,Paid,0,Yes,
7152,a77902c1-c954-4aad-ac49-299d9a03d73a,Visit,07:40.2,Tablet,South,Organic,0,Yes,
7153,c88b7319-d082-4c1b-91df-7bb4cc97736a,Visit,44:01.3,Tablet,West,Organic,0,Yes,
7154,e7b6e9f9-7dc3-4e3c-ba45-0ad33e049073,Visit,11:55.1,Tablet,North,Paid,0,Yes,
7155,4cb3942c-db76-46f3-9d48-54a0fe9f69ba,Visit,26:31.6,Desktop,South,Paid,0,Yes,
7156,a436701d-697c-43c8-9747-7018f267977f,Visit,32:35.6,Desktop,North,Referral,0,Yes,
7157,bdbf442f-871d-4f67-a7cc-3fe6b663dc39,View Product,41:34.3,Mobile,South,Referral,0,Yes,
7158,771ccd26-733a-45c1-946b-bfcae403a534,Visit,31:16.9,Mobile,East,Referral,0,Yes,
7159,3ff38094-d05b-40fa-a3c8-7d5c3bf784bb,Visit,37:39.3,Tablet,East,Organic,0,Yes,
7160,000740e8-f5c0-4a8d-af19-96422d0d2473,Visit,44:01.2,Desktop,West,Paid,0,Yes,
7161,bfe5b6b3-8337-4ba2-81dd-c75f4cb09b4d,Visit,07:48.8,Desktop,West,Referral,0,Yes,
7162,94d5dc58-e650-4cff-9e6a-5ead1bd10fea,Visit,56:19.4,Mobile,East,Referral,0,Yes,
7163,daddf385-c725-4255-af17-62ede95ba0d7,Visit,34:02.0,Mobile,West,Referral,0,Yes,
7164,76225c7f-75cd-48fc-b20e-534818d65b1e,Visit,38:50.6,Mobile,East,Referral,0,Yes,
7165,5f227cef-e679-4890-9da5-cafa1a6ada46,Visit,04:20.1,Desktop,South,Referral,0,Yes,
7166,5c1d7d7c-36ea-4ea7-ad23-eafbb31a5fe6,Visit,39:43.9,Desktop,East,Paid,0,Yes,
7167,853e02b6-1010-4a5a-a58a-0c35e63c9442,Visit,52:58.8,Mobile,South,Referral,0,Yes,
7168,acebdda1-663b-4f46-b545-0890f20d91db,Visit,07:00.2,Desktop,North,Organic,0,Yes,
7169,9e5164c3-48ec-499b-8269-8d711c6ce483,Visit,43:39.9,Desktop,East,Organic,0,Yes,
7170,4e0a7d8f-3bb2-4b15-8ff4-4d18ef38df5e,View Product,10:05.8,Mobile,West,Referral,0,Yes,
7171,b3ee7967-02c8-41cd-b2f1-a4c6fdcb8c4f,Visit,56:22.9,Tablet,West,Paid,0,Yes,
7172,c5b394aa-db5b-4c07-96ba-c6ea9995d9cd,Visit,29:25.0,Tablet,West,Paid,0,Yes,
7173,4b79f2e9-31ca-4cdd-bb63-02dcc3c59751,Visit,31:30.4,Tablet,East,Organic,0,Yes,
7174,b502f1c9-3124-4bef-8138-162f1aa5104a,Visit,50:53.9,Desktop,West,Paid,0,Yes,
7175,a5e546e1-2c61-4ce8-b9db-d1699f886932,Visit,29:16.0,Tablet,North,Referral,0,Yes,
7176,e1498d08-1844-4a86-8a2b-ed746446f0b0,Visit,19:22.1,Tablet,West,Referral,0,Yes,
7177,9979566a-5e51-42f0-b92b-f2c8e61c5679,Visit,34:33.1,Tablet,West,Paid,0,Yes,
7178,3d65afbc-42b9-49fa-a65f-71c55ba5ec26,Visit,38:39.9,Mobile,West,Organic,0,Yes,
7179,459fe3f3-d969-438c-acfa-9a04f883176e,Visit,20:52.0,Tablet,South,Referral,0,Yes,
7180,a90db951-aefa-4b2f-9c35-4784f73879c6,Visit,07:04.7,Desktop,West,Referral,0,Yes,
7181,3a12ef97-daf5-4f5d-b839-be1029b04ee3,Visit,25:09.5,Desktop,South,Paid,0,Yes,
7182,20275739-a5f3-423b-88cf-fcf2d1ba9493,Visit,42:06.7,Desktop,West,Referral,0,Yes,
7183,4fb87c17-f31a-4e5a-8925-7c228fcb65a5,View Product,33:39.2,Mobile,South,Paid,0,Yes,
7184,137cb034-88e3-4d3a-ab3d-506fcaa6a688,Visit,25:20.6,Mobile,North,Referral,0,Yes,
7185,b213eef8-3140-4748-b4be-ab364519702a,Purchase,11:38.1,Mobile,West,Referral,551,No,No
7186,fadeb851-854e-40b0-8a91-a5bde3a4e589,View Product,02:13.7,Desktop,East,Referral,0,Yes,
7187,fd334117-83c7-4a8d-bb7b-f18a889c63d3,Visit,47:04.8,Desktop,West,Paid,0,Yes,
7188,564bc349-5da1-4c70-abb4-0c9b08ab97f3,Visit,57:26.6,Mobile,West,Organic,0,Yes,
7189,03039d71-8d92-45c3-ac6a-e86f98045f5b,Visit,01:05.8,Mobile,North,Organic,0,Yes,
7190,fdd95ab7-e351-4e7d-89c3-cf54fb35a743,Visit,05:53.8,Tablet,South,Organic,0,Yes,
7191,b8eea244-8c1f-4463-b166-e527827ac485,View Product,10:46.0,Desktop,East,Referral,0,Yes,
7192,73d177e2-9a12-430e-ba0c-5e4198170f58,Visit,02:53.8,Tablet,North,Paid,0,Yes,
7193,1bc37cb4-7051-43bd-8cc9-97ef32c7524b,Visit,40:53.0,Mobile,South,Organic,0,Yes,
7194,c8a3195b-4c41-4d1b-ab88-8c11b3ebf0eb,Visit,23:19.3,Mobile,East,Organic,0,Yes,
7195,8ef0474b-28b7-48ce-ba32-90d2ef267f16,Visit,44:47.3,Desktop,North,Organic,0,Yes,
7196,7daf95ee-f160-49bc-a5e0-4ea2613bba60,Visit,46:30.5,Desktop,South,Paid,0,Yes,
7197,afedf4af-6af1-4793-b94f-c325cd3a4ff8,Visit,34:05.8,Desktop,East,Referral,0,Yes,
7198,7f4c2386-72c2-45f4-a2ab-7cbef63f1dcc,Visit,32:28.8,Mobile,North,Paid,0,Yes,
7199,6e3419b9-d27e-4404-ae67-02828a336db2,Visit,56:05.9,Desktop,West,Organic,0,Yes,
7200,c8a54422-e6e7-4210-a2c2-1f4f47708f47,Visit,05:51.2,Mobile,West,Referral,0,Yes,
7201,dd163473-50d6-4c32-bbe3-c80b0f242a10,View Product,22:57.1,Desktop,East,Paid,0,Yes,
7202,9efb920d-bf8f-4831-af1f-8fe55cf6a107,Visit,04:02.1,Mobile,South,Paid,0,Yes,
7203,d9a28ecb-5c69-45b4-b30e-58eebb588cb2,Visit,50:13.4,Desktop,South,Paid,0,Yes,
7204,5c5c1ac9-1e38-4a65-82e7-5e18a16bedf4,Visit,45:55.2,Mobile,West,Paid,0,Yes,
7205,41c47ca7-29b4-4631-8f67-e3aff7e3e20d,Add to Cart,09:59.7,Desktop,South,Organic,0,Yes,
7206,319db2e2-21b7-4f77-bd27-c969eadbe585,Visit,13:34.7,Tablet,East,Paid,0,Yes,
7207,3636009e-3d2c-490c-905d-fffc4c715516,Visit,30:39.2,Tablet,East,Paid,0,Yes,
7208,d09631d2-4705-4985-93fa-413024d9f456,Visit,13:38.9,Mobile,North,Paid,0,Yes,
7209,a071de51-855f-434d-a054-c98fbe98749b,Visit,33:43.1,Tablet,North,Paid,0,Yes,
7210,1e1bfa53-326a-4a83-ad40-479849f2e145,Visit,32:35.0,Mobile,East,Referral,0,Yes,
7211,e30ee571-1568-4a3c-b0da-ecd60efa8209,Visit,07:27.8,Tablet,North,Organic,0,Yes,
7212,6dcdd088-b26c-48ab-9f48-9e8a90363798,Visit,22:17.1,Mobile,West,Organic,0,Yes,
7213,cc1499ba-c318-4795-aec0-42c29476bbaf,Visit,46:55.3,Tablet,West,Paid,0,Yes,
7214,a659afb9-244c-440a-aca7-6e22b2d95a19,Visit,36:49.5,Mobile,East,Organic,0,Yes,
7215,62bef7f6-f802-421a-abd5-344946e5fa43,Visit,09:36.0,Mobile,East,Organic,0,Yes,
7216,381884f6-57db-4e00-99b5-39ff4b307847,Visit,14:18.1,Tablet,South,Paid,0,Yes,
7217,284f6237-f90c-4b68-adf8-cf9a5120db1a,Visit,54:35.4,Desktop,South,Organic,0,Yes,
7218,e8394cf7-8452-4e36-95d9-5f1a9d97ddb8,Visit,46:28.1,Mobile,East,Referral,0,Yes,
7219,545ef3ff-9545-4364-b1a2-c7ca65bb6728,Visit,32:59.8,Tablet,South,Referral,0,Yes,
7220,5964f6c1-62c4-4d5c-98c3-c0057778fa6e,Visit,42:57.0,Tablet,North,Paid,0,Yes,
7221,13016cc1-84b7-42de-81bd-717773c14d67,Visit,40:30.4,Tablet,South,Organic,0,Yes,
7222,5e828338-accc-4979-8b59-9ca40e418fe5,View Product,33:31.9,Mobile,West,Referral,0,Yes,
7223,f876cef7-01d0-4a4a-af77-233341ce7ff8,View Product,17:22.7,Tablet,North,Referral,0,Yes,
7224,78986391-17ae-4c6f-88a8-093ec606dff5,Visit,03:00.2,Mobile,North,Organic,0,Yes,
7225,6c07e432-3e44-4400-8fd5-775e18775514,Visit,55:23.3,Mobile,East,Referral,0,Yes,
7226,b2fae67f-5e3c-411d-8e06-092d51fe4f1b,Visit,12:48.8,Desktop,East,Referral,0,Yes,
7227,4d597d45-9f9b-4f59-a8a4-0bc0088da6a2,View Product,53:54.4,Mobile,North,Referral,0,Yes,
7228,74976574-0611-4505-9259-04e1631eda2b,Visit,44:20.1,Desktop,North,Paid,0,Yes,
7229,f383b2a4-4f9c-40dc-a783-7ca414464fbc,Visit,03:41.6,Desktop,West,Paid,0,Yes,
7230,ee70bc09-aa1a-41d2-840a-8325e4fa00ae,Visit,58:18.1,Tablet,South,Referral,0,Yes,
7231,4fdf4567-2820-4205-a48a-61f96dfa8ada,Visit,12:09.1,Mobile,East,Referral,0,Yes,
7232,6db3409b-b88c-4f0f-9ab6-5ce24f1f4578,Visit,22:55.0,Desktop,East,Organic,0,Yes,
7233,a7fa85b9-c1de-47ce-abdd-04ee4a04d303,View Product,54:02.1,Tablet,South,Organic,0,Yes,
7234,06dc2f26-9ede-4d02-90f0-c4f2fbdf99f8,Visit,21:07.5,Tablet,West,Paid,0,Yes,
7235,37d98281-08e3-4081-8265-6bfd9b77e1c1,Visit,00:26.8,Desktop,South,Referral,0,Yes,
7236,2340b48d-04ad-42f5-9160-dade87711ae1,Visit,26:53.9,Desktop,North,Organic,0,Yes,
7237,ad1637c6-b6b0-4ffb-8cc8-01eb19413624,Visit,38:41.8,Desktop,South,Paid,0,Yes,
7238,3248ef8b-de9f-41ad-b876-eeaa7a0e4421,Visit,08:17.6,Desktop,West,Referral,0,Yes,
7239,b109c9dd-47ae-45ec-830b-6f02cb087861,View Product,15:59.6,Tablet,West,Organic,0,Yes,
7240,57c4978e-19b7-4135-9a01-1b967728ab77,Visit,02:45.1,Mobile,South,Paid,0,Yes,
7241,f2198eb0-1065-4671-a35a-dfa168b67444,Visit,47:16.7,Mobile,East,Paid,0,Yes,
7242,8f809d33-8fba-4b55-84d5-2c23cd057f74,Visit,43:03.5,Desktop,West,Organic,0,Yes,
7243,c301dc38-ee4d-4d68-bc0e-f0b731488d78,Visit,25:47.0,Tablet,North,Paid,0,Yes,
7244,e43492ce-f979-4888-bae8-a6cadfaf97f2,Visit,56:54.4,Desktop,North,Organic,0,Yes,
7245,b42f33d9-ac11-49f6-a35f-9f3de6865228,Visit,37:59.2,Tablet,North,Organic,0,Yes,
7246,f3c82e88-76ec-4e7e-b480-066877ee2fa0,Visit,19:59.0,Desktop,South,Referral,0,Yes,
7247,fb4edaca-8a80-4c86-bfb9-217217352033,Visit,07:12.6,Mobile,North,Paid,0,Yes,
7248,0e72aeaa-a6a0-4520-920b-a80a1b49812e,Visit,43:27.1,Tablet,South,Organic,0,Yes,
7249,e7ea6951-58ed-4cf1-85ff-4110479c5600,Visit,47:40.5,Tablet,East,Referral,0,Yes,
7250,64b7a287-3eb4-4c7a-a506-6106dda1c969,Visit,40:02.7,Desktop,West,Organic,0,Yes,
7251,5a90ab06-1abb-4583-b8c8-40fab3668135,Visit,55:58.2,Mobile,West,Paid,0,Yes,
7252,818de19b-1acc-4b4c-8fd2-5677f6e20f16,Visit,52:51.1,Mobile,South,Paid,0,Yes,
7253,6a312283-eac9-429b-a75e-22f88c64ea98,Visit,26:23.2,Desktop,North,Paid,0,Yes,
7254,5d581c5a-fa89-4a5c-b4bf-365f89c7b90e,Visit,28:00.6,Tablet,South,Paid,0,Yes,
7255,c09bbbf6-c16e-4f88-a180-ae14d5b6c41f,View Product,09:24.1,Tablet,East,Paid,0,Yes,
7256,3fa174b7-7945-4dae-9571-8f4b540302a2,View Product,26:42.5,Tablet,East,Organic,0,Yes,
7257,551e468a-7d40-40ac-a3ea-2e12c9b736ee,Visit,56:54.0,Mobile,West,Referral,0,Yes,
7258,25f0247f-fb0a-4350-8903-fb428c36aad0,Visit,43:08.6,Desktop,West,Referral,0,Yes,
7259,c4b7bb44-51f0-4ffd-815a-0f7b377539bc,Visit,24:38.4,Desktop,South,Referral,0,Yes,
7260,4823bf9c-0298-49ff-b815-4d4462d5a12a,Visit,31:06.4,Tablet,West,Paid,0,Yes,
7261,b35f19e5-eeac-4ba8-984c-fb7d458c2fc7,View Product,32:05.1,Tablet,East,Organic,0,Yes,
7262,99fb75ef-8c06-4e86-8ce0-2ffbd99c3952,Visit,50:18.0,Tablet,East,Referral,0,Yes,
7263,824a462a-8d5c-43d0-83e0-201f07501e28,Visit,29:33.6,Tablet,West,Organic,0,Yes,
7264,c7524690-7c49-4de7-a57e-3c3aa4999c48,Visit,32:42.1,Desktop,East,Organic,0,Yes,
7265,b641b8c4-adc1-4946-a5eb-9db2b6e5728d,Visit,55:03.5,Tablet,South,Organic,0,Yes,
7266,9a0deffc-2541-41be-9a79-686aac348768,Visit,20:29.7,Desktop,South,Organic,0,Yes,
7267,56df78a2-0306-45d5-ac8c-599f7d0573d8,Visit,38:06.6,Mobile,East,Organic,0,Yes,
7268,f235cdde-3d9c-45c9-8822-1f120e602bd3,Visit,41:02.2,Mobile,North,Paid,0,Yes,
7269,a39a8dfa-9b8d-4c20-96ca-79f1189901bd,Visit,45:12.2,Tablet,North,Paid,0,Yes,
7270,5a21d26d-50fb-4634-805c-ddf5a4f3df6a,View Product,13:28.1,Desktop,East,Organic,0,Yes,
7271,4137c273-13c9-4509-b306-549eab52b6ef,View Product,51:39.3,Desktop,North,Referral,0,Yes,
7272,38b9c1eb-f1ea-482f-94d4-99ad9de5c05e,Visit,57:13.1,Mobile,West,Paid,0,Yes,
7273,550ce9b0-16bc-4eb3-ae28-d1aacd13fe15,View Product,16:30.6,Desktop,North,Paid,0,Yes,
7274,902987fb-1ac6-4caa-aef8-9edc00a1d09c,Visit,46:55.6,Tablet,North,Organic,0,Yes,
7275,70f1f0f0-c24c-43de-8e89-048a49d6e811,Visit,58:03.3,Tablet,West,Referral,0,Yes,
7276,ef776b8b-5edf-4284-a28c-6f818d92f371,Visit,54:52.2,Tablet,North,Paid,0,Yes,
7277,eeb4e413-9ad8-4ef2-b80d-16da0f39fb0c,View Product,44:25.1,Mobile,East,Referral,0,Yes,
7278,8f75096c-f140-4562-9efb-e7fcc81ae129,Visit,17:42.0,Mobile,East,Paid,0,Yes,
7279,0af3daca-e552-4de7-ae49-060201c79000,Visit,01:48.4,Tablet,North,Paid,0,Yes,
7280,c7f8a5d6-f2df-4900-91cf-9f43af07bca8,Visit,29:13.5,Desktop,East,Referral,0,Yes,
7281,470bbf6a-fd37-43e6-87db-41f60b512ba1,Visit,53:16.4,Tablet,West,Paid,0,Yes,
7282,517fb0ad-c710-467c-97ad-f7deeb191a1f,View Product,54:33.2,Mobile,East,Referral,0,Yes,
7283,4843f1a3-27f2-4e2d-bac0-932914594ba8,Visit,56:10.5,Desktop,West,Referral,0,Yes,
7284,a354f461-842a-4e79-8bba-e06a3ea2b4e4,View Product,09:08.9,Desktop,West,Referral,0,Yes,
7285,c983df69-2634-4c94-bd77-90c2a8c8c921,Visit,10:19.0,Mobile,South,Paid,0,Yes,
7286,ba9c3a03-9268-4f7d-bf3d-026d82fe5317,Visit,10:25.9,Mobile,South,Organic,0,Yes,
7287,e98d20ff-5c97-497b-8e62-6855902ff391,Visit,46:54.7,Desktop,North,Paid,0,Yes,
7288,74599a87-91de-4821-9537-799b32b2d1bb,Visit,54:56.0,Desktop,East,Paid,0,Yes,
7289,41568bea-9a24-4715-a805-08a050b4c8e0,View Product,02:29.0,Tablet,South,Referral,0,Yes,
7290,39aaa047-f53b-4645-9d24-8fcebd31104a,Visit,41:46.5,Desktop,North,Paid,0,Yes,
7291,3886e0ef-006e-43f9-acb5-033a33548550,Visit,19:48.3,Mobile,North,Organic,0,Yes,
7292,c3d1c5c1-133e-4527-8ee0-0b8386281c41,Visit,59:12.1,Mobile,West,Referral,0,Yes,
7293,aff55aa6-880b-4e03-9f46-5a91ff18ad48,Visit,43:39.5,Mobile,West,Organic,0,Yes,
7294,3fde51f5-09ea-4ecc-bb52-2b76f623180d,Visit,03:00.9,Desktop,North,Referral,0,Yes,
7295,c72904eb-6809-4779-86de-34f938ae09fc,Add to Cart,51:09.9,Tablet,South,Referral,0,Yes,
7296,01381196-7747-40d9-bd6c-05c5aff23f56,Visit,58:21.4,Tablet,West,Referral,0,Yes,
7297,b4924b54-0ec5-45fa-83fa-04eb3aa42be3,Visit,03:44.9,Desktop,East,Referral,0,Yes,
7298,a1deaf0b-89ac-4686-887d-51ca3395101d,Visit,25:48.2,Tablet,East,Paid,0,Yes,
7299,ebdb03b4-9ac5-4971-bf0f-7e71d52d4fc3,Visit,02:54.1,Desktop,North,Paid,0,Yes,
7300,433c3007-4b38-4014-829f-76d20f7c5071,Visit,59:56.7,Tablet,North,Paid,0,Yes,
7301,2c05cd2c-7b83-42f2-acd0-11ad1fb0b430,Purchase,43:34.9,Mobile,West,Paid,551,No,No
7302,d6b6b987-947c-4c78-a29b-77f18cb68142,Visit,18:09.6,Tablet,South,Paid,0,Yes,
7303,ada52d82-845e-4859-b4ad-76d9f7918c28,Visit,49:54.5,Tablet,North,Organic,0,Yes,
7304,e815ebde-9e88-4051-a588-cc189e62da1a,View Product,59:24.1,Mobile,South,Referral,0,Yes,
7305,82f2b240-5999-4768-8301-6d5e9b367e81,Visit,12:27.0,Desktop,North,Referral,0,Yes,
7306,cb7c1578-af13-49c7-b508-a5ccfc45e09a,View Product,57:54.5,Mobile,North,Organic,0,Yes,
7307,c73a9b8b-ac16-4fc1-b4e0-ff2c2f538188,Visit,35:17.7,Mobile,North,Organic,0,Yes,
7308,1ecf9156-a7e7-4b3a-8d22-1a3efb9d4c15,Visit,07:03.3,Tablet,West,Organic,0,Yes,
7309,a2073a91-8d2d-47d7-ba8b-093e6ddf63da,Visit,09:39.3,Tablet,West,Referral,0,Yes,
7310,47d4e5f7-86eb-4534-87dd-b2aff3f77375,Visit,41:50.8,Desktop,West,Organic,0,Yes,
7311,21728196-acc1-458a-affc-bf49ff5c78c2,Visit,28:51.2,Tablet,East,Organic,0,Yes,
7312,d19a5db5-4587-4dab-8ff0-998cfee4d1bc,Visit,52:29.2,Tablet,South,Referral,0,Yes,
7313,f36d015d-67e8-4f50-acb0-20a5e4ef0a5e,Visit,14:53.4,Desktop,East,Organic,0,Yes,
7314,83483d33-797a-40eb-884e-e86cd299a0a9,Visit,35:27.5,Mobile,North,Referral,0,Yes,
7315,c0eeb307-3bf5-431a-b11f-3a303ce06f91,Visit,12:08.0,Tablet,North,Organic,0,Yes,
7316,284f8be1-86c5-423d-83c5-ba926f71d332,Visit,56:58.0,Desktop,West,Referral,0,Yes,
7317,94b6f3fd-0f21-4668-921d-02147e775234,Visit,59:43.5,Desktop,North,Referral,0,Yes,
7318,f29f01de-01a5-4e96-a770-6bee41c3bc4c,Visit,17:05.5,Desktop,West,Referral,0,Yes,
7319,5009d297-c7fa-4cba-b56f-4634a3992ff1,Visit,51:10.5,Desktop,North,Organic,0,Yes,
7320,0c4f5243-1265-4913-b595-a7ef8501303c,Visit,16:55.0,Mobile,South,Paid,0,Yes,
7321,46ce92c3-14f7-4b9c-9da3-9fa5fc3dd9e4,Visit,03:50.9,Desktop,North,Referral,0,Yes,
7322,a86f1e06-1274-4f15-bdc1-ef120f456563,Visit,39:35.3,Mobile,South,Referral,0,Yes,
7323,e7b3b5df-b32c-4ab6-a793-aaa74e64b157,Visit,57:20.2,Mobile,North,Organic,0,Yes,
7324,468d97dc-cc22-43e0-bf9c-7aff95f9fe86,Visit,32:57.8,Desktop,West,Organic,0,Yes,
7325,d500d8c3-3907-409d-bb10-6da352a89beb,Visit,09:31.1,Tablet,West,Paid,0,Yes,
7326,9e3d909e-3013-4090-a767-e16349f5bd12,Visit,13:49.8,Tablet,West,Referral,0,Yes,
7327,7cdf527b-adad-4021-8e8b-5aa14eda79a9,Visit,25:18.0,Desktop,North,Paid,0,Yes,
7328,94244b97-960e-4dfc-9647-e35828e01f7c,Visit,10:20.5,Tablet,North,Paid,0,Yes,
7329,50c08dd0-306b-418d-af5a-a1bce3b84f25,Purchase,27:20.3,Desktop,North,Referral,682,No,No
7330,01c66d81-813e-405a-99eb-ad12da5802fb,Visit,38:09.3,Tablet,South,Referral,0,Yes,
7331,2517da17-fe80-487b-afb6-bb3a3d3c0abb,Visit,57:58.2,Tablet,West,Organic,0,Yes,
7332,58fb336c-9113-422e-92ca-da04a02b9053,Visit,31:33.0,Mobile,South,Referral,0,Yes,
7333,e67d2ec9-49dc-443d-930c-51acef8ec50f,Visit,53:21.2,Tablet,North,Organic,0,Yes,
7334,a14e43c5-6e9a-49bd-a142-60bb01078745,Visit,39:03.9,Desktop,North,Paid,0,Yes,
7335,88fdac14-04d1-480c-88d6-1938efd6fa04,Visit,18:22.1,Desktop,South,Organic,0,Yes,
7336,48acf7cc-026f-4295-a5d3-740ffce5780b,Visit,38:51.9,Mobile,East,Paid,0,Yes,
7337,9eb611e1-154a-4eba-a039-051bef68346d,Visit,00:38.1,Mobile,North,Organic,0,Yes,
7338,409dfe66-4c74-40dd-8ad8-28765bae1179,Visit,15:13.5,Desktop,South,Referral,0,Yes,
7339,b0ecb944-7201-459f-9ad1-aaf3a1f1f657,Visit,05:18.2,Desktop,East,Referral,0,Yes,
7340,1dce77f1-edb6-4960-9ee8-d7fb0bffd622,Visit,56:39.8,Desktop,East,Paid,0,Yes,
7341,813f89a8-175b-48f5-bddc-4f9b897a89c9,Visit,00:42.5,Desktop,South,Paid,0,Yes,
7342,f038f4f3-5c15-4312-a93f-6639daf95b16,View Product,59:46.6,Mobile,South,Paid,0,Yes,
7343,442ed795-b723-483b-8120-bfcc072683b7,Visit,33:07.5,Mobile,East,Referral,0,Yes,
7344,960f2f1a-f8e3-4560-8d44-46fe2fd0bd38,Visit,49:43.5,Tablet,South,Referral,0,Yes,
7345,31d6f8f7-b25b-4248-8693-211d6ba8e685,View Product,10:52.7,Mobile,North,Paid,0,Yes,
7346,441415e0-b6d6-45b0-987b-d909f907c43c,Visit,03:14.8,Mobile,North,Organic,0,Yes,
7347,d4904a56-8789-498e-82f0-4ed408032746,Visit,49:19.8,Desktop,East,Paid,0,Yes,
7348,d736dc7b-ff1b-4bac-a012-32614187cb01,Visit,01:18.6,Tablet,North,Referral,0,Yes,
7349,9a961fbc-259b-4b45-863a-cf84368b2261,Visit,59:32.8,Mobile,West,Referral,0,Yes,
7350,3528d221-8fa5-4ace-a747-50f061253ad4,View Product,55:40.6,Mobile,North,Paid,0,Yes,
7351,24f7299f-0666-4a53-8f44-9ea10d5bb291,Visit,18:49.6,Tablet,West,Organic,0,Yes,
7352,71511f39-fd96-499f-a200-307175d1394f,Visit,54:55.8,Desktop,North,Referral,0,Yes,
7353,0d8c1a37-1e74-417d-b256-f1de9929a1ca,View Product,59:55.8,Tablet,West,Referral,0,Yes,
7354,e2fd29ca-e3c6-4c56-b2ca-8b156b85ad61,Visit,46:30.3,Tablet,East,Referral,0,Yes,
7355,0a3c3f6e-84a4-41a8-8362-50e700c4cc8f,Visit,27:20.7,Mobile,South,Referral,0,Yes,
7356,563b1729-22ca-4c7e-bdb4-32adecfec645,Visit,12:53.0,Tablet,West,Organic,0,Yes,
7357,a6f659b7-2f4a-4080-9033-b0550384ea90,Visit,07:49.0,Mobile,East,Paid,0,Yes,
7358,316b92bb-d0e0-41ee-9ed3-8088b1dbb20d,Visit,00:03.0,Desktop,North,Paid,0,Yes,
7359,1bb94b29-9f15-455d-8eb6-2625454ed7a4,Visit,04:02.9,Mobile,East,Referral,0,Yes,
7360,b621ec0c-c7f0-4d8e-ae34-5173de91c244,Visit,38:23.3,Desktop,West,Referral,0,Yes,
7361,f975a2fa-a185-4cf4-8514-708ff7d6a5c2,Visit,11:06.2,Mobile,West,Referral,0,Yes,
7362,ff6ed1c8-53b8-4199-8479-73bf9070104c,Visit,36:33.9,Desktop,South,Paid,0,Yes,
7363,ce972494-38e9-4ecd-aced-a067dfb9d716,Add to Cart,31:49.8,Mobile,West,Paid,0,Yes,
7364,747a7157-45bb-45b5-9141-7828bcfac32d,Add to Cart,30:52.0,Tablet,East,Organic,0,Yes,
7365,a8020824-2223-4694-b70c-630125d66741,Visit,23:28.9,Mobile,East,Paid,0,Yes,
7366,4e0f26f5-d4fa-4361-9e79-bdabbf5dd7bf,Visit,22:34.1,Tablet,North,Organic,0,Yes,
7367,b0cd467d-8e49-452e-932b-9d977c5c4187,Visit,49:26.8,Desktop,East,Paid,0,Yes,
7368,c790eb18-be61-4d83-91b8-d50870cde4a9,Visit,04:58.6,Tablet,West,Paid,0,Yes,
7369,99873ecd-7885-4790-988a-302bb0db5685,Visit,28:26.9,Desktop,West,Organic,0,Yes,
7370,d189ec23-6a9a-468b-bb5f-900310468d94,Visit,49:42.2,Desktop,West,Paid,0,Yes,
7371,fbcd85ac-1b0a-4717-b1e2-05b811f88806,Visit,55:14.5,Tablet,West,Paid,0,Yes,
7372,5711b661-d3a7-465f-bf1f-b90bbf0ac86d,Visit,21:50.7,Mobile,South,Paid,0,Yes,
7373,07a40dd2-b09d-4582-ade2-a2a896e6cd1c,Visit,37:55.1,Desktop,West,Paid,0,Yes,
7374,0e8490aa-efa5-453c-917d-9a9d4320b68b,Visit,31:29.6,Desktop,South,Organic,0,Yes,
7375,6e7f13db-ecd0-49e7-916d-e6c7827d2c65,Visit,11:26.3,Desktop,South,Referral,0,Yes,
7376,4f7df8dc-cd4d-4ef9-a81c-2eadf73b880b,Visit,09:07.8,Mobile,North,Organic,0,Yes,
7377,06a110b7-e4ab-4ba5-b4df-39ef2c681704,Visit,07:32.1,Desktop,East,Referral,0,Yes,
7378,2bbc0508-67de-44cd-81b4-86e445633661,Visit,06:22.0,Mobile,North,Organic,0,Yes,
7379,1ac478b8-53d3-4f3c-9e7c-925a13988f9e,Visit,31:26.2,Tablet,North,Paid,0,Yes,
7380,4078801c-f4c9-4d2d-868e-43ed6f2904ad,Visit,41:14.5,Desktop,South,Paid,0,Yes,
7381,01de28fd-d03b-40cf-ab44-0200309fcec6,Visit,11:32.5,Mobile,South,Organic,0,Yes,
7382,f41df7d6-5d9b-44e7-bb05-258010564c52,Visit,45:04.5,Tablet,East,Paid,0,Yes,
7383,1f3968e9-bb58-4bef-b4a1-e026c21637bd,Visit,26:43.0,Tablet,North,Organic,0,Yes,
7384,5caa5913-8e5f-402f-8afb-70e98e326503,Visit,51:13.5,Tablet,North,Referral,0,Yes,
7385,d216b7af-2b8f-4ac5-9047-c7a1b11a1767,Visit,58:07.2,Mobile,West,Organic,0,Yes,
7386,af2beaf0-f855-495a-9910-c0bb6e7608eb,Visit,44:34.3,Desktop,West,Referral,0,Yes,
7387,865085e0-fcfc-4e76-a051-b0d65154c8d3,View Product,53:13.2,Tablet,West,Paid,0,Yes,
7388,9793fea8-0c12-4a7c-a046-a24ffc8ccb09,Visit,20:48.2,Tablet,North,Paid,0,Yes,
7389,c1b23cec-789c-4841-81f7-f832f8303973,Visit,32:27.6,Desktop,North,Paid,0,Yes,
7390,8b680f3a-41b1-451a-9fe9-25332fe4d559,Visit,23:00.3,Desktop,West,Organic,0,Yes,
7391,4c2936fd-ee75-4a87-995f-575123d4b918,Visit,17:48.8,Mobile,West,Paid,0,Yes,
7392,03c48b09-c642-4224-bbe6-29f578be3263,Visit,09:58.3,Desktop,West,Referral,0,Yes,
7393,fd96bf65-0d50-4eaa-9504-65470448d83d,Visit,22:40.8,Tablet,North,Referral,0,Yes,
7394,e5584e1c-825d-4c66-b4a5-f4a0bbfaabf4,Add to Cart,34:40.4,Desktop,East,Organic,0,Yes,
7395,04ee97bb-3f76-4930-88a5-780a043e249d,Visit,27:30.7,Tablet,East,Organic,0,Yes,
7396,f9c2a1ef-feae-4690-9350-acbf556a77f2,Visit,54:54.5,Tablet,South,Organic,0,Yes,
7397,8c6dbae1-ac0f-4aa9-8eba-cf7689877149,View Product,04:29.1,Tablet,East,Referral,0,Yes,
7398,e4cbb5ce-691c-4442-aa75-187db3651476,Visit,54:47.4,Mobile,North,Organic,0,Yes,
7399,ff4625fb-0a6e-49a5-a1ef-7e93a22ddf2f,Visit,59:19.0,Desktop,West,Paid,0,Yes,
7400,590ccad5-7a51-4922-8fa1-a81b4b2f9dec,Visit,00:34.1,Desktop,West,Paid,0,Yes,
7401,5b58d5b0-c44a-491b-afd3-a8e6578d91f5,Visit,04:16.4,Mobile,North,Organic,0,Yes,
7402,c5c6ae46-64a7-4e97-8d5c-3cba94d550ae,Visit,22:05.1,Desktop,East,Organic,0,Yes,
7403,e671e81b-a82d-440e-a9d4-36c01df840ac,Visit,46:51.3,Tablet,North,Referral,0,Yes,
7404,1006327f-0736-4196-829d-a65c5e24c68f,View Product,35:55.3,Desktop,North,Referral,0,Yes,
7405,33014616-4e79-46cf-98e1-9f446b659288,Visit,01:27.5,Desktop,West,Paid,0,Yes,
7406,6715adcc-95be-444f-b2b3-168dff3a14c3,Visit,04:36.2,Tablet,South,Referral,0,Yes,
7407,de9abe23-153d-4656-8741-9546e6b2eedc,Visit,12:02.4,Mobile,East,Organic,0,Yes,
7408,895c5876-8dd7-4719-9f92-a4f052e78450,Visit,40:52.0,Mobile,South,Organic,0,Yes,
7409,f942b779-3129-436b-9887-f6f3d205fe0e,Visit,31:23.3,Mobile,West,Paid,0,Yes,
7410,de2f5a00-6559-45a9-b449-032c59c8fd79,Visit,10:40.2,Tablet,East,Organic,0,Yes,
7411,0c75b369-e782-41b9-8db0-5ce22730015f,Visit,22:15.3,Tablet,East,Paid,0,Yes,
7412,89c6b03d-f4fd-494f-9731-7ff1ceb4391d,Visit,01:21.4,Desktop,West,Organic,0,Yes,
7413,0242fc55-3ef8-4af2-80ec-a0efed0ae259,Visit,06:10.8,Tablet,East,Referral,0,Yes,
7414,da0b9284-9d70-4397-9df9-6913c949761d,Visit,22:47.9,Desktop,West,Organic,0,Yes,
7415,47883dc8-0455-4126-8a0a-3699227c7b9c,Visit,05:46.8,Mobile,East,Organic,0,Yes,
7416,9f316812-1c18-4d81-86d7-226ab362f369,Visit,30:20.9,Desktop,South,Paid,0,Yes,
7417,e669c578-359e-4964-ad5f-9b4ac29925ae,Visit,44:59.4,Mobile,West,Organic,0,Yes,
7418,c678899a-6efe-4d0d-87db-abf337d1e20c,Add to Cart,11:00.8,Mobile,East,Referral,0,Yes,
7419,fae6f1e1-ad93-4a39-b59a-7e9480896b41,Visit,52:14.4,Mobile,East,Referral,0,Yes,
7420,a7a771e2-0fee-4553-b8e0-257ff20a0f7b,Visit,57:15.6,Tablet,East,Referral,0,Yes,
7421,403c3444-e679-4c98-a67f-1b3f0ecb7135,Visit,18:16.5,Tablet,East,Referral,0,Yes,
7422,b23e7969-8473-4dd9-b36d-f89527889365,View Product,46:38.5,Tablet,North,Paid,0,Yes,
7423,99b8c5fe-be0f-4aa3-bfd1-9870d9a4fce7,Visit,30:29.3,Mobile,East,Paid,0,Yes,
7424,eaf805a8-f807-46da-b8ba-426d52883798,View Product,21:22.3,Tablet,West,Organic,0,Yes,
7425,f2ada7cf-200c-4486-a63d-dfd6ce9c830a,Visit,25:24.5,Tablet,North,Paid,0,Yes,
7426,30b7a199-1d31-434e-8095-c1d00e41b436,Visit,36:50.7,Tablet,West,Referral,0,Yes,
7427,f1cf9ac0-379d-4bbe-99a0-0b396e51aff3,Visit,41:19.6,Tablet,West,Organic,0,Yes,
7428,de0cca68-9cc4-4167-9697-3deed0334049,View Product,49:03.1,Desktop,East,Referral,0,Yes,
7429,495cffa5-756c-4be4-ad69-482ec009fc3e,View Product,08:44.8,Tablet,East,Organic,0,Yes,
7430,35aa4deb-d971-4725-87f4-e903cf040959,Visit,33:36.5,Mobile,East,Referral,0,Yes,
7431,17bb9aeb-2c62-4cbe-9c63-728a458ba525,Visit,18:06.8,Mobile,North,Referral,0,Yes,
7432,2500e112-a425-4c8c-868d-54ad9189db86,Visit,19:14.5,Desktop,North,Referral,0,Yes,
7433,015a904a-bb03-49f9-98b4-fbcbe5e236ee,Visit,45:12.3,Mobile,East,Organic,0,Yes,
7434,fd15bf34-3318-4ce8-851b-a87ee70f0c1c,Visit,07:57.0,Tablet,East,Paid,0,Yes,
7435,7f081708-6712-4d17-a223-e60f62a4b1da,Visit,07:30.6,Mobile,North,Paid,0,Yes,
7436,f2465090-02e5-4f25-bc65-02a94840a762,Visit,01:37.4,Desktop,South,Paid,0,Yes,
7437,39fb00e4-c9aa-4322-805f-75c50eb7fb7b,Visit,44:47.6,Tablet,South,Referral,0,Yes,
7438,18174534-8bdb-4b62-a26f-ffa96ff2b4ba,Visit,44:17.7,Tablet,East,Organic,0,Yes,
7439,8df45cc7-34c3-44ca-ae14-ab10c8bc20b2,Visit,32:46.3,Mobile,East,Paid,0,Yes,
7440,02be975d-c0c1-4434-85e6-a309e5ec19a2,View Product,41:23.0,Desktop,North,Organic,0,Yes,
7441,74331130-afab-404b-b485-3b99badfc9c8,Visit,01:28.7,Desktop,West,Paid,0,Yes,
7442,633dce59-a66a-4884-863c-a834d45c4bc5,Visit,37:11.6,Mobile,East,Paid,0,Yes,
7443,70bd623f-1702-4869-9d06-c35f9865a5cf,Visit,51:46.3,Mobile,South,Paid,0,Yes,
7444,449ecb13-b412-41cc-976b-a9f539e77c38,Visit,04:42.6,Mobile,West,Organic,0,Yes,
7445,470536f6-1459-44e9-83ed-d0faa386bd01,Visit,40:54.1,Tablet,South,Paid,0,Yes,
7446,db893910-c1c0-4626-8e2f-75650145d5b7,Add to Cart,02:15.4,Mobile,East,Paid,0,Yes,
7447,543fb344-a10f-42ec-9e54-368deb04d4d1,View Product,35:08.1,Desktop,South,Organic,0,Yes,
7448,26639461-7a19-4748-b5b6-e83ef2058ce1,Visit,34:26.0,Desktop,East,Referral,0,Yes,
7449,8c118c86-4b5e-4862-96df-22489355d747,Visit,59:54.5,Desktop,South,Referral,0,Yes,
7450,4394c621-f4ed-4445-859a-451d467c24a0,Visit,00:39.0,Desktop,West,Organic,0,Yes,
7451,3f108f05-61c3-42c5-9990-93576d868c81,Visit,34:01.5,Mobile,East,Organic,0,Yes,
7452,dd0d084c-5d5f-4a0a-a735-d7b380635a07,Visit,52:12.9,Mobile,East,Paid,0,Yes,
7453,05a0b196-635d-4c31-a6d7-9d1ea17a8e89,Visit,27:45.6,Mobile,North,Paid,0,Yes,
7454,74baa957-3bc7-465a-b5b1-1ab8e569031c,Visit,44:14.3,Mobile,West,Referral,0,Yes,
7455,97db3f8b-3bea-4ac9-bdd8-eb5950d38691,Visit,16:25.4,Desktop,West,Paid,0,Yes,
7456,614dca78-01c1-4082-b256-00933f6260ac,Visit,11:31.9,Mobile,West,Paid,0,Yes,
7457,6170ef2e-ecb8-4895-b389-decf79c4a6af,View Product,03:52.6,Mobile,West,Organic,0,Yes,
7458,9e90cf56-efc4-4600-8d73-832ef7d3c9e9,Visit,58:00.5,Mobile,South,Organic,0,Yes,
7459,a735eb3d-c997-45d7-ad33-be4ae00b2f7d,Visit,50:12.6,Mobile,North,Paid,0,Yes,
7460,5f30771a-4dc2-4e05-84bf-868cd785af4f,View Product,40:09.7,Tablet,North,Referral,0,Yes,
7461,0cd60043-3a84-40fd-8a74-3e94e6e39d19,Visit,28:37.1,Desktop,South,Organic,0,Yes,
7462,a0868c92-bdcf-4755-b802-a9b09ae9292e,Visit,36:50.1,Tablet,South,Organic,0,Yes,
7463,b83a2fe7-ee9d-42a9-8d25-17c9e3416904,Visit,24:31.1,Desktop,West,Organic,0,Yes,
7464,2a7db4e2-b139-4571-b9b7-08d618e8d730,Visit,38:39.8,Mobile,East,Organic,0,Yes,
7465,69898ed6-8936-436d-aa4a-13c1c3dda08a,Visit,05:03.7,Tablet,South,Referral,0,Yes,
7466,c0ce785a-97c2-4e9b-add2-8710d20c6091,Visit,36:10.6,Mobile,East,Organic,0,Yes,
7467,4aba48f2-7714-42a6-9fe2-81b5a830e1d6,Visit,54:18.3,Tablet,East,Organic,0,Yes,
7468,9123020d-b38a-4f4e-a248-4f46854a6b90,View Product,23:42.3,Desktop,East,Referral,0,Yes,
7469,ed432600-0d33-445b-957b-35bf898f6010,Visit,19:41.1,Desktop,West,Paid,0,Yes,
7470,763c87df-63c2-4799-859d-7a0da619599b,Visit,37:53.9,Desktop,North,Organic,0,Yes,
7471,a3e0f50f-da67-4222-bb32-87ab7f9e6bef,Visit,20:26.8,Tablet,West,Referral,0,Yes,
7472,e6956389-94d2-453b-ad4c-e6b0bbbeb6e4,View Product,05:06.9,Mobile,West,Paid,0,Yes,
7473,c41b17bc-6678-4402-93c1-55f2556925d0,Visit,12:32.2,Desktop,West,Organic,0,Yes,
7474,c599501c-87a8-418b-b913-e68effc21563,Visit,52:09.8,Mobile,South,Organic,0,Yes,
7475,eabd1d6d-c9f5-41c1-ba82-52424b83d69b,Visit,22:22.1,Mobile,West,Paid,0,Yes,
7476,90c1012d-4d96-48c6-8362-18de5feeefe6,Visit,19:10.3,Tablet,West,Referral,0,Yes,
7477,f148f032-cb70-47bb-a011-a125a1e45d4d,Visit,15:11.0,Desktop,West,Referral,0,Yes,
7478,e59c8041-191b-4db8-91a3-df0f3f95873d,Visit,28:09.9,Tablet,East,Paid,0,Yes,
7479,33d85cba-9d87-4e7f-bf00-6c81063edb79,Visit,32:42.6,Desktop,South,Organic,0,Yes,
7480,19f842b4-107e-4281-9b09-bcc038d55812,Visit,54:12.9,Tablet,South,Paid,0,Yes,
7481,00e32813-a827-4c1f-bebe-e2810ddd7905,Visit,18:48.4,Tablet,East,Organic,0,Yes,
7482,f1d015ef-17bc-44a1-aa03-9455a5b1ce47,Visit,09:49.0,Desktop,West,Organic,0,Yes,
7483,a1f41bad-bbf2-43c6-a5b5-903f7d4d09b9,Visit,25:32.8,Desktop,North,Referral,0,Yes,
7484,3de6005b-514a-4668-a6d1-2a2d9fb171a5,Visit,03:39.4,Mobile,North,Paid,0,Yes,
7485,2680dc00-65b5-4eaa-878a-d96d0dd00244,Visit,19:08.4,Desktop,North,Organic,0,Yes,
7486,f526550f-aee4-4221-a454-995b002620ba,Visit,27:31.5,Tablet,West,Organic,0,Yes,
7487,d4bfca9c-7ec6-4e60-a1e6-9c10ac6b76ab,Visit,20:51.8,Mobile,South,Referral,0,Yes,
7488,5cb58b7d-7b47-4349-9756-0977602af89a,Visit,54:42.7,Mobile,West,Organic,0,Yes,
7489,fda7a698-34f3-44e8-b5ed-be5d203f20e4,Visit,10:14.8,Mobile,South,Organic,0,Yes,
7490,5d1589ac-bd6c-4c49-9d2c-587126e8b97b,Visit,51:56.9,Desktop,East,Paid,0,Yes,
7491,c3f6d3f8-283a-4083-b523-014a8f3a8ecd,Visit,01:44.5,Mobile,South,Organic,0,Yes,
7492,4f2e7552-3f5f-4241-bbc7-ebaf187d5964,Visit,34:35.1,Mobile,North,Organic,0,Yes,
7493,a12dee5b-a2b8-4493-84c5-17b16a57de14,Visit,39:26.4,Mobile,North,Organic,0,Yes,
7494,611b17f0-fb5c-4745-936c-f312aa154aee,Visit,52:25.9,Tablet,North,Paid,0,Yes,
7495,cc4d22ac-3109-440b-9d79-3da10260c6ff,Visit,08:50.7,Tablet,North,Referral,0,Yes,
7496,123e7098-ccf3-477b-b840-ff3b349e329a,Visit,55:27.0,Mobile,North,Organic,0,Yes,
7497,bf2d4b82-1c56-45e5-97d7-047158e0babd,Visit,13:55.6,Desktop,South,Referral,0,Yes,
7498,fa5424fa-365b-432c-98d2-79796560cf36,Visit,07:19.3,Mobile,North,Paid,0,Yes,
7499,f402789c-0f31-4bfa-9b09-ffe1da64bf41,Visit,26:05.6,Tablet,North,Organic,0,Yes,
7500,be775ce2-38a8-4096-a146-b82ad947185d,Visit,10:34.8,Desktop,East,Paid,0,Yes,
7501,cf78a3fd-69c5-4eac-b6d5-f9a7acfe65d3,Visit,48:59.7,Desktop,South,Paid,0,Yes,
7502,49f32fda-6c10-4b4e-9f9c-989acfbd9c24,Visit,54:03.5,Tablet,South,Referral,0,Yes,
7503,a5b5fe1d-07e0-40d9-b5e6-7c466c158122,Visit,44:57.0,Mobile,South,Organic,0,Yes,
7504,72b45ed1-aa07-4923-9a87-a391addbdb62,Visit,52:39.8,Mobile,East,Organic,0,Yes,
7505,6b3e3dfe-b1f8-4b58-b33c-3aa1ea78f493,Visit,00:56.1,Tablet,South,Referral,0,Yes,
7506,a2442dbe-ffa8-4ebd-879b-c95cc7c50093,Visit,37:30.7,Mobile,West,Organic,0,Yes,
7507,ed879021-56b5-44b7-8706-5094e1be3394,Visit,58:48.9,Desktop,South,Organic,0,Yes,
7508,6e93163a-fcfa-43d1-8022-9ec53897a2f2,Visit,09:21.3,Mobile,North,Organic,0,Yes,
7509,5391e50b-b50f-405f-9f57-cd8685653980,Visit,18:37.3,Mobile,East,Paid,0,Yes,
7510,004134da-25b8-4c4f-af95-b37abd8757d2,Visit,22:41.8,Mobile,North,Paid,0,Yes,
7511,995edb27-e642-4fe1-b245-f18832349a44,Visit,06:30.9,Desktop,West,Paid,0,Yes,
7512,6fe74d90-71aa-4d09-bd45-e14f9c77db5d,Visit,35:03.2,Mobile,South,Organic,0,Yes,
7513,a45e587c-de39-49d1-a443-e57c679a54a4,Visit,02:52.7,Mobile,North,Organic,0,Yes,
7514,7f6701cf-eabb-4cff-b955-4e49e90980db,Visit,51:49.9,Tablet,East,Organic,0,Yes,
7515,4bd55717-9ac0-4aa3-ae37-6e866aaae5cc,Visit,53:04.4,Tablet,South,Referral,0,Yes,
7516,b6852445-0141-4419-80d6-68bae6345ab4,Visit,08:42.1,Mobile,East,Referral,0,Yes,
7517,24b5110f-656a-4634-874d-7e22be6b39b1,Add to Cart,13:16.6,Tablet,West,Organic,0,Yes,
7518,7f34fd8e-7e14-48cc-bd29-7e386369d9e7,Visit,30:45.4,Tablet,West,Paid,0,Yes,
7519,96e036fe-91fa-4789-a169-aa9502f01616,Visit,00:51.6,Mobile,South,Referral,0,Yes,
7520,48ddf8e2-1027-4ffd-be6c-c71f17128277,Visit,03:31.0,Tablet,South,Organic,0,Yes,
7521,12342006-3b1d-4eaf-8e6a-212883af6cf7,Visit,24:12.1,Tablet,East,Organic,0,Yes,
7522,b9507ded-07f1-43dc-b5f9-f09d62101216,Visit,26:56.0,Tablet,West,Paid,0,Yes,
7523,675370dd-f045-4a1d-bc46-3071c73c4970,Visit,06:05.3,Mobile,East,Paid,0,Yes,
7524,4358562a-f13f-48cc-b3b3-a62091e02d1c,Visit,50:51.2,Desktop,East,Paid,0,Yes,
7525,cd0f4780-cc66-4b06-9914-11de31612961,Visit,58:09.6,Mobile,North,Organic,0,Yes,
7526,f1cd6e72-90d4-4e5f-bcfd-2585d20e2ecf,Visit,00:11.0,Desktop,North,Paid,0,Yes,
7527,adf0fdef-67e0-4088-9264-47dd2a142b61,Visit,46:53.8,Desktop,North,Paid,0,Yes,
7528,8d437e45-9326-402b-bc26-99ff38b35ff7,Visit,16:46.1,Desktop,North,Organic,0,Yes,
7529,e2a653bc-2e1c-4979-8c90-ebe28e8e3584,Visit,07:10.9,Tablet,West,Organic,0,Yes,
7530,e58c151f-afe2-46bb-a99f-5570d2907c40,Visit,35:48.6,Mobile,West,Referral,0,Yes,
7531,06681cea-6891-46e4-97cd-3bebe70b4daa,Visit,45:56.4,Tablet,South,Paid,0,Yes,
7532,1f5ad783-d7d0-493e-94e4-af491bfd4dd3,Visit,34:54.8,Mobile,East,Organic,0,Yes,
7533,6e7aaf6e-e03a-4681-a775-ba429f4704dd,View Product,42:09.8,Tablet,North,Organic,0,Yes,
7534,aa01ed63-ce53-4783-816f-a8e0f66a4807,Visit,27:04.0,Mobile,West,Referral,0,Yes,
7535,4aea52d9-9543-4fdb-b68e-ed006d0ad48f,Visit,40:44.4,Tablet,North,Paid,0,Yes,
7536,09cc84fc-453d-4ec0-8978-3f668dcdbf39,Visit,14:21.2,Mobile,West,Referral,0,Yes,
7537,0ec158ed-599d-4bbc-97a3-6f4bdd18f116,Visit,58:55.0,Tablet,East,Referral,0,Yes,
7538,2d66946c-3756-479b-a06d-bf3091f2e1d2,Visit,48:21.9,Desktop,South,Paid,0,Yes,
7539,72b580d5-6e86-4f67-8ca8-415e5c88e0fa,Visit,40:55.6,Tablet,South,Organic,0,Yes,
7540,4e0d4342-42c5-4e1e-b2e2-e375fd07a7ad,Visit,03:34.1,Tablet,North,Paid,0,Yes,
7541,3bc0dbf7-4321-413c-8ebd-ea2a202dbf5d,Visit,20:20.5,Mobile,North,Paid,0,Yes,
7542,16f607db-35ac-4786-a6d2-369550d3d354,Visit,54:27.8,Tablet,East,Organic,0,Yes,
7543,00689c16-2835-4b28-a3c0-cae2733b6faa,Visit,48:25.2,Mobile,West,Referral,0,Yes,
7544,9d4c8d43-a450-4e0b-bb76-d1c1aa5b4a5d,Visit,30:36.0,Desktop,East,Paid,0,Yes,
7545,f186d146-ad8e-4e74-9865-37da57e73eb9,Visit,04:10.3,Tablet,East,Paid,0,Yes,
7546,e0bb007b-26d7-4fa9-bead-5b0282e54320,Visit,39:20.8,Mobile,West,Paid,0,Yes,
7547,d54b7513-4f46-4c7f-a8ab-c4eb47298c16,Visit,27:27.6,Desktop,South,Organic,0,Yes,
7548,4b463174-cc26-4290-af2b-188f864cb392,Visit,08:35.6,Tablet,East,Referral,0,Yes,
7549,63718151-a916-4c27-afac-adec369b18ff,Visit,40:05.3,Desktop,West,Paid,0,Yes,
7550,ce0abb4d-3d55-4245-a7a8-236b46248829,Visit,19:12.3,Mobile,West,Referral,0,Yes,
7551,5968634e-3626-4a4e-a3c2-877147fa7c57,Visit,01:26.5,Tablet,South,Paid,0,Yes,
7552,650a03ce-82d0-4c1e-a3c4-d3c780f5bb01,Visit,33:22.2,Desktop,East,Organic,0,Yes,
7553,bdfc532d-b08f-4e80-a1f0-ac755f2251b5,Visit,41:54.1,Tablet,North,Referral,0,Yes,
7554,d604435f-a2d9-4e79-8450-8c62ab4099eb,View Product,47:18.5,Mobile,West,Referral,0,Yes,
7555,f60edddd-e33d-40cd-8434-9679bd669bb8,Visit,08:03.9,Desktop,East,Paid,0,Yes,
7556,d5ccdd38-3ce1-433c-9d93-fe8a695b44d2,Visit,34:40.8,Mobile,North,Paid,0,Yes,
7557,2971e372-b9f2-4d8c-bb3d-6ecb8c5da604,Visit,15:47.6,Desktop,North,Organic,0,Yes,
7558,bb4262f8-c9ab-4b8a-9c3e-486e841eda20,Visit,04:35.0,Mobile,North,Paid,0,Yes,
7559,4c70e2f1-3bd9-4f4a-a424-17b851ef6d1e,Visit,38:25.2,Tablet,North,Referral,0,Yes,
7560,6bc6c7da-cb9e-408b-9f7d-c906b011e664,Visit,05:25.4,Tablet,West,Paid,0,Yes,
7561,96a48b6c-0f00-48b9-a565-a24800341a72,Visit,13:28.5,Desktop,East,Organic,0,Yes,
7562,9b787ab8-cd56-4d50-a2d3-d68f7979a562,Visit,45:06.7,Mobile,North,Paid,0,Yes,
7563,62233c63-a90e-46b1-a9e6-6076ad6cb7c3,Visit,19:46.4,Tablet,East,Organic,0,Yes,
7564,4f38ee72-66a7-4b0a-a30d-e41ac762b073,Visit,36:50.4,Mobile,East,Paid,0,Yes,
7565,1c7eb529-6cc1-44d1-8b3a-8cd958db967f,Visit,39:05.2,Desktop,West,Organic,0,Yes,
7566,77f349f1-c4c4-42bd-813a-193f0c2c576c,Visit,27:23.0,Desktop,West,Referral,0,Yes,
7567,f3813bfd-0713-4265-8aa6-c81985a59ea6,Visit,15:33.4,Tablet,South,Paid,0,Yes,
7568,a1e8cd93-df12-4c8f-8b11-5ed8a1a0c8e2,Visit,53:09.4,Mobile,North,Paid,0,Yes,
7569,0667b7be-d82e-4968-9392-90b483a1a3d0,Visit,55:39.5,Mobile,East,Organic,0,Yes,
7570,40d3f579-4c28-4a62-866c-6d6df3aed1a9,Visit,02:20.2,Tablet,South,Paid,0,Yes,
7571,180df70d-2b2f-435c-a7d2-e00af135cdb4,View Product,02:26.7,Mobile,West,Organic,0,Yes,
7572,fd6d3b40-d896-46ed-9e90-962c066ec7ca,Visit,06:17.4,Desktop,East,Organic,0,Yes,
7573,dfc473bd-41c5-4aba-8bb0-9b65aa0cb759,Visit,39:07.5,Tablet,West,Paid,0,Yes,
7574,62eb3d4d-0663-4b76-bcd1-0a06827b3dda,Visit,17:37.5,Mobile,East,Organic,0,Yes,
7575,7c45bde3-e066-407f-84d5-9f3a83c17f20,Visit,43:46.1,Mobile,East,Organic,0,Yes,
7576,392edc34-f1a0-4202-bad6-1d3c8e91babe,Visit,33:19.0,Mobile,North,Referral,0,Yes,
7577,3fa2f032-b5db-4b9a-8b32-508d958f6a5f,View Product,01:18.0,Desktop,East,Referral,0,Yes,
7578,4c9eec26-1f95-4b19-bdb6-54fbeaa91182,Visit,19:45.9,Desktop,North,Organic,0,Yes,
7579,7016efa7-c371-43f3-99f6-43577c1ec873,Visit,46:05.9,Mobile,East,Referral,0,Yes,
7580,15bd0b81-258b-4cca-8d2a-b9ff78a01c8a,Visit,23:37.7,Desktop,East,Paid,0,Yes,
7581,81db9369-f1f6-4e41-a1cc-ca259cf279fe,Visit,30:32.4,Desktop,North,Referral,0,Yes,
7582,2fba30dc-bf7e-4595-8a3a-1dee464c4afc,Visit,13:20.0,Desktop,West,Organic,0,Yes,
7583,d1904587-5be4-47b1-b835-a75caf72a6b6,Visit,07:00.7,Tablet,West,Organic,0,Yes,
7584,a3ebeac3-3727-4779-a835-52deead45ed4,Visit,53:36.4,Desktop,West,Organic,0,Yes,
7585,5965d043-b17f-4582-8c88-1a07309008bb,Visit,24:45.1,Tablet,North,Paid,0,Yes,
7586,f0834776-59c0-45d8-bfa9-c7549d3a3b68,Visit,49:37.0,Desktop,West,Referral,0,Yes,
7587,e0dbab92-12b7-40c8-9811-fa7b018fc304,Visit,35:54.0,Mobile,East,Referral,0,Yes,
7588,6be57fcb-a63b-4e50-ba8b-2366a17b221a,View Product,14:15.0,Mobile,East,Organic,0,Yes,
7589,8aee1aba-90bf-46a2-ad8d-ae873043235f,Visit,28:19.8,Tablet,North,Referral,0,Yes,
7590,73eff387-f5dd-4711-8623-50a7d918419e,Visit,52:48.3,Tablet,South,Referral,0,Yes,
7591,faa47819-41e2-4a7a-84cf-5a714bbbcc93,Visit,00:17.8,Desktop,North,Paid,0,Yes,
7592,ab2566cb-8eef-4a04-906b-ed50bf96690b,Visit,50:13.0,Mobile,West,Organic,0,Yes,
7593,2583d5de-8cc4-469e-ac44-27b0313cc661,View Product,30:55.6,Desktop,North,Paid,0,Yes,
7594,c407d94e-98d3-4c02-abac-feaf3ac4590b,View Product,30:55.1,Tablet,South,Paid,0,Yes,
7595,da2f8ee4-e123-41a4-89d3-60cb9ef90472,Visit,49:58.2,Desktop,South,Organic,0,Yes,
7596,2c792a1a-1061-4f3c-9a54-1177ffb71aea,Visit,06:06.3,Desktop,East,Paid,0,Yes,
7597,41f644da-8dd2-4591-a69a-5b4407768c2c,Visit,59:26.6,Desktop,West,Referral,0,Yes,
7598,19a422e4-a8b4-4d5d-b0c9-3b5efa4406a5,Visit,28:46.3,Tablet,North,Paid,0,Yes,
7599,e8c9fe82-ae78-450d-9396-33f841b603c3,Visit,42:15.7,Tablet,West,Paid,0,Yes,
7600,b07ac7f1-773d-4b2b-b3fe-b119b593db0a,Visit,22:26.6,Mobile,North,Organic,0,Yes,
7601,6c01489f-d522-468e-aab1-0b2687b4aa20,Visit,29:25.1,Mobile,West,Referral,0,Yes,
7602,abdbe5e2-d1d6-4877-97db-91c1f3787ba8,Visit,34:06.3,Desktop,South,Organic,0,Yes,
7603,52bcf5bb-3b4d-4e62-8891-1117f1dc2631,View Product,21:07.8,Mobile,East,Paid,0,Yes,
7604,d80942a0-8a0d-42f1-8287-597329654fd5,Visit,21:39.7,Desktop,South,Organic,0,Yes,
7605,216eeceb-0645-465d-9b53-67120c2fda7b,Visit,53:51.1,Mobile,South,Paid,0,Yes,
7606,e55baea3-967d-426c-a27a-7b70c3e0561a,Visit,19:37.7,Tablet,West,Paid,0,Yes,
7607,79157f60-af81-4a7f-afee-0448e7acd8e4,Visit,30:04.1,Desktop,East,Paid,0,Yes,
7608,d44273fe-659c-4014-904c-1163808bda4c,Visit,15:40.0,Tablet,East,Referral,0,Yes,
7609,5fbed2ec-7891-45bb-b725-b3043805d548,View Product,10:14.3,Tablet,West,Organic,0,Yes,
7610,e852cc03-1e16-48c9-a7b8-7104f59b4c33,Visit,58:05.7,Mobile,East,Paid,0,Yes,
7611,4d8f2ed0-b73a-496b-90c3-5af6cb2903e0,Visit,20:33.4,Desktop,West,Organic,0,Yes,
7612,2e35845e-6755-4f6d-b2d5-71ec76d49be8,Visit,57:00.0,Tablet,West,Referral,0,Yes,
7613,b41e8789-70d4-4ff0-b5e1-73d9d507b7ee,Visit,48:06.6,Tablet,West,Organic,0,Yes,
7614,a407585a-ba76-4607-a3e3-510b8ecc3cfc,Visit,44:36.2,Tablet,North,Organic,0,Yes,
7615,9d7d4a67-57b3-488e-845e-b08389a93fae,Visit,32:31.9,Desktop,North,Referral,0,Yes,
7616,b76fb07b-b7ed-418e-b927-4f8d6063b101,View Product,48:48.3,Tablet,South,Referral,0,Yes,
7617,5af13c0c-c4f1-42eb-b202-25402b6498c5,Visit,54:02.6,Desktop,South,Organic,0,Yes,
7618,50f80c76-7ec1-4bd5-a2dd-8f3e4b0ac030,Visit,13:43.6,Desktop,West,Referral,0,Yes,
7619,ae66214b-9f59-4eb8-8367-6d659a80cbfa,Visit,18:22.5,Tablet,North,Referral,0,Yes,
7620,63b3e75a-4ec3-4570-acc6-db1fd3aa2e0d,Visit,56:07.3,Mobile,East,Organic,0,Yes,
7621,6eca0eba-7d17-4f7e-9f9a-709947a54b00,Visit,58:39.3,Desktop,South,Referral,0,Yes,
7622,f1f18bd6-b786-4b70-9882-f23d86f5bd57,Visit,14:40.5,Desktop,East,Referral,0,Yes,
7623,bb66614f-d6c3-4ec0-b1c8-dcddcbea0631,Visit,26:34.3,Mobile,West,Organic,0,Yes,
7624,99e3c347-00fa-4b42-b354-ef876e0b7b37,Visit,53:06.8,Tablet,West,Referral,0,Yes,
7625,68be690f-f1a9-4d4b-8b31-4e9d37d0d452,View Product,29:49.9,Tablet,East,Paid,0,Yes,
7626,3ee323f9-feee-4a5c-9f44-8456df25bc3c,View Product,54:09.9,Mobile,North,Organic,0,Yes,
7627,80ad1cd5-2b52-4358-9a3b-934c0f2ce19f,Visit,32:38.5,Mobile,North,Paid,0,Yes,
7628,78ea9237-c96e-4359-8292-28434f619691,Visit,10:25.9,Desktop,South,Referral,0,Yes,
7629,c2f5019f-d9d3-4a65-8e99-cd22f8213a47,Visit,19:40.7,Desktop,East,Organic,0,Yes,
7630,872bd370-d2c3-41f2-9fcf-5bf951fcb9a1,Visit,59:15.2,Desktop,West,Organic,0,Yes,
7631,ed96d225-1db8-4110-9022-c11f98f8b774,Visit,36:37.2,Mobile,East,Organic,0,Yes,
7632,6fc71ef8-9db6-41a1-a41f-5c89bef5504b,View Product,03:51.3,Mobile,North,Organic,0,Yes,
7633,53911261-51f3-4cd9-9ee7-47e386d816ea,Visit,01:06.2,Tablet,West,Paid,0,Yes,
7634,7a48087a-a727-46ba-96ed-a5b79654f03c,View Product,45:42.0,Tablet,East,Referral,0,Yes,
7635,a1bbace3-3bcc-48ec-b098-cca3d07ad5f0,Visit,00:05.5,Desktop,East,Paid,0,Yes,
7636,ff1c4199-98a4-4fce-ab89-a63eaa9d74f3,Visit,03:47.8,Mobile,South,Organic,0,Yes,
7637,1c7553a2-5f60-4510-a629-24d7b8f64866,View Product,30:31.9,Mobile,South,Organic,0,Yes,
7638,75cd5d76-cf22-4316-90d1-1d1bb087595a,Visit,41:07.1,Mobile,North,Organic,0,Yes,
7639,7219ef68-05b4-4a03-8b59-949516266492,Visit,06:18.1,Desktop,East,Paid,0,Yes,
7640,73a4b93d-57e3-4d22-b29c-53ebcd69fdf1,View Product,33:20.1,Mobile,East,Referral,0,Yes,
7641,132171e7-c744-4d62-8242-4f4576254662,Visit,37:37.5,Mobile,West,Organic,0,Yes,
7642,b20155a6-869a-4297-9a75-aa484ec9d135,Visit,18:18.8,Desktop,South,Organic,0,Yes,
7643,4cc9886e-ad8d-48a6-9a40-f7f64b1a7f3a,Visit,49:35.4,Mobile,South,Referral,0,Yes,
7644,b1c7165a-4b6d-4d0e-aa44-3bf58b9047ac,Visit,49:32.0,Desktop,South,Referral,0,Yes,
7645,ad0d8202-829c-4ac1-849b-680af4344275,Visit,29:10.3,Tablet,North,Organic,0,Yes,
7646,660a65f3-fe6f-448f-8eee-2bb7c820a5e1,Visit,55:10.7,Tablet,North,Paid,0,Yes,
7647,c859d5f1-4ba1-48ed-b92d-394f922e1a86,View Product,11:36.5,Mobile,South,Paid,0,Yes,
7648,47e9ce31-beda-48a9-a35b-71d55fbc458b,Visit,55:53.0,Mobile,North,Organic,0,Yes,
7649,18849fe4-cba7-4009-a487-e786490671ef,Visit,28:26.0,Desktop,West,Referral,0,Yes,
7650,20588698-5df7-41c4-9a2c-ab74a7b3c6a1,Visit,57:32.8,Mobile,North,Organic,0,Yes,
7651,bcdb08aa-543b-4fe0-8c33-d3d758b17ae4,View Product,06:55.3,Mobile,East,Organic,0,Yes,
7652,241134e7-d09a-48a6-aae9-66ace6787dc6,Visit,28:58.3,Mobile,East,Referral,0,Yes,
7653,728d2bff-cace-420d-9ec8-b9614c6e1d05,Visit,19:28.3,Mobile,North,Referral,0,Yes,
7654,84d375f7-f036-4143-9761-fb25434e815e,View Product,24:29.6,Tablet,North,Paid,0,Yes,
7655,14e5a088-e6c7-49c2-b613-ec70c6690fda,View Product,29:37.7,Mobile,South,Paid,0,Yes,
7656,678e0169-36c6-49bf-8364-1f207f40b042,View Product,03:27.3,Mobile,North,Paid,0,Yes,
7657,8d350059-32c6-4cca-8cce-9bccceaf3c53,Visit,13:11.2,Desktop,East,Paid,0,Yes,
7658,8d1a483a-3243-4880-aa79-dbb01f89ccf7,Visit,47:19.6,Mobile,West,Organic,0,Yes,
7659,b9fe5efc-8530-41eb-a444-48e2b6ad7c6e,Visit,06:53.6,Tablet,East,Organic,0,Yes,
7660,babcdef9-26ea-4fbc-baf5-e72ed4887c48,Visit,12:58.6,Tablet,West,Organic,0,Yes,
7661,95c628a3-45ad-43ea-aaae-6c2351477dfc,Visit,40:59.6,Mobile,East,Organic,0,Yes,
7662,722bfd37-06d8-4a9d-8b8d-7d6f63c9bc50,Visit,09:34.6,Tablet,North,Organic,0,Yes,
7663,8bafb446-4508-469d-9f68-6b259b9a94e6,Visit,03:13.4,Mobile,North,Referral,0,Yes,
7664,5bc4b9ba-147d-4a42-9580-80b1c9ec72d0,Visit,19:31.7,Mobile,South,Paid,0,Yes,
7665,5a4b9122-e16b-47cf-82e4-28c9c428c049,Visit,55:44.5,Tablet,South,Referral,0,Yes,
7666,75a88f06-ba05-453f-85c9-237bc1822613,Visit,11:19.0,Desktop,South,Paid,0,Yes,
7667,a765a384-6004-4396-8db2-dd846d363447,Visit,12:49.9,Tablet,East,Paid,0,Yes,
7668,9bf3bc55-48b0-4348-b650-31471bc8459d,Visit,03:22.2,Desktop,West,Organic,0,Yes,
7669,2d38476d-04db-49a4-96ea-a4747648a24e,Visit,55:00.8,Tablet,South,Organic,0,Yes,
7670,e845d650-53b7-4aa2-9fe5-81f3011c0531,Visit,52:21.1,Tablet,West,Organic,0,Yes,
7671,c9effbe2-73db-49f4-aada-2383573a0ccc,Visit,10:17.0,Tablet,West,Organic,0,Yes,
7672,e8d579a9-2133-4159-a674-bb8b5bedd0b0,Visit,48:23.1,Mobile,West,Paid,0,Yes,
7673,07e4a708-bb79-4880-b301-75aebdf5a1d0,View Product,21:19.1,Tablet,East,Paid,0,Yes,
7674,4215e46b-3ad4-430d-aa2d-f2910047727f,Visit,14:00.4,Mobile,South,Referral,0,Yes,
7675,97567ad5-e80a-47ba-9697-8b2f9198ed0d,View Product,18:46.1,Desktop,South,Referral,0,Yes,
7676,a5ab18a3-9f27-4101-8b6e-df287c1ee3a5,Visit,58:22.1,Mobile,East,Paid,0,Yes,
7677,9b6e047a-6b7d-4f5e-aa1c-8c4c0e145c0b,Visit,37:11.8,Desktop,East,Paid,0,Yes,
7678,8a0a6bcf-dea3-480e-a0be-394b002f4c17,Visit,34:44.1,Mobile,South,Referral,0,Yes,
7679,0fb919f0-2c57-43c3-b1ac-ed6ba9c45e2a,Visit,29:09.3,Mobile,South,Organic,0,Yes,
7680,894c44d0-08ec-4aab-92af-0d66db2906d2,View Product,50:31.8,Desktop,South,Organic,0,Yes,
7681,d9187fd5-f7de-4dc6-a4e1-288b5dc6023e,Visit,14:28.5,Mobile,North,Paid,0,Yes,
7682,467a5fcf-eb2a-4f21-97b0-e94772706db3,Visit,01:24.7,Mobile,North,Paid,0,Yes,
7683,b787d570-8251-4dcd-8c4d-d122fa2fe0fb,View Product,30:05.6,Desktop,West,Referral,0,Yes,
7684,6d10e371-75af-4fed-b9bd-d2e6cd6b8605,Visit,56:11.4,Desktop,North,Paid,0,Yes,
7685,a67ec7ee-f741-4678-8578-020c302982ec,Visit,02:44.2,Mobile,North,Referral,0,Yes,
7686,91538c0c-8765-4a42-a6b7-bb175953f5ae,View Product,33:02.3,Tablet,North,Organic,0,Yes,
7687,4d77bd43-503c-4dfb-a0c2-9f3ddaa348e7,Visit,31:33.7,Tablet,North,Referral,0,Yes,
7688,7d9479af-7201-4f52-9ada-995734d7ed2a,Visit,24:57.6,Desktop,North,Organic,0,Yes,
7689,393d92c2-ec8a-4e7a-a923-f10861649d50,Visit,28:36.3,Mobile,West,Organic,0,Yes,
7690,13cb9e6b-9710-4545-8152-9d001972ab95,Visit,13:45.5,Mobile,West,Paid,0,Yes,
7691,8874edd0-6471-4e92-aca3-edad62a77d85,Visit,17:09.7,Mobile,North,Organic,0,Yes,
7692,351eb33e-66e2-462b-b479-53765f9706fa,View Product,28:06.5,Mobile,West,Referral,0,Yes,
7693,c97ca18a-b397-405d-b411-6d710d53b41b,Visit,55:55.3,Mobile,West,Paid,0,Yes,
7694,b0663aeb-79c6-4c45-8c5b-ebabe5230aaf,View Product,33:34.1,Mobile,West,Paid,0,Yes,
7695,222dd232-0fdc-4af2-81f5-1d87847b4cc0,Visit,13:52.0,Tablet,West,Organic,0,Yes,
7696,b21f38b4-3245-4425-8cc3-f63feabe47a4,Visit,57:54.5,Desktop,East,Organic,0,Yes,
7697,9af225b1-6df8-4822-938c-aa1ab84461f2,Visit,53:47.2,Desktop,North,Organic,0,Yes,
7698,b2821294-8d5c-46e6-a77c-d7421412afb5,Visit,16:58.1,Desktop,North,Paid,0,Yes,
7699,baca38d0-3b22-46ed-91b7-631a89252d17,View Product,22:28.6,Desktop,North,Paid,0,Yes,
7700,f9665dd9-2481-4c56-a3f3-174589d71688,Visit,14:26.2,Tablet,East,Organic,0,Yes,
7701,c9d372cb-8032-407b-b1d7-5cd170528453,Visit,09:39.1,Desktop,East,Organic,0,Yes,
7702,4f90c355-4f3f-4f82-a72b-912f8c72a132,Visit,32:11.5,Mobile,North,Referral,0,Yes,
7703,9fd6934a-b82b-47e2-bd19-cb5a5d25b4be,Visit,13:34.5,Desktop,West,Referral,0,Yes,
7704,617e5c4f-594e-4808-a415-a5804072e02f,Visit,50:35.9,Desktop,South,Referral,0,Yes,
7705,128a8d12-3010-4a56-96eb-1307d305ef25,Visit,26:03.2,Desktop,West,Referral,0,Yes,
7706,74b23f38-aba1-42cb-b691-f241a948c15a,Visit,05:25.5,Mobile,East,Referral,0,Yes,
7707,5700fbe7-3953-47fd-acce-3af04661a046,Visit,23:33.2,Tablet,East,Paid,0,Yes,
7708,38e1a337-f4be-46f6-9fdd-6d017e4841f1,Visit,12:02.9,Mobile,West,Referral,0,Yes,
7709,c52b9b38-82dc-4776-80d0-c7d09b9aceb0,Visit,30:46.1,Desktop,West,Referral,0,Yes,
7710,75e2c744-8c62-4377-afc6-a8942ea0d1c9,Visit,23:13.2,Tablet,West,Referral,0,Yes,
7711,7b932e12-3ef8-45d4-9bd4-95a4821002f3,Visit,10:22.4,Tablet,North,Organic,0,Yes,
7712,c55b334a-b3dd-42ee-b47c-f0de0b90610f,Visit,12:34.3,Mobile,West,Referral,0,Yes,
7713,73798d5f-b1f6-4475-8aa2-f2566c998ec3,Visit,32:11.6,Desktop,South,Paid,0,Yes,
7714,03ae7bc6-5d67-485b-9f20-52ef1ed8eeb0,Visit,31:45.3,Mobile,South,Organic,0,Yes,
7715,17551c08-3bd8-4b07-a249-1e012d01ce21,Visit,45:07.4,Mobile,West,Referral,0,Yes,
7716,23367f64-5dc9-485f-bd05-5fbbae451550,Visit,48:51.1,Tablet,North,Paid,0,Yes,
7717,93c60add-0e6d-4d42-838b-0ddf7e6e798b,Visit,37:23.0,Tablet,West,Paid,0,Yes,
7718,18f54624-911c-4be0-b2ae-09bfd2a8e55e,View Product,14:51.3,Desktop,North,Organic,0,Yes,
7719,e46da074-78b8-4d21-9b6a-c5930d531f2d,Visit,16:09.3,Mobile,South,Referral,0,Yes,
7720,233b4243-45c8-4cba-8844-49c91c15cf05,Visit,14:19.7,Desktop,North,Paid,0,Yes,
7721,802f3715-a956-4ed5-bafb-0a85c6f6af6c,Visit,56:15.4,Desktop,North,Referral,0,Yes,
7722,a6eaf7d1-5d6e-434a-94fe-1ccb924cb6d7,Visit,16:31.0,Mobile,North,Organic,0,Yes,
7723,4dfd7fa6-4124-4a98-9cb6-91b261fb3dbb,View Product,01:30.8,Mobile,South,Organic,0,Yes,
7724,c3956905-8f45-49d2-bc8c-97d86cba254a,Visit,52:37.0,Tablet,East,Organic,0,Yes,
7725,091a0f4a-7505-4c92-9cfc-975f4e5d3fac,Visit,34:20.0,Tablet,East,Paid,0,Yes,
7726,cfd2cff4-a834-4f92-ac7e-47c55fa11a0e,Visit,05:57.1,Tablet,South,Organic,0,Yes,
7727,fef62ff7-ecf6-40b2-aa7d-c67f1c09489c,Visit,01:16.3,Mobile,North,Organic,0,Yes,
7728,39a014f6-b2d7-4973-afc2-3bcfe31b6df2,Visit,53:22.3,Tablet,West,Referral,0,Yes,
7729,0a7301c7-47bb-4fb3-8602-cb971c3d7be2,Visit,02:18.3,Tablet,West,Referral,0,Yes,
7730,982f321e-416a-4d0a-9cdb-bedf8a0db1a1,Visit,27:23.2,Tablet,South,Referral,0,Yes,
7731,0e1ad36d-dc55-473f-b61a-d9b19943110d,Visit,34:17.6,Desktop,West,Paid,0,Yes,
7732,b74dd1c9-a43f-4df2-8a1e-4dfb8a6e3adc,Visit,37:50.9,Mobile,South,Organic,0,Yes,
7733,89790a56-0088-4fc3-960c-db8749bae9d6,Visit,36:33.7,Desktop,North,Referral,0,Yes,
7734,5b92ced2-42d1-4413-894b-7d8e68fe79b5,Visit,50:18.1,Mobile,East,Paid,0,Yes,
7735,0fd673ce-a214-4a61-b071-81ff71e77882,Visit,35:04.1,Tablet,North,Paid,0,Yes,
7736,cba187ab-35f1-418c-bb91-947a010dd8d0,Visit,07:27.6,Desktop,North,Organic,0,Yes,
7737,c5fc307e-4323-44a8-8c40-0627ae8f3d30,Visit,00:23.2,Desktop,East,Organic,0,Yes,
7738,3f8bd86a-8b72-4228-85f4-57726a33297a,Visit,03:15.4,Desktop,East,Referral,0,Yes,
7739,bbaad812-4a8f-411a-8d81-55d8ab8a0b44,Visit,11:21.4,Mobile,East,Referral,0,Yes,
7740,f04207fe-1dd6-4822-9d89-1b5566f84235,Visit,13:11.3,Tablet,South,Paid,0,Yes,
7741,8abd21ad-390e-482a-928b-3c2e461a1674,Visit,24:11.5,Mobile,East,Referral,0,Yes,
7742,803e2ba7-9c91-4276-89ad-7496a2b18437,Visit,45:48.6,Mobile,South,Organic,0,Yes,
7743,ee761395-f258-4018-b30e-c3efcb37ef91,Visit,44:58.5,Desktop,South,Referral,0,Yes,
7744,840bd67e-44e2-418f-a229-7d0d285b4e1c,Visit,01:31.2,Mobile,South,Referral,0,Yes,
7745,6adf4177-5946-4e68-82a7-1399525047fd,Visit,02:01.2,Tablet,South,Organic,0,Yes,
7746,b153c107-e22d-45de-abd8-59be54e08ce4,Visit,22:30.5,Desktop,West,Referral,0,Yes,
7747,a6cf30d1-5968-4486-b30b-2ba15b1e0559,Visit,09:53.6,Mobile,North,Organic,0,Yes,
7748,f2541ff0-4a44-4831-8df3-c1b975720ac2,Visit,40:44.2,Mobile,West,Organic,0,Yes,
7749,2db959ff-4f2f-47dd-957a-76ce3d9d9ce9,Visit,41:01.6,Desktop,South,Referral,0,Yes,
7750,a1f5c0de-23d0-4890-b845-7082ca80c267,Visit,10:00.9,Tablet,East,Referral,0,Yes,
7751,d2c0a12f-dd9b-499d-9515-590fff3d35b3,Visit,48:53.2,Mobile,North,Referral,0,Yes,
7752,d46815e9-5c00-4308-bfff-56b2d9d06a5b,Visit,20:45.5,Desktop,West,Organic,0,Yes,
7753,fd9e659a-1f83-46d6-b724-64012e462ed8,Visit,30:32.8,Tablet,East,Paid,0,Yes,
7754,40afec4d-cfde-47d0-8109-753ad3c3827c,Visit,24:10.5,Desktop,West,Referral,0,Yes,
7755,e78fd7d9-601e-40e5-b683-c78ec44ec083,Visit,04:36.0,Desktop,North,Paid,0,Yes,
7756,34bf0ef5-0508-4223-b0db-0dd1488d9cbc,Visit,50:02.3,Mobile,East,Paid,0,Yes,
7757,c31904bf-7f26-4808-8312-ce14b5409db0,Visit,15:19.4,Mobile,South,Organic,0,Yes,
7758,37baab85-c535-4428-ac8f-bc8551e38d9e,Visit,31:07.8,Mobile,North,Organic,0,Yes,
7759,4e57a8c3-d9c6-4abe-83c9-588bb7e85172,Visit,26:28.4,Mobile,South,Referral,0,Yes,
7760,42707d92-84df-4399-a65b-1349b66a57d2,Visit,16:09.8,Mobile,West,Organic,0,Yes,
7761,bdd663d2-e06a-4049-8893-34089716c2e5,Visit,45:25.3,Mobile,East,Paid,0,Yes,
7762,ea2923d1-0918-4651-b27f-55ddd256c030,Visit,37:30.2,Mobile,North,Paid,0,Yes,
7763,32798600-328a-4c66-bfec-3fbbab351bdd,Visit,28:35.6,Tablet,North,Paid,0,Yes,
7764,35c9532e-85f9-40d5-9b17-0490255acd85,Visit,42:17.0,Tablet,West,Organic,0,Yes,
7765,40878667-6074-4f77-8330-d243cb151828,Visit,24:13.2,Desktop,North,Referral,0,Yes,
7766,2bb2d014-af28-4cca-ab4e-f7096d2fcdb2,Visit,43:30.8,Desktop,West,Paid,0,Yes,
7767,d3217d24-1d2d-4606-9c7a-af6c13c9d55a,Visit,06:18.3,Mobile,South,Referral,0,Yes,
7768,59bae68b-3e28-49b3-96ec-b74c28178544,Visit,28:40.6,Desktop,East,Referral,0,Yes,
7769,13114579-c1a3-4f5b-8167-b2f92b6ef6d4,Visit,45:04.2,Tablet,North,Referral,0,Yes,
7770,023e474e-06b0-4d80-8662-253a1beaf8c2,Visit,08:01.5,Mobile,East,Organic,0,Yes,
7771,e10c1a8a-3b63-43f7-b652-0f37f2578de5,Visit,54:19.6,Tablet,East,Organic,0,Yes,
7772,b384193c-52e9-4998-90b0-193979057334,Visit,18:56.3,Mobile,East,Organic,0,Yes,
7773,a38cf3ef-8800-4cea-8308-87a6f6dd9933,Visit,46:35.6,Desktop,East,Paid,0,Yes,
7774,10b96452-8536-4727-95d9-2f617c9cab75,Visit,49:05.4,Tablet,South,Referral,0,Yes,
7775,862ed5ad-5495-44a8-b899-850e3a25bf2d,View Product,55:16.7,Tablet,East,Paid,0,Yes,
7776,b994fe7c-f9c4-4d37-a44c-e82d5b3ce102,View Product,50:26.8,Tablet,West,Referral,0,Yes,
7777,c427acb8-07cb-4d7b-aaf9-f2e1bccd51f5,View Product,30:28.0,Tablet,East,Organic,0,Yes,
7778,bf8328a8-eb96-47b5-852d-c989697e3bac,View Product,26:56.3,Tablet,West,Referral,0,Yes,
7779,828af4a6-2384-4463-a78d-c556ae1aeccf,View Product,41:06.2,Desktop,East,Organic,0,Yes,
7780,481b44f8-274b-4ade-ad1d-e838dac46a75,Visit,07:32.8,Desktop,East,Referral,0,Yes,
7781,6c581271-10fe-406e-9c59-c4511a48921b,Visit,55:39.1,Mobile,South,Organic,0,Yes,
7782,8bc469d2-7b8d-4c79-9260-627c51f72048,Visit,09:02.3,Desktop,South,Organic,0,Yes,
7783,e64c5bf4-95db-4370-bd25-fbd2694139e0,Visit,23:01.7,Tablet,West,Organic,0,Yes,
7784,44d867c6-d412-4e9f-82c2-00e449bb59c9,Visit,52:15.2,Tablet,North,Paid,0,Yes,
7785,3a582155-11aa-4848-b733-5b48b38012d3,Visit,08:01.6,Tablet,North,Referral,0,Yes,
7786,dd0f92d8-e270-4dd8-8e31-c319bae657a0,Visit,55:55.7,Desktop,North,Referral,0,Yes,
7787,831324e4-8073-4fcc-9696-a616da78b056,Visit,42:02.3,Tablet,West,Referral,0,Yes,
7788,b046017e-4c5a-4aef-a059-3df83d16529b,Visit,10:38.3,Mobile,South,Referral,0,Yes,
7789,ec56fb1d-bdce-44dd-a886-d4475972ea76,Visit,05:35.3,Mobile,North,Organic,0,Yes,
7790,53674921-0e6f-4344-aec4-06b4a6e74860,Visit,46:54.0,Mobile,South,Paid,0,Yes,
7791,cf8f2a27-40ca-4840-979a-f52a3af465b3,View Product,15:50.8,Tablet,East,Paid,0,Yes,
7792,5d14f1f9-009a-4aec-a22d-fc8c27ee5b33,Visit,08:28.3,Tablet,East,Organic,0,Yes,
7793,429e2552-508d-4056-bddf-99396b37a80a,Visit,53:58.4,Mobile,West,Paid,0,Yes,
7794,5ed8c0f9-7fdc-4521-9ea0-74c923dd2aba,Visit,32:09.1,Desktop,South,Referral,0,Yes,
7795,379f2223-be30-4d53-aa47-f7173bd21a26,Visit,23:43.2,Mobile,South,Referral,0,Yes,
7796,08ffee5f-2c83-4e37-8fba-4d82f8a13eba,Visit,39:27.0,Mobile,South,Referral,0,Yes,
7797,c5c92554-3f7b-4d6b-81a3-c6fb99530e1e,Visit,40:17.1,Tablet,West,Paid,0,Yes,
7798,d3dce46c-51bf-4e98-9906-65bc94e1eef9,Visit,52:32.8,Mobile,South,Organic,0,Yes,
7799,d68542cb-9741-4d22-b530-6d94778804fa,View Product,19:34.0,Desktop,East,Organic,0,Yes,
7800,e52a0a56-cc6d-49d0-a89a-ba2257ffe7fa,Visit,08:25.3,Tablet,North,Paid,0,Yes,
7801,e52c9e7a-ca99-48fe-8dc4-2a523db39959,Visit,05:43.5,Mobile,West,Organic,0,Yes,
7802,af194abe-dd90-4e6b-94e4-3743dfb64fb6,Visit,47:19.6,Desktop,East,Paid,0,Yes,
7803,174527cb-7db5-4fd3-a24e-c2abe2b1d911,Visit,36:46.1,Mobile,East,Referral,0,Yes,
7804,edc7dccc-aea9-4092-8d1d-2b7c14190b40,View Product,07:09.8,Desktop,West,Referral,0,Yes,
7805,2f8424b3-1caa-4610-b366-252673303dec,Visit,54:24.9,Mobile,South,Paid,0,Yes,
7806,cdda7130-fc6e-4be6-9c04-0e5ea86da897,Visit,05:34.7,Desktop,North,Paid,0,Yes,
7807,9f91b219-a8a8-4941-b51c-ae8024d6549b,View Product,02:33.2,Desktop,North,Referral,0,Yes,
7808,277cb349-898a-46e2-877e-335718fc08d6,Visit,01:29.6,Mobile,South,Referral,0,Yes,
7809,65355678-9fdf-4de6-b137-16cbac1d72f3,Visit,11:31.3,Mobile,South,Paid,0,Yes,
7810,ce20697c-c350-4103-8a63-9b6bf2747a73,Visit,09:33.3,Mobile,South,Organic,0,Yes,
7811,cc3464d2-5767-4006-a813-807aac18090a,Visit,14:50.2,Mobile,North,Referral,0,Yes,
7812,302dd2c7-ce2d-41f9-b070-5e93d8c75994,Visit,03:34.7,Desktop,North,Organic,0,Yes,
7813,7ddeff43-99ca-4ea4-8664-5efd68f083e6,Visit,10:04.8,Desktop,West,Paid,0,Yes,
7814,b817a842-c1da-4071-a024-02b84c1eeacb,Visit,45:29.7,Desktop,North,Referral,0,Yes,
7815,cf757ab9-958c-4860-8cdd-120bd62fe03c,Visit,49:08.6,Desktop,East,Paid,0,Yes,
7816,322ce8c8-323c-4a80-85c1-3a250d09cd20,Visit,29:07.8,Mobile,South,Referral,0,Yes,
7817,3fa88c4e-e1a9-41a7-aadd-1231178659e2,Visit,58:58.1,Mobile,East,Organic,0,Yes,
7818,12f581d2-f647-4fb9-a122-2c45ec537e71,Visit,41:33.5,Mobile,North,Referral,0,Yes,
7819,92ac383b-4ed5-437c-91a1-4bc8b18eb5e4,Visit,23:34.9,Mobile,South,Organic,0,Yes,
7820,cb5e518a-32ef-440c-9be5-bffcf4190a56,Purchase,09:17.4,Desktop,West,Organic,1245,No,No
7821,3618981d-f42c-417a-83d3-95deb8770958,Visit,18:38.9,Mobile,West,Organic,0,Yes,
7822,8bb2c742-0eae-4117-8878-badf14105ada,Visit,16:04.8,Mobile,East,Paid,0,Yes,
7823,19c45bbf-0d82-4c9d-ba18-5faa7f2640a9,Add to Cart,47:00.5,Desktop,South,Paid,0,Yes,
7824,20afc2ae-b0b6-48f9-9a31-786561a27458,Visit,24:46.5,Tablet,West,Organic,0,Yes,
7825,d7371cef-21c1-425f-9748-2042363738e3,Visit,09:25.3,Mobile,East,Paid,0,Yes,
7826,6112c16d-d74e-4a00-af49-e463300ead5e,Visit,47:22.4,Tablet,West,Paid,0,Yes,
7827,e8ec01b8-1b96-44c1-b9ed-d1b43e10af6d,View Product,16:00.3,Desktop,North,Paid,0,Yes,
7828,0f4899c6-9a87-4fa9-ad00-8317355bada7,Visit,24:38.2,Tablet,South,Paid,0,Yes,
7829,6965ce78-931e-4fcc-8b24-46923c5b5aa3,Visit,22:42.0,Desktop,East,Paid,0,Yes,
7830,970c582c-f54f-45ef-b4d5-08f05f63047b,View Product,59:42.0,Desktop,East,Paid,0,Yes,
7831,440b647c-99b2-4e75-8715-a1b78674bcea,View Product,02:04.2,Desktop,South,Referral,0,Yes,
7832,0eb2aaf6-d677-4a1d-8f46-3a645a9c6019,Visit,48:03.2,Desktop,South,Paid,0,Yes,
7833,ca5a777e-0972-48f5-9b5a-de67b2a981e7,Visit,28:07.4,Desktop,South,Organic,0,Yes,
7834,72b8a67d-39ea-4819-a188-efddef55f10d,Visit,24:36.8,Tablet,East,Referral,0,Yes,
7835,b5e207ef-c91c-46d4-b786-0a889edc7bb6,Visit,20:47.1,Mobile,East,Paid,0,Yes,
7836,e676fae5-870c-4bd5-9125-a180ff09ebc8,Visit,57:30.8,Mobile,South,Organic,0,Yes,
7837,8d59f195-c833-4162-8680-bbab589acdb5,Visit,58:13.1,Mobile,South,Referral,0,Yes,
7838,990e6c5f-a58b-4eac-93fb-18efa40fa6a0,Visit,01:06.9,Desktop,North,Referral,0,Yes,
7839,e5a57536-a803-49ec-a00d-6760d8be993d,Visit,48:38.8,Mobile,North,Referral,0,Yes,
7840,8c86fcd8-122e-4adb-a2f1-b682f77bdf6b,Visit,02:40.8,Tablet,South,Paid,0,Yes,
7841,727ce5a3-42a3-4272-9084-b6afb633a0ef,Visit,50:19.2,Mobile,North,Referral,0,Yes,
7842,6b04a1b4-ed15-4275-b5b5-932fa7ae3317,Visit,02:50.5,Tablet,East,Paid,0,Yes,
7843,e6f06dc7-0d42-4e37-8f69-bf7cea1d796d,Visit,10:12.1,Tablet,West,Referral,0,Yes,
7844,8db4030d-2f97-489d-bac5-1d6e3597afe1,Visit,13:56.3,Tablet,South,Organic,0,Yes,
7845,21787e47-398f-4a9f-9618-48d0c2ea263b,Visit,19:45.2,Mobile,West,Organic,0,Yes,
7846,68627649-96d9-42f4-bdb6-1dc4c7958553,Visit,13:03.1,Desktop,West,Referral,0,Yes,
7847,205117bd-4b84-49d0-8827-a296679cc8be,Visit,49:45.4,Tablet,West,Organic,0,Yes,
7848,c0eda475-3d90-432e-8963-935d330e5e33,Visit,52:46.2,Desktop,East,Referral,0,Yes,
7849,d67077eb-7b66-41af-8cf5-1bf72cc44cd7,Visit,36:13.5,Tablet,West,Referral,0,Yes,
7850,98bf648c-f1f5-4591-9304-b559b613f3e6,Visit,35:17.0,Tablet,South,Referral,0,Yes,
7851,1c7694a2-507b-401b-b24b-c82ae7ae60b7,Visit,40:02.8,Tablet,South,Organic,0,Yes,
7852,93da45c6-f624-433c-9675-258304d30eee,Visit,17:45.8,Mobile,West,Referral,0,Yes,
7853,063f121b-9f95-4389-b1fe-1ef774c471c5,Visit,28:15.0,Tablet,South,Referral,0,Yes,
7854,7d964691-7884-46f3-8342-aaa4a39db03b,Visit,53:12.9,Tablet,South,Paid,0,Yes,
7855,88c9d5db-0d12-4aa6-b72d-baf2af9a708c,Visit,53:13.5,Tablet,North,Organic,0,Yes,
7856,5dddb84e-c432-4d93-8977-72712dc137d2,Visit,13:34.9,Mobile,West,Referral,0,Yes,
7857,9c467057-5b4b-4f35-b7e1-582a05192202,Visit,53:05.8,Tablet,West,Referral,0,Yes,
7858,eb67bc64-c76d-407c-94e9-665e407d77a6,Visit,08:56.9,Desktop,East,Organic,0,Yes,
7859,155ac96c-64b6-4262-8ee9-3b3af0f6a0c9,Visit,42:01.7,Mobile,West,Referral,0,Yes,
7860,0c223300-9386-416b-8cbd-452a8e639723,Visit,23:59.2,Mobile,West,Referral,0,Yes,
7861,939a5534-c3c3-4e0b-9da9-1337f81f3c43,Visit,54:44.1,Tablet,East,Paid,0,Yes,
7862,06594e4b-4415-453c-8ba2-e8878d381abd,Visit,21:37.1,Tablet,South,Paid,0,Yes,
7863,e50c7cdd-00f3-4135-92d9-c13eca3d7a2a,Visit,24:00.3,Desktop,North,Organic,0,Yes,
7864,dfb0113c-a871-4432-8be8-4dfe9c8b483c,Visit,03:55.4,Tablet,South,Referral,0,Yes,
7865,29fd8927-60f4-4c2d-86ca-ce36922d7152,Visit,12:45.8,Tablet,North,Referral,0,Yes,
7866,5eda1835-d00a-467b-bcf9-04b414e5614f,Visit,41:25.6,Desktop,South,Organic,0,Yes,
7867,da5a6ba0-ca91-4303-b645-22b1154d8461,Visit,41:48.3,Tablet,North,Paid,0,Yes,
7868,84190c16-83f7-473c-ae64-c6792a546673,Visit,03:35.0,Tablet,East,Referral,0,Yes,
7869,7533884e-eba1-4535-a77f-17ba09dcca82,Visit,31:18.1,Tablet,South,Organic,0,Yes,
7870,a25987ce-55ed-4d5d-abcb-c6f25bb8e07f,Visit,23:07.6,Tablet,South,Referral,0,Yes,
7871,ce41743e-c9e1-4a66-8352-8ed24681b1a8,Visit,09:33.4,Tablet,West,Referral,0,Yes,
7872,17fa7c7f-18fc-4dde-8745-3da7d92c4006,Visit,05:14.0,Tablet,South,Paid,0,Yes,
7873,9aa4942a-995f-415e-920b-93485ca5d910,Visit,34:30.9,Desktop,West,Referral,0,Yes,
7874,a991ae54-08d1-42ec-b0e0-9c7132ecbba3,Visit,56:20.4,Tablet,East,Referral,0,Yes,
7875,04257864-abff-4918-9dc6-ce0103d64e26,Visit,11:27.8,Desktop,West,Paid,0,Yes,
7876,fcf43d1e-70e1-498a-bfb5-7e32f6b47a76,View Product,05:02.5,Desktop,North,Organic,0,Yes,
7877,b3b18490-3bc7-4b61-a869-be03a3a8553b,Visit,10:24.2,Tablet,West,Referral,0,Yes,
7878,b8f64ff3-53c7-4636-965d-50728fd5d849,Visit,12:05.8,Mobile,West,Organic,0,Yes,
7879,d286a406-6a9a-4009-90e0-f764747dcf4c,Visit,02:52.5,Tablet,East,Referral,0,Yes,
7880,7705673b-997d-442f-9421-11523b7968ca,Visit,14:33.7,Desktop,North,Referral,0,Yes,
7881,eb634fa5-0cf2-4096-9015-3f66a6ed89bb,Add to Cart,30:24.5,Mobile,East,Paid,0,Yes,
7882,8509ae42-3bf5-4d39-8645-6508be11c8ba,Visit,18:22.4,Desktop,South,Paid,0,Yes,
7883,d9534cf5-708c-4138-a027-5a345f5e6cd2,Visit,09:59.2,Tablet,South,Paid,0,Yes,
7884,72e82de5-3b15-4122-985a-949b4dc250ef,View Product,48:55.7,Mobile,East,Referral,0,Yes,
7885,9eba6f74-15b9-42fd-8257-1dcc28620ae4,Visit,47:33.9,Tablet,East,Organic,0,Yes,
7886,a6e3aee5-ddda-4b20-a295-d46b967abee9,Visit,16:11.4,Mobile,North,Paid,0,Yes,
7887,3b15cab6-e417-4381-99d5-0ec9f033d24b,Visit,51:40.7,Tablet,South,Referral,0,Yes,
7888,c11020a8-6eff-4e64-9385-3949327f7d64,Visit,15:18.9,Desktop,West,Organic,0,Yes,
7889,0398ee57-2638-4d10-afdb-842bd5e4aeca,Visit,36:16.6,Desktop,West,Paid,0,Yes,
7890,4904d20c-c591-4659-9dba-2f30bd78c24a,Visit,01:38.7,Desktop,South,Referral,0,Yes,
7891,b033297f-c136-49c9-949d-efeacb791d4f,Visit,25:06.7,Tablet,South,Paid,0,Yes,
7892,e50d10b1-6cf9-48f4-ba27-36e7fc1f5604,Visit,20:39.3,Desktop,South,Organic,0,Yes,
7893,8c8027d5-84cd-4397-8c99-d3da49021683,Visit,37:58.7,Desktop,South,Organic,0,Yes,
7894,98617427-355f-45db-a947-56285c91d583,View Product,54:47.9,Tablet,North,Organic,0,Yes,
7895,34d5d906-0332-4a68-a0c0-996ecb3acb33,Visit,35:18.5,Tablet,West,Organic,0,Yes,
7896,d964b810-337f-4175-91d2-7036080967ec,Visit,17:21.3,Tablet,South,Paid,0,Yes,
7897,ecc20f60-01b8-4bee-a342-81ac14702a72,Visit,56:51.6,Mobile,North,Paid,0,Yes,
7898,c834a126-ce27-49e6-8eb0-5384817ad2e2,Visit,07:07.6,Tablet,North,Referral,0,Yes,
7899,da43246f-baee-498b-87be-1bbb08de7c60,Visit,36:22.0,Tablet,North,Paid,0,Yes,
7900,618f9d3c-0294-4148-9a2e-30b0cc7b3a0e,Visit,21:18.4,Tablet,North,Referral,0,Yes,
7901,ae1bf45e-2b36-4989-b96c-ce01b2dc36b6,View Product,06:48.0,Tablet,South,Organic,0,Yes,
7902,d0692617-de95-48b1-b6c6-c66d85de3acd,Visit,05:32.8,Mobile,North,Referral,0,Yes,
7903,7a32ac24-36e7-4dd4-82ad-410bc3e9365b,View Product,41:52.0,Tablet,West,Referral,0,Yes,
7904,3cf6bd2c-07c2-42fd-a546-fe8d6815588d,View Product,08:07.6,Tablet,West,Referral,0,Yes,
7905,223671d2-f967-49fe-8174-f59f526aaaa2,Visit,41:28.6,Mobile,East,Organic,0,Yes,
7906,6ef8c844-2489-488e-8b44-e85780cd2d27,Visit,50:20.8,Mobile,South,Paid,0,Yes,
7907,e8164b31-1a4a-4354-ad89-d429b9e67900,Visit,33:28.1,Tablet,North,Referral,0,Yes,
7908,ddbfb8ec-d2b8-4021-9a08-a271aa136e59,Visit,18:16.2,Mobile,West,Paid,0,Yes,
7909,5e158fe7-4152-419a-ae70-d79f910eeb7a,Visit,40:00.9,Desktop,North,Referral,0,Yes,
7910,5dced904-8551-4d3f-94d9-5ca02618649f,Visit,30:32.6,Desktop,North,Paid,0,Yes,
7911,945a34e1-6a69-4fa7-8af4-09883fc4b818,Visit,30:57.7,Tablet,South,Organic,0,Yes,
7912,59497046-0ee7-4a0b-ae13-2455b7e7a4f4,Visit,00:06.3,Mobile,East,Paid,0,Yes,
7913,58dc1919-06b0-421b-8e19-a46079ae73d8,Visit,03:32.0,Tablet,North,Referral,0,Yes,
7914,b6552bab-94c3-4769-8db3-a6bcff4af634,View Product,52:31.2,Tablet,West,Organic,0,Yes,
7915,1c92bebe-b9d6-4826-8426-d6ffca188b69,Visit,14:23.3,Mobile,East,Referral,0,Yes,
7916,ba2dc747-a9e3-45d0-bb95-d19b2b8bb2c9,Visit,45:59.9,Mobile,South,Organic,0,Yes,
7917,a408fcfc-194b-4ea6-8d2f-2d4611c1b99e,View Product,44:14.1,Tablet,North,Paid,0,Yes,
7918,5b8e5c18-5860-4b48-a169-73e9668ae1a9,Visit,37:44.2,Mobile,North,Organic,0,Yes,
7919,cf9fdbc3-a2ca-407d-b856-2bfef2e93f0e,View Product,37:04.8,Mobile,West,Referral,0,Yes,
7920,9a5ad042-71e0-44d0-8c3d-3f456d254a73,Visit,15:19.5,Mobile,South,Paid,0,Yes,
7921,dd78921a-0809-4538-80c4-5dc5e5ad1bdc,Visit,29:15.9,Mobile,East,Organic,0,Yes,
7922,55bb97f2-85e3-4b50-ac29-48b099cd6af1,Visit,30:04.4,Desktop,South,Paid,0,Yes,
7923,f7dc9500-c5da-43e4-925c-9e69c7adfb62,Visit,27:54.0,Mobile,East,Referral,0,Yes,
7924,35cb10b9-63c1-4b43-8c4a-9edfe7cb9db7,Visit,09:42.4,Tablet,South,Organic,0,Yes,
7925,c6394ca5-5755-4fab-8e07-5b7d7d4b58b2,Visit,06:46.8,Desktop,North,Referral,0,Yes,
7926,bc006eb3-519f-4a95-9fba-c322b4b374a4,View Product,27:22.7,Mobile,West,Referral,0,Yes,
7927,89cc6493-ca8e-463c-b6d1-76dda7c6ffba,Visit,00:07.0,Mobile,East,Organic,0,Yes,
7928,b78d4c53-a15f-4951-aad8-47a8660f63a0,Visit,07:33.1,Desktop,West,Paid,0,Yes,
7929,1dfbf9ad-0bf5-4ed6-a922-ba5219059244,Visit,24:04.4,Mobile,South,Referral,0,Yes,
7930,0cd50c21-6126-456f-a398-c805d6959653,Add to Cart,58:05.4,Desktop,North,Organic,0,Yes,
7931,d1b0f1f3-909c-4dd3-969f-7f118b3c7414,Visit,15:53.9,Tablet,East,Paid,0,Yes,
7932,cf838d0f-cce2-490d-a321-d18930b811bc,Visit,02:58.6,Desktop,North,Paid,0,Yes,
7933,e7ac1ed1-c547-4732-ad47-94b04181729a,Visit,21:09.9,Desktop,North,Referral,0,Yes,
7934,b5a9d537-cb0e-4ef4-b6d0-14099c0e55aa,View Product,53:37.0,Tablet,South,Paid,0,Yes,
7935,120d506b-7b1a-4da9-91c7-f7bd47a47c2c,Visit,56:53.7,Mobile,West,Paid,0,Yes,
7936,24a9cc3e-171c-4388-a509-49a4e3b4295f,Visit,09:10.6,Mobile,East,Paid,0,Yes,
7937,27df468f-06c6-49ba-aac5-e895f58d7f2f,View Product,25:47.7,Tablet,South,Paid,0,Yes,
7938,27e44363-750a-44fd-8091-c23843bf00cb,Visit,32:56.7,Desktop,North,Organic,0,Yes,
7939,e5eccf86-bb0d-4190-86c4-047c1ca871cd,Visit,53:05.1,Mobile,South,Paid,0,Yes,
7940,592a170b-3579-47a6-afc3-4126a454786d,View Product,07:04.0,Tablet,East,Organic,0,Yes,
7941,52616490-9e51-49d4-a10f-d019839f0c82,Visit,05:11.2,Tablet,North,Referral,0,Yes,
7942,46f5b6ae-db79-4188-9041-3033c9b29ab1,Visit,58:07.6,Tablet,West,Paid,0,Yes,
7943,3b28de64-0fab-495a-a260-da800330127f,Visit,40:43.4,Desktop,North,Organic,0,Yes,
7944,c9a68a8b-bdb2-4a63-998f-19aecc5b1b0f,Visit,32:35.4,Desktop,East,Referral,0,Yes,
7945,339b3201-bc17-4faf-8e68-a6f8ab0d6006,Visit,12:12.7,Mobile,East,Paid,0,Yes,
7946,43489b07-8e02-4cf9-b48b-8c7c7427b312,Visit,44:35.6,Tablet,East,Organic,0,Yes,
7947,ce6fb4d0-2229-4615-8c9f-30d31808e89b,Visit,07:08.3,Mobile,South,Organic,0,Yes,
7948,db304a45-5c1c-4140-a426-00def14974a2,Visit,48:45.6,Tablet,West,Referral,0,Yes,
7949,9678ba69-0fea-4d41-8094-672f0638acd9,Visit,42:10.4,Mobile,South,Organic,0,Yes,
7950,20dcdb40-d061-452d-936c-73014260065d,Visit,56:55.4,Tablet,West,Referral,0,Yes,
7951,b961fd4f-acd6-438f-9574-d7323ec765d8,Visit,37:53.9,Mobile,West,Organic,0,Yes,
7952,e8ff58e3-70d5-44e5-a2ee-910effbb03fc,Visit,54:15.8,Tablet,North,Referral,0,Yes,
7953,dd4695ce-3fe7-4a98-aeba-9fc611b19236,Add to Cart,01:14.7,Desktop,South,Referral,0,Yes,
7954,05d91b80-7382-4cbd-8495-e632b0942ade,View Product,21:26.7,Mobile,East,Referral,0,Yes,
7955,117f0f5d-3261-4830-ade7-b8cf038ed0b2,View Product,09:49.0,Mobile,North,Organic,0,Yes,
7956,3a7c691b-c268-43b0-91fa-e67d64811a55,Visit,02:53.4,Desktop,North,Paid,0,Yes,
7957,e8d54412-c1a2-41cf-bb39-7d370e192729,Visit,35:43.3,Mobile,West,Organic,0,Yes,
7958,a4214908-8e3e-44a1-91dc-2436f63341fc,Visit,42:37.3,Mobile,South,Paid,0,Yes,
7959,2228d8be-d49b-469f-a76a-ea918df11c1d,Add to Cart,25:49.0,Mobile,East,Organic,0,Yes,
7960,6c791ed1-3afc-42b6-9d92-438a789c01c2,Visit,42:44.1,Desktop,South,Referral,0,Yes,
7961,2e95156f-acb9-4cb3-9bac-d14a7dc84be5,Visit,39:07.5,Tablet,West,Referral,0,Yes,
7962,7c028a6a-ba6a-4806-8d99-d48f3ab8a698,View Product,19:11.0,Mobile,South,Paid,0,Yes,
7963,6dc8a787-8e6a-442c-86f5-e7a41cde2ec2,Visit,25:18.4,Tablet,South,Paid,0,Yes,
7964,f2a71391-7199-45d1-8203-097eda72bd5b,Visit,39:24.8,Mobile,North,Referral,0,Yes,
7965,951eb642-1c7a-48de-ab89-e5c0c187312f,Visit,20:51.8,Desktop,East,Referral,0,Yes,
7966,51984207-0c96-403b-a7c6-9be279e22f91,Visit,39:20.3,Desktop,North,Paid,0,Yes,
7967,c10fbba8-f587-41b4-b234-8062fd4e258d,Visit,52:10.6,Mobile,North,Paid,0,Yes,
7968,9655fcc4-cbae-4fde-ab75-f96c6b7f84be,Visit,05:19.2,Mobile,North,Organic,0,Yes,
7969,14127c0c-47f5-4487-8b7d-a06afee69e84,Visit,21:21.9,Tablet,West,Referral,0,Yes,
7970,74c1fc35-0704-482f-89f4-e07d21b8c123,Visit,41:30.9,Desktop,South,Paid,0,Yes,
7971,ae9ae5b9-af56-4ff4-8e56-9ce5266f41ea,Visit,21:40.5,Tablet,West,Organic,0,Yes,
7972,d95a9aca-e434-4691-89fa-68a0257ffb5b,Visit,15:40.6,Tablet,North,Organic,0,Yes,
7973,a6cbcc52-0a74-4c74-865a-951e0874aaea,Visit,03:11.2,Tablet,North,Organic,0,Yes,
7974,f7d986ad-05ab-47d2-b799-8e3a7b568833,View Product,35:13.7,Mobile,South,Organic,0,Yes,
7975,c35ce01b-f79e-48c8-b251-bd101c87bb86,View Product,09:32.8,Tablet,West,Organic,0,Yes,
7976,de714321-51ab-4270-836e-3cd49d7466fa,Visit,46:17.0,Desktop,East,Paid,0,Yes,
7977,dc055122-37fe-4283-910a-78d5808e7bc2,Visit,25:45.8,Tablet,East,Referral,0,Yes,
7978,4cfd9dba-c9c6-4d28-b00d-1a97068b3b10,Visit,30:15.9,Desktop,South,Paid,0,Yes,
7979,39a82ac8-a578-4ca0-8ae8-d980a552d1b6,View Product,46:30.0,Mobile,South,Organic,0,Yes,
7980,6ea2cc5e-2bd7-4437-8375-a9d245eed077,Visit,28:33.5,Desktop,East,Paid,0,Yes,
7981,c092618c-dc40-4bc9-bbd4-7a8da960160c,Visit,21:22.5,Desktop,West,Referral,0,Yes,
7982,06d6d408-a534-40c8-bd37-67a8170f2cf5,Visit,38:34.0,Mobile,South,Organic,0,Yes,
7983,f851bee6-cf19-4cb2-a30e-f1b795b259e9,Visit,27:15.5,Desktop,West,Paid,0,Yes,
7984,45ac1fb2-bbac-44c3-ab27-fdc1ffd73006,View Product,06:15.2,Mobile,North,Paid,0,Yes,
7985,ba457127-985b-46a3-87a8-d6200ecfdd36,Visit,36:03.2,Tablet,East,Organic,0,Yes,
7986,5d16820e-c401-4f40-b6e7-531c47a74b7b,Visit,25:21.9,Mobile,North,Organic,0,Yes,
7987,79afc9d5-6363-423f-94fa-41c89a9518b8,Visit,45:35.7,Desktop,North,Paid,0,Yes,
7988,e2509512-2efd-45a7-8517-9b0a0a5fc002,Visit,18:59.9,Desktop,North,Organic,0,Yes,
7989,4766140f-fad2-4d4e-984e-41a0935ef91d,Visit,44:28.6,Tablet,West,Paid,0,Yes,
7990,d9cc9621-8433-453e-87ff-2a8438e7786b,Visit,50:28.0,Desktop,East,Referral,0,Yes,
7991,3938dd5d-2737-40e2-8d4f-227099f0fe03,Visit,22:15.5,Tablet,North,Paid,0,Yes,
7992,c87e8e92-42ff-4e76-8696-629cbc6d1ed8,Visit,24:25.7,Tablet,West,Referral,0,Yes,
7993,dc48cc72-a532-4c1f-98a7-8807fc8d363b,Visit,58:22.3,Desktop,South,Referral,0,Yes,
7994,478dedee-3c40-4cbb-a512-b9f9cf7f0d3a,Visit,30:13.1,Desktop,North,Referral,0,Yes,
7995,174ad153-6687-4cb6-97a2-d98d6af3402a,Visit,24:47.3,Desktop,North,Referral,0,Yes,
7996,51265223-e4d1-414d-8b0a-14897b937e5b,Visit,42:04.1,Desktop,West,Referral,0,Yes,
7997,e24bd6ab-384d-411d-87d4-4a1efcb4f451,Visit,38:13.5,Mobile,North,Paid,0,Yes,
7998,e60a0572-a70c-48d3-955f-e95116202e53,Visit,55:45.4,Mobile,North,Paid,0,Yes,
7999,b3a960c5-f793-45f7-b2bb-776126361e4a,Visit,03:34.5,Mobile,South,Paid,0,Yes,
8000,c421119c-7715-4a82-bcb8-12ae793f164e,Visit,46:17.4,Tablet,West,Referral,0,Yes,
8001,346852e9-b5b2-4af8-bda4-1d1fa3fbc759,Visit,26:42.7,Mobile,South,Organic,0,Yes,
8002,8d8b4558-4852-4930-9559-d016f6431c7a,Visit,55:44.2,Mobile,North,Paid,0,Yes,
8003,47c2bbcd-c94d-40a0-8a3e-0f9e144e3752,Visit,37:49.5,Mobile,East,Paid,0,Yes,
8004,afd273c9-3335-488a-bfdd-955fbe927723,Visit,42:31.0,Desktop,East,Paid,0,Yes,
8005,3e65aeca-3c84-4f26-8f95-37921c691a11,View Product,39:01.8,Desktop,East,Referral,0,Yes,
8006,a833c05e-6f70-4acb-be5c-8d61710e2a55,Visit,24:43.6,Mobile,West,Organic,0,Yes,
8007,63922627-8e0c-4e96-9a0f-3a8f9594ba49,Visit,29:16.8,Desktop,South,Organic,0,Yes,
8008,10a4464b-f306-408c-a36c-89f305dad598,Visit,59:57.5,Mobile,East,Referral,0,Yes,
8009,7a6167ea-0e4e-44e3-80bb-235575aca87a,View Product,02:24.0,Desktop,East,Organic,0,Yes,
8010,52e517a7-576a-4c3b-a9ee-89786a84c1f5,Visit,19:56.1,Mobile,East,Paid,0,Yes,
8011,58204701-a955-4a2f-bf90-ca6ea0f423d0,Visit,44:06.0,Desktop,West,Organic,0,Yes,
8012,5f4f9f8f-515b-4d45-afa6-0ed6ecd1c651,Visit,15:28.8,Tablet,East,Referral,0,Yes,
8013,d73ff0d0-9ea3-469c-a8fe-a6773a9c1cab,View Product,44:05.2,Tablet,West,Paid,0,Yes,
8014,f2f2b6f0-c4ee-4a34-b5ee-08dd44f22131,Visit,17:14.6,Mobile,East,Paid,0,Yes,
8015,18f7c77e-0052-4645-bdd7-6fd71ef0f6b8,Visit,05:07.2,Desktop,East,Organic,0,Yes,
8016,42fdb677-d6d3-4872-9cdc-f57e443d097a,View Product,40:27.5,Tablet,East,Paid,0,Yes,
8017,5a3340a4-2085-4294-9c65-96fc8322a4c8,Visit,13:02.8,Tablet,North,Paid,0,Yes,
8018,14ae31a4-5f5a-4bf6-b822-0da6a3afea45,Visit,01:54.7,Tablet,West,Organic,0,Yes,
8019,88cdcf87-720d-4566-894f-a163e09dbf6d,Visit,45:50.1,Mobile,West,Referral,0,Yes,
8020,94dcd827-38cb-4e69-a3c8-83eacb150556,Visit,21:09.1,Tablet,East,Referral,0,Yes,
8021,9452e0dc-3987-4ca5-b894-156200027732,Visit,24:24.5,Mobile,East,Organic,0,Yes,
8022,833e8017-9d02-456d-be8a-7f220aed14aa,Visit,59:42.1,Tablet,North,Paid,0,Yes,
8023,d749605c-ffa6-4804-87f5-14ef29f46acb,Visit,22:45.1,Tablet,West,Paid,0,Yes,
8024,1b03239a-06be-4a8e-8654-cec8692c0702,Visit,28:33.7,Tablet,South,Organic,0,Yes,
8025,97db4171-9fa5-46bc-840b-94f81428e74f,Visit,49:57.4,Tablet,West,Organic,0,Yes,
8026,581cd394-278f-4562-baae-5da720f8a265,View Product,44:47.1,Tablet,North,Referral,0,Yes,
8027,9a23d95e-7ecf-43de-80d3-c607a2a0daad,Visit,56:43.5,Mobile,North,Paid,0,Yes,
8028,5720cba5-ebcb-4485-bb18-82a42d510f89,Visit,38:24.0,Mobile,North,Referral,0,Yes,
8029,8aac8df4-646e-4c5d-85e2-50e8e3e380a5,Visit,51:34.4,Tablet,West,Organic,0,Yes,
8030,63d8455a-f602-4d14-a2fe-358fbc5dca01,Visit,42:48.7,Mobile,North,Referral,0,Yes,
8031,1e3589b6-058e-4173-8c80-b1fc595298c7,Visit,24:01.4,Desktop,East,Referral,0,Yes,
8032,d6479f6e-0df0-46e0-bf89-a003be29f438,Visit,23:29.5,Desktop,North,Referral,0,Yes,
8033,21960375-4a69-4db2-8eb0-0d2760d7a0dd,Visit,47:54.2,Desktop,West,Paid,0,Yes,
8034,409f3298-654b-4db2-8016-22265e9e595d,Visit,23:58.9,Mobile,South,Organic,0,Yes,
8035,2185847e-edce-4245-9c24-b9fdc47cfa2f,Visit,46:03.9,Desktop,East,Organic,0,Yes,
8036,e7366b24-6b97-45eb-ac75-7f1e73ed5c1d,Visit,47:10.2,Tablet,West,Organic,0,Yes,
8037,e4800ab7-ee33-48be-8ce8-48d82e92efdb,Visit,31:03.6,Tablet,South,Referral,0,Yes,
8038,8d630ae0-0cda-4acc-9e4d-130fcdf75f63,Visit,23:01.0,Desktop,East,Organic,0,Yes,
8039,4adb615b-89d1-4aba-8949-90f8cfc69961,Visit,59:05.2,Mobile,North,Paid,0,Yes,
8040,9664619f-abe2-4b48-a302-144abd2386b2,Visit,10:56.8,Mobile,North,Referral,0,Yes,
8041,ac6cbeec-ffb3-4e6d-b57b-1e21ccf21b76,Visit,00:25.0,Mobile,West,Paid,0,Yes,
8042,440f59bd-95d9-49cf-83c0-80e1caa8440c,Visit,51:01.2,Desktop,West,Organic,0,Yes,
8043,1fe1051f-e619-4ba2-9964-95375249b60a,Add to Cart,20:58.1,Mobile,North,Organic,0,Yes,
8044,70362caf-94a9-4ad1-9f55-42f7eecdd4e7,Visit,51:06.0,Mobile,East,Referral,0,Yes,
8045,cb9fa7b3-3f2d-4c45-9a06-24b48de90a92,Visit,14:43.5,Mobile,East,Referral,0,Yes,
8046,30a05636-0caa-4601-8878-9d31331c0f3e,Visit,57:52.0,Mobile,South,Paid,0,Yes,
8047,ca565224-9e23-4a64-821d-5eafc8208136,Visit,36:27.8,Tablet,East,Paid,0,Yes,
8048,76338a1a-e6e4-4e56-98f5-01d2c01d90eb,View Product,03:45.6,Mobile,West,Referral,0,Yes,
8049,e9928c4a-a891-48d7-8f29-fe2c985324e6,Visit,13:47.7,Mobile,North,Organic,0,Yes,
8050,7e7f2234-17ec-4d0d-b2e4-ee569c069711,Visit,46:23.9,Tablet,East,Referral,0,Yes,
8051,e52499c9-4ef0-45c6-a56f-efa90393a51f,Visit,28:04.4,Mobile,East,Referral,0,Yes,
8052,b6b3615d-2bc7-4bf0-8b1e-6e62c985bba5,View Product,22:32.7,Desktop,South,Referral,0,Yes,
8053,b3787ba5-fe8c-4cdb-8141-dd9c05c522d6,Visit,38:34.5,Mobile,East,Referral,0,Yes,
8054,c431ae89-bbfe-4c4c-80de-482b4906a765,View Product,01:47.0,Mobile,East,Organic,0,Yes,
8055,a93d79f7-a2ee-42d8-9dbf-e04e16bee4bd,Visit,27:14.9,Desktop,South,Organic,0,Yes,
8056,ab15428d-307c-4cfe-9391-cde563d232c0,Visit,29:47.3,Tablet,East,Paid,0,Yes,
8057,6062d556-1234-48ff-9e4e-e4863fb2d6e8,Visit,35:50.1,Mobile,East,Paid,0,Yes,
8058,28975993-e1d8-40d4-a010-8878ce70f386,Visit,53:22.6,Tablet,West,Paid,0,Yes,
8059,9c5a956a-2a27-4a40-a38f-f0732bb2adf0,Visit,04:54.6,Tablet,South,Referral,0,Yes,
8060,835fb8ed-2529-4b50-abd1-2485de9f1ee6,Visit,01:36.2,Desktop,North,Referral,0,Yes,
8061,ad136132-51ff-426b-bfae-7915d95dcef9,Visit,22:47.2,Tablet,South,Paid,0,Yes,
8062,dd81d5e1-510b-4118-a940-db661da2f855,Visit,00:03.2,Mobile,East,Organic,0,Yes,
8063,2dd34584-96f2-4421-907c-b0d6de5e8b08,Visit,38:52.7,Mobile,North,Paid,0,Yes,
8064,34cf64dc-fbd6-4d08-8f4c-2c5fef199e74,Visit,30:19.5,Desktop,East,Organic,0,Yes,
8065,2e3363e9-d61b-45b5-99b6-8c8e4815efa6,Visit,25:05.4,Desktop,West,Referral,0,Yes,
8066,4c591925-40c9-4c6a-b74b-65eb1ec40867,Visit,27:22.9,Mobile,East,Paid,0,Yes,
8067,2404356c-b947-4234-87ae-72f64cb495f1,Visit,56:13.2,Mobile,East,Organic,0,Yes,
8068,60dd9e5f-0d9a-401f-952e-c18d9b00f28f,Visit,10:32.2,Desktop,West,Paid,0,Yes,
8069,868449b8-cf94-4055-88ae-08925aa9ee2e,Visit,59:09.9,Desktop,North,Organic,0,Yes,
8070,def0a5c7-da14-4a43-af56-f246b596df4d,Visit,20:17.3,Mobile,South,Paid,0,Yes,
8071,58b8de21-4244-43fd-888a-5b69987e9a6a,Visit,56:02.0,Mobile,North,Referral,0,Yes,
8072,e8456766-5d04-485f-b83b-9934902f46f9,Visit,52:23.6,Desktop,West,Referral,0,Yes,
8073,598121bc-6b89-4f30-88cf-807160089fa5,Visit,01:22.3,Desktop,North,Organic,0,Yes,
8074,fe41a47b-357f-4e74-8956-282cd320f482,Visit,53:51.6,Tablet,South,Organic,0,Yes,
8075,ca607244-a722-4890-be18-16e41b656683,Visit,59:02.4,Mobile,West,Paid,0,Yes,
8076,f588a50f-93ce-4b4c-97cf-e6c7dec0fe8a,Visit,21:27.7,Tablet,North,Referral,0,Yes,
8077,41d8b56b-ed36-4250-91f9-5b8429f4ca93,Visit,01:44.7,Desktop,South,Paid,0,Yes,
8078,21a64b8a-a161-407a-940c-8ea6914c417e,Visit,45:13.7,Tablet,North,Paid,0,Yes,
8079,220ae5ad-91cb-48e3-9a12-b91b6c42b9ad,Visit,29:14.6,Tablet,East,Referral,0,Yes,
8080,fb1ba892-4e95-494c-b2c8-3f86073b4351,Visit,46:24.8,Tablet,East,Referral,0,Yes,
8081,9e356990-1434-4972-8a49-2a084a89670e,View Product,58:21.1,Desktop,West,Organic,0,Yes,
8082,df25b0d1-1043-42b0-a173-81026af1049d,Visit,24:26.0,Desktop,South,Referral,0,Yes,
8083,010395d2-f5a4-47a5-8cc4-77c077042ee9,Visit,27:26.7,Tablet,North,Organic,0,Yes,
8084,a1e16601-d3ab-4dc6-ab0c-cd404e2eccaa,Visit,34:52.0,Desktop,North,Paid,0,Yes,
8085,586e8f92-f520-4864-ae1d-9447ab7c9782,Visit,16:30.3,Tablet,West,Referral,0,Yes,
8086,c661e2a4-f952-4b15-a0f2-b718f2424304,Visit,14:52.0,Mobile,West,Organic,0,Yes,
8087,abc7442f-dde6-4dae-809d-15279c8e0e36,Visit,02:45.7,Tablet,South,Paid,0,Yes,
8088,1e1c3941-7f10-440a-b5a7-5dc219c77f1a,View Product,49:31.4,Mobile,East,Organic,0,Yes,
8089,5692d0d6-f0f6-4baf-aef7-25945f6c0705,Visit,27:26.1,Mobile,East,Referral,0,Yes,
8090,2febe909-0857-41c8-b252-3ffc26dedb00,Visit,15:43.2,Desktop,South,Organic,0,Yes,
8091,4ee3d04b-d5fd-4112-88d6-4dfe59d9f441,Visit,06:42.9,Tablet,West,Organic,0,Yes,
8092,87fa6864-a2d5-453a-b7ae-545423aeb410,Visit,17:42.0,Tablet,West,Referral,0,Yes,
8093,872fc5de-e17b-4c8d-a64b-ee8cfef37acd,Visit,53:34.8,Tablet,East,Paid,0,Yes,
8094,2cfb9fd2-2c00-42a8-a491-5f5c732fd1fe,Visit,49:18.1,Mobile,West,Paid,0,Yes,
8095,5120e62c-b00d-494d-aa5c-fbb225313208,Visit,47:13.3,Mobile,South,Referral,0,Yes,
8096,6ff9c069-c523-4df8-9535-72cba14030b9,Visit,53:18.2,Tablet,East,Paid,0,Yes,
8097,5b41e9fc-d14c-439f-a0dd-cbde74a8e664,Visit,00:36.7,Tablet,North,Paid,0,Yes,
8098,94e4c866-39b2-4910-bac6-30f780dd7358,View Product,50:52.9,Mobile,East,Paid,0,Yes,
8099,2f3fc821-8cb9-4611-a9e6-366fa1d439f9,Visit,28:44.0,Desktop,West,Organic,0,Yes,
8100,620a325b-efca-42c6-81c2-881f318a3bf8,Visit,04:15.2,Mobile,South,Paid,0,Yes,
8101,6a3cddaa-68c7-4ad4-adaf-9cf18aecf347,Visit,15:24.7,Tablet,North,Referral,0,Yes,
8102,43843272-9274-4f0a-8d7c-c42a4710e9cb,Visit,52:18.2,Tablet,South,Organic,0,Yes,
8103,22081bc1-e3a4-4f5b-bc34-a7f75a8fa52e,Add to Cart,11:36.2,Desktop,East,Paid,0,Yes,
8104,abf164a2-4eeb-498a-a285-fbd3102d22f2,View Product,14:51.8,Desktop,West,Organic,0,Yes,
8105,19283d5a-c346-4f85-b3ac-530dde31502a,Visit,40:18.7,Desktop,East,Paid,0,Yes,
8106,6d2e4810-79c4-4784-8c00-64ebc12dab64,Visit,28:55.3,Tablet,North,Referral,0,Yes,
8107,db209889-c74d-44dd-8cf9-507e292f423a,View Product,08:39.6,Desktop,East,Referral,0,Yes,
8108,4405c69c-f501-4b2c-be40-3dfc493ddbc1,Visit,40:06.8,Desktop,East,Organic,0,Yes,
8109,4a67b116-f4f6-415b-a1c0-a796368a365b,Visit,05:35.8,Desktop,North,Referral,0,Yes,
8110,21ca0da4-d135-4dda-86f9-33eb2440f2d1,Visit,11:46.6,Tablet,North,Referral,0,Yes,
8111,926ad2e1-013d-4d7b-9ea8-19b298dcf63a,Visit,02:57.2,Mobile,West,Paid,0,Yes,
8112,824f19ac-ed4b-4908-874f-bd9e3c57e0b1,Visit,45:16.1,Mobile,West,Referral,0,Yes,
8113,3aaebad5-1406-45e4-a136-83e46b0e2b95,View Product,52:59.7,Tablet,East,Paid,0,Yes,
8114,8d87b8b3-5420-4c23-9ff1-acf3f8c0fc45,Visit,46:25.1,Mobile,North,Referral,0,Yes,
8115,cecd8d37-e457-4185-996f-feb251e6ac8f,Visit,04:32.0,Tablet,North,Referral,0,Yes,
8116,35f22774-93ae-4626-9abd-5b8dd59d04d4,Visit,21:17.4,Desktop,South,Referral,0,Yes,
8117,509526bf-83ef-4fd2-a82f-730077cfec48,Visit,46:29.5,Mobile,North,Organic,0,Yes,
8118,3629651b-5ac1-44c2-bf96-dc022bc67a96,Visit,21:14.8,Tablet,South,Organic,0,Yes,
8119,b6f91efb-7bae-4097-96b1-0ebb654a8119,Visit,20:41.7,Mobile,North,Paid,0,Yes,
8120,5b0fcfda-bc43-4b6c-b07e-9895093dca75,Visit,44:31.9,Mobile,North,Referral,0,Yes,
8121,61e04eba-b98a-48e4-974e-324c7b6836d0,Visit,00:01.7,Mobile,West,Paid,0,Yes,
8122,f14f8f6a-335f-4929-a9a4-cd5594735781,Visit,47:31.1,Desktop,South,Organic,0,Yes,
8123,03b7ebbe-d898-413c-9282-c9774189df73,Add to Cart,51:42.8,Mobile,West,Organic,0,Yes,
8124,d9e14be7-6239-413a-aef3-f21063309e64,Visit,58:06.3,Desktop,North,Organic,0,Yes,
8125,bf6c7622-dc66-4b23-b21b-137a14844442,Visit,49:23.5,Tablet,West,Paid,0,Yes,
8126,a1a7516b-b188-4381-90af-42fa98d5ab97,Visit,52:48.8,Mobile,East,Paid,0,Yes,
8127,e73cf82f-c85f-4c22-af94-eec122de1dde,Visit,37:07.6,Tablet,West,Organic,0,Yes,
8128,8e1cec99-c5ae-45b5-bdaa-a96702c0fc7f,Visit,10:34.7,Desktop,South,Organic,0,Yes,
8129,f71dc24f-e568-4c63-8ba5-2627e7901d1b,Visit,03:29.1,Tablet,East,Referral,0,Yes,
8130,97e50244-4ea8-4c39-9b0f-4005166814a3,View Product,22:50.8,Mobile,West,Referral,0,Yes,
8131,e35aac02-abf1-4482-ad08-65ae80c620f6,Visit,38:54.0,Desktop,West,Paid,0,Yes,
8132,22449cd2-9f40-454a-a2bd-86b586e8ec3a,Visit,26:23.4,Tablet,East,Organic,0,Yes,
8133,8ed35636-f101-4c4b-876c-a2ff5c018aed,Visit,09:30.3,Tablet,West,Organic,0,Yes,
8134,2b95aeed-52a9-4da2-8030-a4bfdac41baf,Visit,39:06.2,Tablet,North,Referral,0,Yes,
8135,712639be-112d-40ba-8e3f-e04bc11f6a89,Visit,59:03.5,Desktop,West,Paid,0,Yes,
8136,ad193e07-7e00-4a60-8647-5923629f4c18,View Product,12:24.2,Mobile,North,Referral,0,Yes,
8137,a51af05e-67ed-4ed4-9787-174a0843ccca,Visit,01:50.4,Desktop,West,Organic,0,Yes,
8138,ae7ae5d2-58a0-406e-91ff-173bbc866bd6,Visit,43:10.3,Tablet,West,Paid,0,Yes,
8139,d107bc5d-3d81-4b8a-bcdf-66c9f9a2eb88,Visit,42:51.2,Desktop,North,Organic,0,Yes,
8140,b0464df9-38a7-4d8e-b0e3-54e1900e79b7,Visit,39:39.5,Tablet,North,Paid,0,Yes,
8141,a00d6b28-ac2d-4443-b279-0e3571bd0cad,Visit,27:15.9,Mobile,North,Referral,0,Yes,
8142,2515c658-fb61-4d13-84d7-b631899e765b,View Product,08:45.4,Mobile,South,Organic,0,Yes,
8143,a216ce1e-356b-43b5-b34a-1b289a50b0a7,Visit,14:10.0,Tablet,North,Referral,0,Yes,
8144,59db7223-5dd2-42e5-9cb9-2203cf736af2,Visit,41:27.4,Mobile,West,Paid,0,Yes,
8145,8866e296-1ec4-4b82-9e2c-1a054d99bc59,Visit,50:12.8,Desktop,North,Referral,0,Yes,
8146,448d6066-61e5-463b-bde3-830861947e41,Visit,34:48.9,Tablet,North,Organic,0,Yes,
8147,0e135f85-f561-432d-85f3-dd08098c70fb,Visit,05:25.7,Mobile,South,Organic,0,Yes,
8148,60ab0515-3abe-4ee1-8b80-65039c943a28,Visit,15:57.0,Tablet,South,Organic,0,Yes,
8149,54931ef4-d808-4fd3-805d-d02deca1ec23,Visit,39:41.4,Desktop,North,Organic,0,Yes,
8150,4f2ba79a-b0d7-48cc-aa61-7fdec7976eb6,Visit,00:31.1,Tablet,West,Organic,0,Yes,
8151,3a23d3a5-fcae-4204-bd9c-30740db5ca99,View Product,24:37.5,Mobile,East,Organic,0,Yes,
8152,c99330e9-7cd4-4fe5-afbc-2dba617d942e,Visit,49:34.8,Mobile,East,Paid,0,Yes,
8153,c6d8ad53-37ed-41e8-a873-8f35d3b85374,View Product,11:44.8,Tablet,West,Organic,0,Yes,
8154,d25e6ee6-e527-4554-ae90-3ddb6701c91c,Visit,25:38.2,Desktop,East,Paid,0,Yes,
8155,f126a6b1-c180-47f3-9d5c-4a8a655cafa5,View Product,11:08.7,Mobile,West,Referral,0,Yes,
8156,f8ea737a-5e51-4074-a6aa-0b182e3d0a33,Visit,57:11.6,Desktop,North,Referral,0,Yes,
8157,f206de82-8609-45ba-b8dc-d5f7b88d779b,Visit,27:12.9,Desktop,East,Paid,0,Yes,
8158,06fddd47-f483-4ff2-92e7-f015978ea867,Visit,48:44.1,Tablet,South,Paid,0,Yes,
8159,9018462c-abc5-4ca6-9c80-a11e7ca64e2f,Visit,33:39.0,Desktop,North,Paid,0,Yes,
8160,0e235a9f-cf40-4184-96f6-e53a9d4e64af,Visit,28:52.7,Tablet,West,Referral,0,Yes,
8161,40d9cd55-9b75-4aa9-bb4b-2638f808f71f,Visit,11:50.3,Tablet,North,Organic,0,Yes,
8162,c6fe13c9-54d8-49bb-af18-63ead1de98e5,View Product,54:57.1,Mobile,East,Paid,0,Yes,
8163,b2a97128-5a7b-4e10-95dd-d9690f5adc62,Visit,53:20.9,Tablet,West,Paid,0,Yes,
8164,6313fe98-b1e6-45e6-bc68-4d7422ce1053,View Product,15:11.2,Desktop,North,Organic,0,Yes,
8165,c7910cb5-16fd-49ad-8db2-761a0639171c,Visit,17:54.5,Desktop,South,Referral,0,Yes,
8166,3a3d63bd-accc-452d-82c7-9a4253e84aa5,Visit,22:15.1,Tablet,South,Referral,0,Yes,
8167,ca242b61-06cd-400a-b72b-18341b0cb560,Visit,08:24.8,Tablet,West,Organic,0,Yes,
8168,55047cd5-b879-4494-b549-8b36a705f488,Visit,30:21.9,Desktop,South,Referral,0,Yes,
8169,0810fcd9-63c8-4154-a8af-2dc50186e675,Visit,51:07.4,Mobile,South,Paid,0,Yes,
8170,b1c04b96-e9a1-42bb-b31a-2c702309f3cd,Visit,53:13.7,Desktop,East,Paid,0,Yes,
8171,c0e338dd-d9ca-4486-9196-fe55a2a13a0b,View Product,48:32.1,Mobile,South,Paid,0,Yes,
8172,f8630932-7d44-4524-937f-cd62f3f13ee5,Purchase,40:23.2,Tablet,East,Organic,1688,No,No
8173,56440cbb-a96a-4fe1-a75c-9db76f593447,Visit,24:00.8,Tablet,West,Paid,0,Yes,
8174,db2fe45d-1d15-47f9-9361-16db29326af7,Visit,36:51.6,Desktop,South,Referral,0,Yes,
8175,0b5e2cf4-1f2d-4b14-9241-ce400900748e,View Product,04:00.6,Desktop,South,Referral,0,Yes,
8176,0aae3bfe-4a88-4adc-b3ea-2dfaac0e8f5a,Visit,06:33.2,Mobile,North,Organic,0,Yes,
8177,189e6e29-726d-4f20-82a6-276319c76b67,Visit,23:47.7,Tablet,East,Referral,0,Yes,
8178,8203520e-672c-4d16-82f0-ba4e1b49b23e,Visit,01:49.0,Mobile,North,Organic,0,Yes,
8179,5cc4db2e-da10-40c1-8a28-016efca09cfb,Visit,49:51.9,Tablet,South,Referral,0,Yes,
8180,a4d30d00-d1e2-4e13-9541-4c847c1ac9d1,Visit,34:42.1,Desktop,East,Referral,0,Yes,
8181,ae2400b0-bbc7-4fa4-ba5f-19b6d34f0d1d,Add to Cart,05:46.6,Tablet,East,Paid,0,Yes,
8182,c1388b95-a6f8-44da-9420-34087a23fa7e,Visit,11:33.3,Mobile,West,Paid,0,Yes,
8183,3b8563a8-a588-46ba-83bf-8ed4777df717,Visit,24:07.9,Tablet,South,Paid,0,Yes,
8184,4c516d6a-33a5-4386-ab1a-0cf9ae153626,View Product,51:06.6,Desktop,West,Paid,0,Yes,
8185,0dadd570-9606-4bce-a634-cc07dc36a6fd,Visit,37:18.1,Desktop,South,Organic,0,Yes,
8186,5177939f-6915-40f6-aa1f-2999e1deeebb,Visit,39:48.1,Mobile,South,Paid,0,Yes,
8187,6714ff84-de59-4746-a1f1-7dcbef9438ae,Visit,03:20.3,Desktop,West,Organic,0,Yes,
8188,ffc6dd7e-2942-4035-853e-b5697eb751ea,Visit,13:10.2,Mobile,South,Paid,0,Yes,
8189,2676b727-f796-4c4c-bf0f-517a56888551,Visit,55:47.9,Tablet,West,Paid,0,Yes,
8190,2b5a68a1-3709-4e98-a4fd-bb0fe86602de,Visit,28:37.5,Tablet,South,Organic,0,Yes,
8191,983ffb2b-3a4b-45d1-87e1-dd40053d7ee6,Visit,14:58.2,Mobile,East,Organic,0,Yes,
8192,d0dee9d5-0923-46da-b8e4-de4392b3ba46,Visit,55:38.2,Tablet,South,Organic,0,Yes,
8193,5e5e059c-269b-4d67-942f-9dd123223f08,View Product,57:32.6,Tablet,East,Paid,0,Yes,
8194,d6e13c0c-4754-4465-8660-679ff094ba6a,Visit,10:43.6,Tablet,West,Organic,0,Yes,
8195,4e398ff1-533c-4ebc-b0e6-e377e745ad34,Visit,03:01.1,Desktop,West,Organic,0,Yes,
8196,3c7efc9b-8b71-4b20-9a9a-7b73385846ec,Visit,48:19.8,Desktop,East,Organic,0,Yes,
8197,453965b9-30bd-4c06-a10b-0df590c7e149,Visit,16:27.4,Tablet,South,Organic,0,Yes,
8198,b4cf9be8-d3c7-4e90-b54a-ebd25baa6151,Visit,42:00.7,Mobile,South,Paid,0,Yes,
8199,88d941c5-bc70-424d-af3a-3c9d09442b69,Visit,00:57.9,Desktop,North,Referral,0,Yes,
8200,8670cac2-8255-4ae8-a3ff-ce2a707c4b39,Visit,05:50.2,Mobile,North,Referral,0,Yes,
8201,2963462d-7332-47d8-9ec4-f5d9693482ae,Visit,24:16.6,Tablet,West,Organic,0,Yes,
8202,e6b0d3a4-b499-4d5c-90aa-c30bfbc8523f,Visit,32:50.8,Mobile,East,Referral,0,Yes,
8203,a6d06266-8258-40f9-9753-cbd06f8e4d1e,Visit,36:31.9,Mobile,East,Paid,0,Yes,
8204,3d227324-e501-4017-be9e-10230c42095d,View Product,21:18.0,Mobile,South,Referral,0,Yes,
8205,c6c7137a-f084-4a52-9388-e92003bf5715,Visit,22:20.9,Mobile,West,Paid,0,Yes,
8206,50432e96-aba2-46f5-8334-9a4c18da9ea8,Visit,59:29.1,Mobile,North,Paid,0,Yes,
8207,c04dc927-0fd3-4101-81c1-e3c66feb54e9,Visit,44:14.2,Desktop,West,Referral,0,Yes,
8208,ae36affa-2e6f-4ed2-8542-709b9524b0c6,Visit,31:54.6,Tablet,North,Paid,0,Yes,
8209,ccacbd46-5de6-435d-96f6-15e34c2b9749,View Product,55:26.4,Desktop,South,Paid,0,Yes,
8210,11ecdf4e-8eaf-4ca5-a381-c32fd0079e89,Visit,26:54.1,Desktop,East,Organic,0,Yes,
8211,b5865666-7ee6-41f3-962a-667ff3af8462,Visit,17:56.4,Mobile,South,Organic,0,Yes,
8212,546fcf3f-d938-4a56-b884-d4ab6fd7fc89,Visit,40:40.4,Desktop,South,Organic,0,Yes,
8213,0884a956-7c3b-4463-a38d-8b8f3d6506b3,Visit,12:37.0,Desktop,East,Paid,0,Yes,
8214,a9b6627d-b6b6-4393-b2f2-e080e28b85c8,Visit,14:58.8,Desktop,North,Referral,0,Yes,
8215,7635548c-d447-4ae2-b653-e0fc1b6bd755,View Product,20:51.5,Tablet,South,Organic,0,Yes,
8216,a2dfc9da-c464-4781-bafa-fa872e7bab43,Visit,13:00.8,Desktop,North,Paid,0,Yes,
8217,c71e7336-457e-4aff-879a-2e91bda6cc50,Visit,46:40.9,Desktop,North,Paid,0,Yes,
8218,990a8e4e-5ece-4aee-9988-b05c545d0dcd,Visit,39:29.7,Mobile,North,Referral,0,Yes,
8219,b3e796d9-fbc6-4ec3-bfc5-83a5a172db49,Visit,30:27.4,Mobile,East,Paid,0,Yes,
8220,12773c53-034b-4e0d-b3a6-49abddbb2536,View Product,51:15.4,Tablet,West,Organic,0,Yes,
8221,efe3f016-f12c-4986-a15a-9513886a7864,Visit,59:23.2,Tablet,West,Paid,0,Yes,
8222,8946cca3-64e4-4206-a82e-9d94f30812ce,Visit,54:04.2,Mobile,North,Referral,0,Yes,
8223,09a55049-66c8-474b-8cf9-7a068a33374d,Visit,57:14.4,Tablet,West,Paid,0,Yes,
8224,985d4d02-0b5e-4dd9-8c3e-f3cb58f857e5,Visit,23:23.5,Tablet,West,Organic,0,Yes,
8225,c75c1966-898c-4fc3-a4f2-a666f624c378,Visit,07:32.3,Tablet,West,Paid,0,Yes,
8226,f63eb828-3fd5-48a6-8800-2f1ac7d9834e,Visit,12:01.8,Mobile,West,Paid,0,Yes,
8227,400596be-5543-4a83-a8ae-e48f6706911a,Visit,34:52.4,Mobile,North,Paid,0,Yes,
8228,fee760dc-7fd5-468d-ad12-e1c47590ffcb,Add to Cart,07:25.0,Mobile,East,Referral,0,Yes,
8229,4634a556-3abf-4337-9ba6-ff37405b3650,View Product,17:59.9,Mobile,South,Organic,0,Yes,
8230,23cbe227-8048-44b8-963a-ab64d30f6b91,Visit,23:15.5,Tablet,West,Paid,0,Yes,
8231,133b2fc8-7a5f-4125-aab4-c17f16d48efd,Visit,40:38.9,Mobile,South,Organic,0,Yes,
8232,37682a8e-9a07-4873-8be9-85ece993cb6c,Visit,52:15.5,Mobile,North,Referral,0,Yes,
8233,a2631457-1cbd-4494-9abc-92009bda8f16,Visit,03:35.2,Mobile,South,Referral,0,Yes,
8234,e8abd2c5-6536-411e-bfc4-f04daa6300e7,Visit,36:45.8,Tablet,North,Referral,0,Yes,
8235,dc3bbac5-3a09-451f-a11a-e2d033a41728,Visit,59:58.7,Desktop,East,Paid,0,Yes,
8236,f7bd5112-fa95-429f-8f23-ec6413edd4bf,Visit,27:42.8,Mobile,South,Referral,0,Yes,
8237,bbe766f4-3558-44e4-ad0f-ab9e053ad3c6,View Product,19:18.4,Tablet,West,Paid,0,Yes,
8238,d493a01f-9f9a-4ebc-a784-825191aba426,Visit,39:49.3,Desktop,West,Organic,0,Yes,
8239,ca6ce9f0-a015-4b4b-a680-548c04c5a6f2,Visit,11:15.4,Tablet,East,Referral,0,Yes,
8240,ee0bae96-e2b3-4d0d-8336-9f0efff0ad4d,Visit,54:59.5,Desktop,East,Organic,0,Yes,
8241,a19c8e98-fc74-490a-93e7-b6c1a2785f0f,View Product,12:27.8,Mobile,North,Organic,0,Yes,
8242,ec1a6186-20ac-4261-8b38-c13adf773db2,Visit,51:01.4,Mobile,North,Organic,0,Yes,
8243,886f85fb-577c-4353-83a3-9927049fc0d3,Visit,12:50.1,Desktop,North,Referral,0,Yes,
8244,06d0a69e-fec8-4dc0-8210-8c8a65fb03d3,Visit,35:45.9,Tablet,East,Organic,0,Yes,
8245,c8fc41b1-1a9c-438f-9c40-6708ef0aa4a8,Visit,38:40.5,Tablet,West,Paid,0,Yes,
8246,7d532d29-cf9b-455f-9c30-e62982173e85,Visit,30:30.0,Tablet,East,Paid,0,Yes,
8247,fc68eedd-177b-4c3e-8fb8-397d48af5d08,View Product,07:11.8,Desktop,South,Paid,0,Yes,
8248,abe7d728-fd8c-433c-b45d-61d8585bdb46,Visit,52:53.3,Tablet,South,Referral,0,Yes,
8249,993122eb-5bfb-4937-835d-910d02473423,Visit,42:47.3,Tablet,East,Referral,0,Yes,
8250,0a1aac65-3dbf-49e0-a398-db5f3bd30e46,Visit,20:42.5,Tablet,West,Paid,0,Yes,
8251,e2ce5465-9807-4336-bd33-5b1200c35866,Visit,03:36.9,Desktop,North,Paid,0,Yes,
8252,45f19b7c-793c-4500-bd18-30df1d4a905f,Visit,11:41.4,Mobile,South,Referral,0,Yes,
8253,c85bce05-e7ca-411b-a3e2-92ea009efc9b,Visit,33:02.5,Tablet,East,Organic,0,Yes,
8254,a156b118-07e6-4ebc-ba04-636c150cd710,Visit,54:13.6,Mobile,West,Referral,0,Yes,
8255,982f379e-eeac-4e8c-88e2-fecf1502697e,Visit,43:51.6,Desktop,North,Organic,0,Yes,
8256,b8fdb4f7-ec62-4312-b7a0-d4ddd7d458e8,Visit,12:09.7,Tablet,North,Paid,0,Yes,
8257,9d98b27d-1f88-4af0-92c1-0302d4443391,Visit,42:50.0,Mobile,South,Referral,0,Yes,
8258,5beac644-8949-4ead-ac7f-4e8e192cb0bf,Visit,35:45.5,Desktop,West,Organic,0,Yes,
8259,0d0fdda7-0cee-49a9-a5a0-13ac96c3eb5b,View Product,45:42.2,Mobile,East,Paid,0,Yes,
8260,3f8741f0-9ea1-4ffa-a5fc-e9b0b1185b49,Visit,57:53.2,Mobile,South,Referral,0,Yes,
8261,b58234b3-d3d1-425c-bad0-8e51fc0a9693,View Product,53:48.9,Desktop,North,Organic,0,Yes,
8262,42c22dad-3cba-430e-9154-3bfb3fcc3461,Visit,00:28.1,Tablet,North,Paid,0,Yes,
8263,4803f23c-9600-44a4-9323-7f83c5dff8b2,Visit,33:55.0,Tablet,East,Organic,0,Yes,
8264,f17707f3-04e0-4dd4-a8df-dc072c3d92df,Visit,24:35.1,Desktop,North,Organic,0,Yes,
8265,b57c6a0b-7594-48e2-92c6-f858cb6eb5c3,View Product,51:28.7,Tablet,South,Organic,0,Yes,
8266,82ff51af-f0ca-4aa5-8f82-ad9eb21a3659,Visit,14:11.6,Tablet,North,Paid,0,Yes,
8267,47675fd1-7a0a-4418-bfde-b2e17837145c,Visit,28:19.2,Mobile,North,Referral,0,Yes,
8268,7b7cab2a-45f7-4d86-b57c-d0fa51c05f64,Visit,53:18.3,Desktop,West,Organic,0,Yes,
8269,efbe48eb-11ed-4595-ad47-066ad2b89847,Visit,58:04.1,Desktop,South,Organic,0,Yes,
8270,8fa811b6-eabf-42ab-9326-c0b4084c44bc,View Product,36:28.3,Desktop,South,Paid,0,Yes,
8271,c27fa087-7a43-46ab-8d40-513e0e4b850b,Visit,51:54.1,Mobile,North,Organic,0,Yes,
8272,74179f47-2c0e-4226-91d7-dcaa83dec030,Visit,43:02.9,Tablet,West,Organic,0,Yes,
8273,b695090d-26bb-4b02-9209-8f059d23dae0,Visit,05:02.7,Desktop,East,Organic,0,Yes,
8274,9cdecb98-9d3c-41c1-b38c-f53950cc1b0d,Visit,09:52.8,Tablet,South,Referral,0,Yes,
8275,6907d327-903d-4130-8110-ad8c2bed1677,Visit,44:52.6,Desktop,North,Paid,0,Yes,
8276,ec2412da-2ff5-489a-8f98-b78f19ac1445,Visit,20:50.0,Mobile,East,Paid,0,Yes,
8277,b940fbd9-1004-4b7f-a7db-89ec1499ff73,Visit,56:27.9,Mobile,South,Organic,0,Yes,
8278,7354629b-bac6-4227-9a8b-bb14b2de12b5,Visit,59:07.4,Mobile,North,Organic,0,Yes,
8279,c47f44b0-867e-4df8-9632-9d7d555ebb4e,Visit,14:29.2,Tablet,North,Organic,0,Yes,
8280,767ac8d5-0fda-409c-a508-8ffe38d26009,Visit,22:41.2,Desktop,West,Paid,0,Yes,
8281,2fca1e3c-616c-4f75-b899-78fee29f2f44,View Product,46:16.7,Mobile,East,Paid,0,Yes,
8282,842a2e2f-36a7-470d-8f43-0e8cf6a12516,Visit,18:08.4,Desktop,North,Organic,0,Yes,
8283,e595ca6a-5b6e-43d3-9302-2ec397f2e85f,Visit,39:26.7,Desktop,West,Organic,0,Yes,
8284,2216e37b-4d20-4b66-8d07-95445f20e24e,View Product,51:12.4,Tablet,South,Paid,0,Yes,
8285,26b8d7af-026c-4880-a33d-4cc52507f002,Visit,56:57.4,Mobile,North,Organic,0,Yes,
8286,5daf32c2-43aa-415f-91f3-1f91104d205c,Visit,48:31.4,Desktop,East,Paid,0,Yes,
8287,a53e32a1-b1f1-4e3f-a731-ede9017c5a58,Visit,52:22.5,Desktop,South,Referral,0,Yes,
8288,7871e67b-6e65-47c5-8316-583d8f571bfa,Visit,51:33.4,Desktop,East,Organic,0,Yes,
8289,bc2e6538-cce3-456a-8cef-48eb5efeaced,Visit,13:43.1,Desktop,North,Referral,0,Yes,
8290,2a41d830-4092-4945-a16f-87c4e6d2ca22,Visit,16:15.1,Mobile,East,Paid,0,Yes,
8291,2baa90b4-146e-4f21-9ec2-2331d1f0843c,Visit,59:21.5,Tablet,North,Paid,0,Yes,
8292,31dc8127-fcf3-43bf-a87b-8460ff7a01a0,Visit,03:18.8,Desktop,East,Referral,0,Yes,
8293,1ad07ed2-be55-4894-b1f7-c9cec2449233,Visit,28:16.0,Tablet,North,Organic,0,Yes,
8294,19bb7db1-6f95-4dd6-80b2-c50be06de97f,Visit,13:13.5,Tablet,West,Referral,0,Yes,
8295,6f8bb0e7-ddab-40aa-93d0-89cefda82fcd,Visit,37:25.0,Desktop,West,Paid,0,Yes,
8296,ca1828c4-f7d8-4e70-bba3-a9970ceec75e,Visit,37:16.5,Mobile,West,Organic,0,Yes,
8297,32bf4b38-32f0-4b9d-8923-5afade69ddb3,Visit,03:59.6,Mobile,West,Paid,0,Yes,
8298,3d525fff-cf57-4157-8227-fe03c48ddb2f,Visit,29:57.7,Mobile,North,Referral,0,Yes,
8299,6a3b9f02-5ee9-4d96-b439-b25fa9509496,Visit,05:59.2,Mobile,East,Organic,0,Yes,
8300,87b3bfad-617c-4d80-bbb2-4e7b8131b101,View Product,46:10.3,Mobile,East,Organic,0,Yes,
8301,c6864094-6ee2-4c3f-a8c9-560bd34b9882,Visit,28:55.8,Desktop,East,Organic,0,Yes,
8302,f2646f87-1343-459a-8126-549cc6f28ccc,Visit,09:30.7,Mobile,South,Referral,0,Yes,
8303,e075517f-79fb-415a-a00d-3225f710530d,Visit,28:25.2,Desktop,East,Organic,0,Yes,
8304,b86769fa-a7b0-48d3-9648-ae32bd77a240,Visit,24:02.7,Tablet,North,Organic,0,Yes,
8305,6dbd5761-60c6-480a-82b3-8ff50a130bef,Visit,02:31.4,Desktop,North,Referral,0,Yes,
8306,6997f8b7-2e89-4e1a-9af7-8efb73162ff9,Visit,16:28.1,Tablet,East,Paid,0,Yes,
8307,3279af3a-b927-496d-9788-c5fb6f55e0ec,Visit,56:46.1,Mobile,East,Referral,0,Yes,
8308,28aa842a-ff3d-4fec-bd48-be3dfcdab589,Visit,17:33.2,Tablet,North,Paid,0,Yes,
8309,6a32f8df-5f63-432c-a1f2-caf74dc64f7e,Visit,46:42.0,Desktop,South,Referral,0,Yes,
8310,5bbdbe9d-e95a-419e-a558-bb3d92d84c20,Visit,52:06.3,Mobile,North,Referral,0,Yes,
8311,9cc3f103-3a8c-4b91-8170-438300a43ff5,Visit,20:26.3,Tablet,North,Referral,0,Yes,
8312,1689bb92-7caf-4936-a6a3-b5c2344a59a4,Visit,37:34.8,Desktop,West,Organic,0,Yes,
8313,69075266-0262-4788-97f8-6e9a42396da0,Visit,21:17.4,Mobile,North,Paid,0,Yes,
8314,5bcefc6a-fe62-43d8-bfde-e7de449ce420,Visit,26:33.1,Tablet,North,Organic,0,Yes,
8315,ba72b23f-9d40-4e9a-acad-9bf0827bdc3e,Visit,03:00.1,Desktop,East,Organic,0,Yes,
8316,7cf5777e-1fd0-4da8-b6db-4e65858be111,Visit,23:16.2,Tablet,East,Referral,0,Yes,
8317,d4f9135b-6442-44c4-88e0-a2a9c5d50932,View Product,01:52.4,Tablet,East,Referral,0,Yes,
8318,b19f6597-0aa8-42a0-bfc1-f34cf4c6e093,Visit,01:32.4,Tablet,South,Paid,0,Yes,
8319,4099b9e4-e0da-4938-aba9-96fdeb0afaae,Visit,05:06.3,Desktop,South,Paid,0,Yes,
8320,3c1c03c7-71ec-4aa8-80b9-d5c6bd926c64,Visit,31:16.7,Desktop,South,Organic,0,Yes,
8321,72e7243e-8da6-4d5e-a3d4-056419105e3c,View Product,20:37.5,Tablet,North,Paid,0,Yes,
8322,9800ee21-daaf-4d1a-a767-bf50c0aec0b1,Visit,50:46.8,Desktop,East,Referral,0,Yes,
8323,e941b587-23e1-43e9-90d4-45fe08f8ad1e,Visit,37:58.7,Desktop,East,Organic,0,Yes,
8324,949d41d2-29f8-4779-86c8-e2a8b5f854b2,Visit,52:17.4,Desktop,West,Organic,0,Yes,
8325,a7f7bc0c-d693-4774-b74e-bc36b8b000a2,Visit,04:58.2,Tablet,West,Organic,0,Yes,
8326,99348e76-968b-4375-91df-ad3d43cc7e04,Visit,44:48.9,Mobile,West,Paid,0,Yes,
8327,d4a51597-adec-4058-bba9-5b84e68db2ef,Visit,15:54.8,Desktop,North,Referral,0,Yes,
8328,34550a95-30f7-4b1e-b6fe-62d93a6e252f,Visit,48:16.7,Desktop,South,Organic,0,Yes,
8329,fb3be3bc-862a-43cc-baaa-424050553bb9,Visit,47:09.0,Desktop,West,Paid,0,Yes,
8330,df7650c9-7f02-4983-8e55-c07fb8a21712,Visit,29:02.9,Mobile,West,Organic,0,Yes,
8331,7caf168e-6a9f-4c5e-b112-506c0f23b029,Visit,35:05.3,Desktop,East,Organic,0,Yes,
8332,96fad765-b0d4-4451-ab51-3c5bdfb1a78b,Visit,04:48.7,Tablet,East,Paid,0,Yes,
8333,401a707c-5cdd-429f-bd62-4a543bc4aaa4,Visit,19:08.0,Mobile,South,Referral,0,Yes,
8334,5b5b679d-4a62-48f0-acbc-5a7c826cf011,Visit,52:11.6,Tablet,South,Paid,0,Yes,
8335,7dc03a3b-6e7e-4d42-858e-b052543f74d4,Visit,48:16.2,Tablet,East,Referral,0,Yes,
8336,5c7ed368-6c74-4855-849a-b05dc921af80,View Product,54:21.4,Tablet,North,Referral,0,Yes,
8337,5fdba591-39e1-4453-a6d3-2e85a326d40f,Visit,47:29.1,Tablet,South,Organic,0,Yes,
8338,d4b79c6c-09aa-44d5-8701-4cf687c88ef2,Visit,59:50.4,Tablet,East,Organic,0,Yes,
8339,2fa18bd7-2cce-496a-bd56-7d153d8b1390,Visit,14:48.3,Mobile,South,Paid,0,Yes,
8340,fdb9f783-f012-416d-81e0-2ee6a83cc00c,Visit,13:59.0,Desktop,North,Paid,0,Yes,
8341,a7fd7cf7-8292-49c9-b496-b711220ff78b,Visit,55:51.8,Tablet,West,Referral,0,Yes,
8342,41b11ae1-4b4d-4624-b424-c152db94ac9d,View Product,54:04.8,Mobile,South,Referral,0,Yes,
8343,08c2cad6-197e-4a6d-988d-f63f137f3959,View Product,06:01.1,Desktop,South,Referral,0,Yes,
8344,39dd75b3-783f-4357-b940-91783d394560,Visit,13:33.3,Tablet,East,Organic,0,Yes,
8345,45de24e0-70f2-4127-9a68-af75be40efdc,View Product,45:56.6,Tablet,North,Referral,0,Yes,
8346,cd75a0fc-df05-4481-9eb6-0762824e504f,Visit,15:42.6,Desktop,North,Organic,0,Yes,
8347,b25c1997-4f95-4a46-bce4-d18b6c7f81fa,Visit,38:14.4,Tablet,South,Referral,0,Yes,
8348,42dd7412-9d22-4166-acf5-300574a4358c,Visit,56:54.6,Desktop,East,Organic,0,Yes,
8349,3406e65f-04dc-4f43-8bfa-ad5898db9cac,Visit,23:22.6,Tablet,East,Referral,0,Yes,
8350,7b1472b8-3fbd-45a1-8cc6-fa306c0d6bf2,Visit,24:09.4,Desktop,West,Paid,0,Yes,
8351,6d186a76-55fd-4132-80c2-d699bdd5b8d1,Visit,09:40.5,Mobile,South,Referral,0,Yes,
8352,38647e2e-faab-4e9b-9feb-d055948b52ac,Visit,47:24.5,Mobile,East,Organic,0,Yes,
8353,a3745d90-e08b-4f12-8e27-3de74b570e63,View Product,20:21.2,Tablet,East,Paid,0,Yes,
8354,0bcdd4ec-56ad-4710-87d6-492e640b574d,View Product,17:28.6,Desktop,West,Organic,0,Yes,
8355,081fec37-0fee-433c-bf03-780607a42ed7,Visit,03:19.3,Mobile,South,Organic,0,Yes,
8356,a102b79a-8245-4c61-9145-203c87f46b84,Visit,43:28.7,Tablet,North,Paid,0,Yes,
8357,d968afaa-91cd-4231-95b5-b0576fb6de73,Visit,14:49.0,Tablet,East,Referral,0,Yes,
8358,8f50a4ac-e993-4e0b-b81b-0b7ea21f7f90,Visit,58:55.0,Tablet,South,Paid,0,Yes,
8359,02d11e8d-0d55-4658-b50e-3d6e9a7240b6,Visit,44:12.1,Tablet,East,Referral,0,Yes,
8360,73d72436-37f3-4df0-b454-6221cf98a4b5,Visit,04:07.4,Desktop,East,Referral,0,Yes,
8361,0489d46a-fe66-4b4a-afc4-d7a0bdc0b1e2,Visit,51:50.4,Mobile,North,Organic,0,Yes,
8362,3bd97a25-28a5-4b03-bd0b-b1faf5dcf5ac,Visit,59:38.9,Mobile,East,Paid,0,Yes,
8363,3a64f97b-6bfb-497d-a0a5-c67918a5a3ae,Visit,31:29.2,Tablet,West,Referral,0,Yes,
8364,ec20258b-5471-4e6f-ae2a-40bd2fef065f,Visit,19:53.0,Desktop,South,Organic,0,Yes,
8365,156aaa92-8d1d-4e99-950c-0d34525fed82,Visit,05:05.7,Tablet,West,Referral,0,Yes,
8366,ef6b3e8e-9734-4cca-8da7-1f138bb0f694,Visit,59:24.7,Tablet,East,Organic,0,Yes,
8367,06090557-868f-41cf-a92b-e99ee7f98071,Visit,19:55.8,Desktop,South,Referral,0,Yes,
8368,fffd9cc7-30a9-4a20-99ce-6a0f6d19dafd,Visit,08:45.3,Mobile,South,Paid,0,Yes,
8369,d98955aa-b193-4622-b104-89bb07e303e4,Visit,10:50.1,Mobile,South,Organic,0,Yes,
8370,6148e779-0686-4abb-b6e3-d61e16e89cc3,Visit,25:42.2,Tablet,North,Organic,0,Yes,
8371,06ba1552-a23b-4ff0-af3e-f7aa1862481f,Visit,30:07.8,Desktop,South,Referral,0,Yes,
8372,9777478b-7977-4de5-a57f-798a2a197447,Visit,52:40.3,Desktop,East,Organic,0,Yes,
8373,eec7c7fd-b386-4128-9ac9-e918986cb83e,Visit,34:26.6,Desktop,East,Referral,0,Yes,
8374,595e3128-58a7-4e70-a53f-8a4ce7331280,Visit,25:28.8,Tablet,West,Referral,0,Yes,
8375,6ab07320-d6df-4e95-ba99-691931b5c6a2,View Product,54:09.3,Desktop,West,Paid,0,Yes,
8376,0ac67b46-2354-4035-b51e-8e2af83db296,Visit,42:02.2,Mobile,East,Paid,0,Yes,
8377,206973d2-9444-4a33-9ebd-50e9138e1fe9,Add to Cart,18:10.6,Tablet,East,Referral,0,Yes,
8378,53235f1a-6a05-4dfb-9e6a-dd7d7f60092b,Visit,01:57.2,Desktop,South,Paid,0,Yes,
8379,35d1d0f9-5712-48b6-807e-7b644404add1,View Product,06:47.5,Tablet,East,Referral,0,Yes,
8380,6848e411-bf52-4039-a1c6-8cf5a4474a77,Visit,21:57.3,Tablet,West,Organic,0,Yes,
8381,78eb35ef-59e5-4152-8484-6a656413d8dc,Visit,15:28.5,Tablet,South,Referral,0,Yes,
8382,20c78dfc-c32c-45a8-9d14-fc9fa7da3d85,Visit,28:27.4,Desktop,West,Organic,0,Yes,
8383,87f95bab-2387-4b28-8591-06c53c601386,Visit,32:04.8,Mobile,East,Referral,0,Yes,
8384,c956d66d-1fa8-4e2e-95bf-1253a9b081b4,Visit,01:57.5,Desktop,West,Paid,0,Yes,
8385,18dd9cbf-cc48-4d75-a1ed-de869d1383d3,Visit,04:17.5,Desktop,South,Referral,0,Yes,
8386,e7a645a5-e55b-4321-88fa-a842b7dbed60,View Product,00:37.2,Mobile,West,Referral,0,Yes,
8387,4329de92-063a-47de-b94c-67ea4ba1888f,Visit,06:42.7,Tablet,North,Paid,0,Yes,
8388,32c00bc8-cbd8-46f4-bbe1-e468ff6bd9d0,View Product,27:12.5,Mobile,East,Organic,0,Yes,
8389,c05194c0-6b6e-44ab-b72a-1c03cb0466ed,Visit,31:42.4,Tablet,South,Organic,0,Yes,
8390,a8b411af-2a1b-4025-a5d3-14df9db91c77,Visit,07:21.8,Mobile,North,Organic,0,Yes,
8391,d19e9afc-8a10-43be-b013-ead553013cb5,View Product,25:38.1,Desktop,South,Paid,0,Yes,
8392,0e58d992-0c09-45a7-be90-5e31a3f3585b,Visit,26:41.3,Mobile,North,Organic,0,Yes,
8393,72a02d65-84c6-46d8-97d4-afd2154d6e34,Visit,53:58.5,Tablet,West,Referral,0,Yes,
8394,3986d202-242a-4780-839e-e8e74a3d8ced,Visit,28:55.9,Mobile,South,Organic,0,Yes,
8395,cd2be23e-b8cd-4a25-902c-8bd4cae368cb,Visit,35:29.0,Tablet,South,Referral,0,Yes,
8396,f04af97d-6f98-4e36-9c00-4dee58c9e1f5,Visit,50:54.7,Mobile,West,Organic,0,Yes,
8397,e89535b2-4ae2-4932-ad4f-559e2ebe70d2,View Product,16:49.3,Desktop,North,Organic,0,Yes,
8398,fca407d0-a362-4d7d-bdd2-fde87873bf32,Visit,00:29.5,Mobile,South,Organic,0,Yes,
8399,f780ee1f-98f7-47b7-88a4-30539e4ad1de,Visit,11:01.7,Tablet,East,Organic,0,Yes,
8400,df353c92-6900-467b-b730-54a59db8eae0,View Product,58:15.6,Mobile,South,Referral,0,Yes,
8401,5e9bd494-06c6-4058-9aa3-46fb6fd2757d,Visit,46:58.7,Mobile,East,Paid,0,Yes,
8402,f209e6ec-dde6-4c26-ac3a-b9bc4efbbf4c,Visit,19:05.4,Mobile,North,Referral,0,Yes,
8403,ec7662de-ed71-421b-aa5a-6b5e0a268916,View Product,31:15.6,Mobile,West,Organic,0,Yes,
8404,daccca99-2308-42f6-b970-253d1a830f51,View Product,30:06.9,Desktop,North,Organic,0,Yes,
8405,8e109aaf-2450-4d52-bf98-98c083d6b434,Visit,11:23.6,Mobile,West,Organic,0,Yes,
8406,75ec56e4-580d-4c7d-b25f-7ff118e0656e,Visit,47:33.0,Mobile,North,Organic,0,Yes,
8407,311dd179-cbe1-4d01-a2f5-546911ded057,Visit,43:39.0,Desktop,West,Paid,0,Yes,
8408,6ffe9604-b814-4f56-9c8c-6c2fee4a38ad,View Product,39:45.1,Mobile,South,Paid,0,Yes,
8409,e66d639b-dda0-415a-868c-fa00e2d97f3f,Visit,27:13.2,Tablet,West,Organic,0,Yes,
8410,a6a71eb8-daef-444d-a590-b949b4ef984d,Visit,03:52.2,Desktop,East,Organic,0,Yes,
8411,10a2e896-9fea-4364-96a4-eaf2febe7100,Visit,50:05.2,Mobile,West,Referral,0,Yes,
8412,ec8416ed-f436-483b-88c6-c7f0eee281cc,Visit,14:35.1,Mobile,East,Paid,0,Yes,
8413,3d688282-b3d2-45d8-a1e3-4c20c527d23a,Visit,05:18.3,Mobile,East,Organic,0,Yes,
8414,105d32a7-1fe1-43ff-9be4-beb452caee2a,Visit,39:09.5,Desktop,West,Paid,0,Yes,
8415,216bdc89-68ec-462a-a86e-d3207defe15b,Visit,39:22.4,Tablet,North,Paid,0,Yes,
8416,c28ad361-ebde-4774-ba40-faed7746c4ca,View Product,37:15.3,Desktop,West,Organic,0,Yes,
8417,ab500b35-5791-45ba-9018-f3b566910e6d,Visit,38:44.7,Desktop,North,Organic,0,Yes,
8418,1ea4ae94-5839-4901-87d1-e039a71c3c5e,View Product,56:01.1,Tablet,West,Paid,0,Yes,
8419,34c4416a-e010-4540-8180-f6678496a6cc,Visit,30:57.8,Tablet,South,Paid,0,Yes,
8420,f7501782-e060-4c7d-90eb-39770812e9be,Visit,19:43.0,Desktop,North,Paid,0,Yes,
8421,a0a6a5db-f99c-4e40-929e-99cd797aa8be,Visit,13:22.1,Desktop,East,Paid,0,Yes,
8422,2562c3b9-3f3f-430f-91b4-bd2c00cf0918,Visit,25:19.2,Tablet,West,Organic,0,Yes,
8423,73828230-0bcb-4c1b-a343-aaf951460167,Visit,16:31.1,Desktop,South,Paid,0,Yes,
8424,f3427663-639a-42ca-aa7e-a2087339f90f,Visit,51:32.4,Tablet,West,Organic,0,Yes,
8425,136cbce6-f0b1-4ff7-940e-d98868803911,Visit,38:46.9,Mobile,West,Organic,0,Yes,
8426,322c8be2-2dea-4052-b2ae-4478504df0ce,Visit,07:50.0,Mobile,East,Paid,0,Yes,
8427,1398ce52-dfb6-4112-b71f-0736d3af884e,View Product,11:39.7,Desktop,West,Referral,0,Yes,
8428,47bef5dc-e1cf-4ccb-a53b-19e7315cf1b8,Visit,11:57.3,Desktop,West,Organic,0,Yes,
8429,019f333d-d376-49b7-976a-4cc1beaa2d80,Visit,04:38.1,Tablet,West,Paid,0,Yes,
8430,24d4c5ce-4bb4-4034-87b1-61e26795f455,Visit,40:44.4,Mobile,West,Organic,0,Yes,
8431,36008c8f-3a18-47dd-84c5-3ec07d597646,View Product,26:30.0,Tablet,West,Paid,0,Yes,
8432,3bf64c75-8694-4e06-99b1-dbb75e3a99bd,View Product,09:43.8,Tablet,East,Referral,0,Yes,
8433,9622a7e8-f3d7-4af1-b139-48fbaf9bb2cc,Visit,28:53.1,Desktop,West,Organic,0,Yes,
8434,9dec563b-4afb-4412-a67e-2ae7296af9c1,Visit,30:45.6,Tablet,West,Referral,0,Yes,
8435,3fe28e1a-1cf6-4071-ab21-c67e93c38960,Visit,50:25.7,Tablet,West,Referral,0,Yes,
8436,2c52f9f0-1e9a-47bb-bb1b-3e51b384a9b3,Visit,57:31.7,Mobile,West,Paid,0,Yes,
8437,a8ba4149-0051-4f56-8a91-f9fa2f1b9773,Visit,12:08.7,Desktop,East,Paid,0,Yes,
8438,8199f8f4-9758-46ec-888b-cb2dc2b5f8e4,Add to Cart,36:40.5,Mobile,North,Referral,0,Yes,
8439,523cdb45-9123-451f-93d3-c67a294fb391,Visit,09:15.3,Desktop,East,Paid,0,Yes,
8440,c2451bca-17db-4063-bd7b-10ec351c4ec1,Visit,15:36.1,Tablet,South,Paid,0,Yes,
8441,afba6753-5562-4c68-9944-a78a01a7ae79,Visit,18:51.7,Mobile,West,Paid,0,Yes,
8442,0936cf6e-1425-4dc3-b810-8aaf3d301a7f,Visit,52:49.4,Desktop,West,Organic,0,Yes,
8443,43ec3588-262a-4837-a0ab-8100103c7f40,Visit,59:30.6,Tablet,West,Organic,0,Yes,
8444,203f26b3-79b4-4d8d-869e-652d6c4fb7f3,Visit,23:16.5,Mobile,North,Organic,0,Yes,
8445,fe6af778-fc64-4dea-aa3b-f0818486e8a6,Visit,49:44.2,Tablet,West,Organic,0,Yes,
8446,3c639489-259a-45d2-a240-ab3159f00f9d,View Product,29:47.8,Mobile,South,Paid,0,Yes,
8447,c46e71cf-0358-426c-83f1-0c579cf72190,Visit,00:42.4,Desktop,East,Paid,0,Yes,
8448,5ace7b23-b4f5-4387-adf1-4e6f011287fd,Visit,38:53.0,Tablet,South,Organic,0,Yes,
8449,edf5435f-2737-4f31-b7e2-9e6237d3ff98,Visit,49:13.2,Desktop,North,Paid,0,Yes,
8450,3f62856b-51a9-4d7f-b294-28339b74e2bb,Visit,22:47.1,Mobile,South,Referral,0,Yes,
8451,295e276c-e7d1-4be5-8cfd-e34b9f48d51a,Visit,48:18.3,Tablet,North,Paid,0,Yes,
8452,a098f36a-5695-4d4e-8ea9-6d3a7a987777,Visit,52:16.0,Tablet,East,Organic,0,Yes,
8453,00f1d440-f208-4d37-b4a5-fb023edf0d96,Visit,47:49.9,Mobile,West,Organic,0,Yes,
8454,ef590537-6a0f-423e-83d4-1498461e2473,View Product,12:13.1,Tablet,South,Referral,0,Yes,
8455,d40e7f2b-e1c0-4d09-af56-a8ed91767db3,View Product,17:42.3,Tablet,South,Referral,0,Yes,
8456,7b64f364-cddb-4f90-8977-e443af62b54b,Visit,18:28.1,Desktop,North,Organic,0,Yes,
8457,920fc8da-837f-4762-b4d1-87e83dcf8a8a,Visit,18:29.4,Desktop,North,Referral,0,Yes,
8458,d0e87661-30d3-48ad-8362-3120e6f61c5d,Visit,36:51.8,Mobile,West,Organic,0,Yes,
8459,16c75a98-4480-4283-9125-5884d161b618,Visit,46:56.0,Desktop,East,Paid,0,Yes,
8460,7441e24d-0d35-42c1-8c9c-30d6830f02f4,Visit,28:34.7,Mobile,North,Paid,0,Yes,
8461,b30c23b0-8cb7-484c-aada-32b7cffd07cb,Visit,06:41.5,Mobile,North,Organic,0,Yes,
8462,e35132cf-7759-4d90-be2d-5b19b3ff62d4,View Product,35:10.9,Desktop,South,Referral,0,Yes,
8463,6dd226f8-fe8d-418b-983a-ee1372870435,Visit,31:17.0,Tablet,West,Organic,0,Yes,
8464,856964fb-4d25-4881-813d-6f28629322ed,Visit,34:24.3,Tablet,West,Organic,0,Yes,
8465,fd702e8a-ece4-4b29-8fee-eee4b84cb3c3,Visit,44:57.0,Tablet,East,Paid,0,Yes,
8466,9ade6367-b2b1-437f-9fdd-6b5ae720fa3d,View Product,16:03.6,Mobile,North,Paid,0,Yes,
8467,8bc99fec-2ded-4b50-aee4-d29b0d99741c,Visit,38:01.1,Tablet,East,Referral,0,Yes,
8468,3c621f68-7f31-49ff-aa45-a478af6b138f,Visit,28:17.2,Mobile,East,Paid,0,Yes,
8469,605f8e67-e4b0-4a8e-89c1-f844881c240d,View Product,34:08.4,Desktop,East,Referral,0,Yes,
8470,d88713ce-ca51-42ff-a17d-22bfa63ba3a1,Visit,12:50.0,Tablet,North,Referral,0,Yes,
8471,aeb60594-4d03-460a-b419-3234b3be29f9,View Product,57:57.1,Mobile,North,Referral,0,Yes,
8472,11156e92-a2a9-413f-81ff-e556e50e3105,Visit,30:05.6,Desktop,West,Referral,0,Yes,
8473,a38d11c4-8e99-46e9-bf4b-3974d3602b5a,Visit,40:30.0,Tablet,East,Organic,0,Yes,
8474,46936a14-4c0b-43fa-96b0-59f5453e78c2,Visit,19:04.9,Mobile,South,Paid,0,Yes,
8475,6ad03d43-0ccd-4a63-aeb9-4ad34ba5aec5,Visit,13:54.2,Mobile,East,Paid,0,Yes,
8476,b8c13175-b768-44aa-877f-6f39d51e9c2b,Visit,09:58.9,Tablet,East,Paid,0,Yes,
8477,ab9848a6-62ec-4857-9dc5-2dcb3662ad0a,Visit,27:07.9,Tablet,South,Organic,0,Yes,
8478,84160109-5837-4329-a02e-6df25083679a,Visit,13:49.4,Desktop,West,Organic,0,Yes,
8479,7e24d3bc-b6c1-44cb-82e7-2498c17d779b,Visit,05:40.3,Mobile,North,Organic,0,Yes,
8480,ada71fd5-fea2-43b0-ab3a-933d52b955ba,Visit,24:31.3,Mobile,East,Referral,0,Yes,
8481,3d908a0e-dd65-4a87-867a-8f3216a456a0,Visit,46:30.8,Desktop,East,Referral,0,Yes,
8482,2859622c-6248-4747-aed2-ff69f0703425,Visit,01:17.1,Mobile,North,Organic,0,Yes,
8483,5707a99b-9299-43c2-8eb4-562e135d72ec,Visit,29:26.5,Desktop,South,Organic,0,Yes,
8484,a8c94472-3fba-4ef7-96b0-dfae7332fc2f,Visit,53:07.9,Desktop,West,Paid,0,Yes,
8485,ec2ab473-ddbc-4711-93f2-0513c33fbd8f,Visit,18:16.1,Desktop,South,Organic,0,Yes,
8486,7c3cac90-58b3-4d53-90bc-adad4a3d4ef1,Visit,05:15.6,Desktop,West,Organic,0,Yes,
8487,0612584c-5799-40e7-8c54-ac4dcf0a6bc8,Visit,31:27.7,Tablet,North,Organic,0,Yes,
8488,be1b7058-edea-4a9c-a166-44ae9ccec53b,Visit,14:28.1,Tablet,West,Referral,0,Yes,
8489,961b0582-debd-4299-b221-d5237681eea3,Visit,38:51.1,Desktop,East,Paid,0,Yes,
8490,1d6f900f-7e47-4eb2-8170-1505be7b3130,Visit,19:28.0,Desktop,South,Paid,0,Yes,
8491,e80568c7-83cc-42ea-b5b1-6bf153358a7a,Visit,40:10.7,Desktop,West,Referral,0,Yes,
8492,43a41284-31a2-487c-bf24-30bc19bd0e03,Visit,14:58.4,Tablet,East,Referral,0,Yes,
8493,9377b3e4-f63b-40cc-84f1-477d2b6be946,View Product,27:02.4,Mobile,West,Referral,0,Yes,
8494,351a9f64-114c-44af-bb8b-badcbb743ed6,Visit,54:38.6,Desktop,South,Organic,0,Yes,
8495,de2c201f-1991-4cf9-a73b-426ea2447565,Visit,38:28.4,Tablet,South,Paid,0,Yes,
8496,f030a328-92ff-4ae6-b6ce-1338121f50f5,Visit,42:57.7,Desktop,North,Referral,0,Yes,
8497,def2a84f-5cbe-41a0-8ae4-7fe7322bd9dd,Visit,23:12.6,Mobile,West,Paid,0,Yes,
8498,e6323009-7460-44b4-9fc2-f9b9697ea8e7,Visit,13:46.3,Tablet,West,Organic,0,Yes,
8499,3045f186-a92c-4082-b90b-2fe1871cc6a0,View Product,14:47.5,Tablet,North,Referral,0,Yes,
8500,5c4b69ac-3695-4cc9-8416-5ae2d4466574,Visit,48:33.4,Tablet,East,Paid,0,Yes,
8501,b58dd66f-d568-4f94-8b99-74c2352e7370,Visit,56:58.2,Mobile,East,Paid,0,Yes,
8502,9c286681-568a-4576-80aa-a5394e5130bd,Visit,59:19.3,Tablet,East,Paid,0,Yes,
8503,a1ec1400-aded-4e92-9877-b648abf8ea5c,View Product,43:13.8,Tablet,East,Organic,0,Yes,
8504,d1a13967-9e13-423b-884f-ff1d5a4706c8,Visit,28:41.5,Mobile,South,Referral,0,Yes,
8505,8f04989c-9270-449b-b8b1-8bfae1eea8f9,Visit,34:30.9,Desktop,West,Paid,0,Yes,
8506,bcd13a0f-e18a-49ec-88b2-e1399e1319fd,Visit,43:50.1,Mobile,South,Referral,0,Yes,
8507,ee1320b5-ec96-4174-87fc-0a774144b281,Visit,44:52.0,Mobile,West,Referral,0,Yes,
8508,06ecdadb-ba9b-4ddc-bc75-ea255648afcb,Visit,31:34.4,Tablet,North,Organic,0,Yes,
8509,aa68ad37-45c4-4b1d-b9dd-add7cdb40e4c,Visit,37:01.4,Mobile,East,Referral,0,Yes,
8510,64cb4efa-da94-4c7d-bd7f-433c8d9ec334,Add to Cart,40:01.4,Desktop,West,Organic,0,Yes,
8511,f482d3f5-34eb-424b-876f-3f28c8817aa5,Visit,02:19.0,Mobile,North,Paid,0,Yes,
8512,4db1e180-9aa2-4725-97f2-cc24d17af9c8,Visit,13:27.6,Mobile,South,Paid,0,Yes,
8513,5f50043e-d9f4-4c8a-be41-89591f32aee9,Visit,22:13.6,Mobile,South,Paid,0,Yes,
8514,04c97a4a-f891-4be0-8ff2-2e772a19c07f,Visit,38:58.8,Desktop,North,Paid,0,Yes,
8515,d5eadbc5-2f06-425e-b8f4-291ea1f121ab,Visit,19:46.2,Tablet,North,Referral,0,Yes,
8516,45c8baa8-c767-4633-8dc1-714f0542bb40,Visit,23:12.3,Mobile,West,Paid,0,Yes,
8517,ceacb547-3219-4716-8393-2c09c9156d01,Visit,04:05.0,Tablet,North,Paid,0,Yes,
8518,4bc95a69-2cbd-48cb-bd13-309fa9641385,Visit,49:59.1,Mobile,South,Paid,0,Yes,
8519,eb9f54ba-8d6e-4dd1-8dba-b1b1a3345b75,Visit,35:47.3,Desktop,North,Organic,0,Yes,
8520,34eab2b3-6bc4-43ea-a555-b081d2d79f16,Visit,26:02.5,Tablet,North,Paid,0,Yes,
8521,b02846d3-5e18-4625-a004-f2ca2eec4921,Visit,07:31.7,Desktop,South,Referral,0,Yes,
8522,7a218360-caa4-4537-b1d5-bb2bfcde89da,Visit,00:59.4,Tablet,South,Referral,0,Yes,
8523,f96ae1af-8399-483b-a238-3a1b3bccb096,Visit,51:54.8,Tablet,North,Organic,0,Yes,
8524,7f8c5b67-54db-4602-a4a2-61253ccd841e,Visit,10:34.8,Tablet,South,Paid,0,Yes,
8525,f19c9ee9-6e9f-4816-82a1-a133546e693f,Visit,59:45.7,Desktop,South,Organic,0,Yes,
8526,957a89d4-7338-4e20-a6c7-8637038e70f4,Visit,49:10.8,Tablet,East,Paid,0,Yes,
8527,46b6389c-3244-47fd-9df2-957e5a302e73,Visit,12:40.4,Mobile,North,Paid,0,Yes,
8528,baba6a0e-3138-4283-a186-c01d108070f2,Visit,35:39.8,Tablet,South,Referral,0,Yes,
8529,2c269022-4613-4755-96e8-3a8eaef3eeed,Visit,20:44.1,Desktop,North,Referral,0,Yes,
8530,cb6aaaca-c815-4ed5-83c5-e971141aef93,Visit,21:30.7,Tablet,East,Referral,0,Yes,
8531,954f11bc-ddbc-480c-8b05-993cbb4734e1,Visit,21:22.9,Desktop,East,Paid,0,Yes,
8532,20e620ec-77be-445d-a53f-6feff6be1985,View Product,18:39.6,Desktop,North,Referral,0,Yes,
8533,269d1f6b-7827-44b0-93d8-605eb6d7f311,Visit,53:40.2,Tablet,North,Paid,0,Yes,
8534,beee1938-7f0c-4a5a-a121-733d2847b51d,Visit,07:34.4,Tablet,East,Organic,0,Yes,
8535,6c561dfe-1e1c-4c7a-bbf4-701f4ca885cc,Visit,07:46.6,Mobile,South,Paid,0,Yes,
8536,78a48ffc-ef61-4319-b5d7-068105db905b,Visit,37:54.3,Tablet,North,Organic,0,Yes,
8537,b11b6fe0-31fc-48d8-b1f1-a9fe63aa9653,Visit,06:14.2,Tablet,South,Paid,0,Yes,
8538,8960332d-8d32-401b-8e41-98aa793ae55c,Visit,07:20.9,Tablet,West,Paid,0,Yes,
8539,c02e16aa-c0a4-4354-9b0d-83e2b14699ae,Visit,49:40.8,Desktop,West,Referral,0,Yes,
8540,e47d6bc9-9a80-4759-a6e5-296a25ca09ea,Visit,23:47.9,Desktop,South,Organic,0,Yes,
8541,9ae7115a-807a-4016-8ab7-8865d7dfe8c4,Visit,16:37.2,Tablet,East,Referral,0,Yes,
8542,131f2480-d22b-414c-8c5c-6efc18e16671,Visit,25:57.1,Tablet,East,Paid,0,Yes,
8543,af24a940-cd58-4f6e-8283-60854e997eb7,View Product,11:52.7,Mobile,North,Organic,0,Yes,
8544,a275105d-9432-4413-b475-7e506b66e7dc,Visit,51:50.2,Tablet,South,Paid,0,Yes,
8545,7fd6dfe4-01ee-451d-bd81-f5a9138dee0f,Visit,40:51.0,Mobile,North,Referral,0,Yes,
8546,84a5fa43-709d-4916-bbeb-e165ff358060,Visit,05:36.7,Mobile,North,Referral,0,Yes,
8547,0909b50f-b8ca-47e6-a55c-3ea5fffde503,Visit,20:01.9,Mobile,North,Organic,0,Yes,
8548,cfe6bc32-ab6b-474c-bbf9-889fac4798fe,Visit,25:21.6,Mobile,East,Referral,0,Yes,
8549,5ba27768-28e2-4d55-a112-cfc56c91c110,Visit,02:57.2,Desktop,West,Paid,0,Yes,
8550,48f48ae2-f206-47e5-89e0-20afda4d1392,Visit,09:34.1,Tablet,South,Referral,0,Yes,
8551,bbc87529-60ca-4eb2-8914-cd6ff1d31428,View Product,00:20.5,Tablet,East,Referral,0,Yes,
8552,739c8140-2f97-471c-950a-6e12bf46c413,Visit,17:48.4,Desktop,South,Paid,0,Yes,
8553,34fdfd52-ef4a-41fc-86a7-530160d11a5a,Visit,37:23.3,Mobile,West,Organic,0,Yes,
8554,734b0fe7-1fbf-45ac-94bc-8b0fb1619ce5,Visit,56:13.9,Desktop,West,Referral,0,Yes,
8555,e0d2542b-1b4a-4f2a-97ed-ab23744f198d,View Product,52:05.4,Tablet,East,Paid,0,Yes,
8556,49af54e4-5d21-463c-b412-ff1c5d69a3c9,Visit,16:37.1,Tablet,West,Paid,0,Yes,
8557,1787eb6e-5a45-4abb-8a47-d181d31fa884,Visit,44:03.1,Mobile,South,Organic,0,Yes,
8558,8d8c609e-0064-48a0-abc3-7fbc1aaea409,Visit,30:13.4,Tablet,West,Organic,0,Yes,
8559,f4dc9c2e-f522-4fcc-85f4-5622539c0ef9,Visit,53:00.9,Tablet,North,Referral,0,Yes,
8560,fd4829e4-be84-49d7-910d-51672b0c865b,View Product,13:08.6,Mobile,East,Paid,0,Yes,
8561,494fec70-25cb-44eb-9a14-558f40d01786,View Product,48:04.9,Tablet,North,Organic,0,Yes,
8562,048c2cb2-5ebc-46c6-a9b9-aa1f60af0cda,Visit,39:45.9,Mobile,North,Paid,0,Yes,
8563,9b18b138-a1ea-4869-b69f-6707d59ff693,Visit,59:13.4,Tablet,West,Organic,0,Yes,
8564,9b3d7fa4-71e2-4f55-a534-772c1daddd55,Visit,06:25.8,Tablet,North,Paid,0,Yes,
8565,01b7847b-756e-4f13-849d-bfbbc99a416d,Visit,24:18.6,Tablet,West,Paid,0,Yes,
8566,2df91107-e3db-48d2-ae62-81bf8363a324,View Product,40:39.6,Tablet,North,Organic,0,Yes,
8567,ddb0baf3-0ee3-421c-92f0-e8308a526cee,Visit,10:54.8,Tablet,East,Organic,0,Yes,
8568,0058d9f6-8379-4717-93bd-3ddbf3182b35,Visit,57:11.2,Desktop,East,Referral,0,Yes,
8569,a5502add-4382-4964-984d-3031578a6819,Visit,47:51.2,Mobile,South,Paid,0,Yes,
8570,10af906b-d025-4a34-ad3f-6c9dbfe2f64e,Visit,32:51.1,Desktop,North,Organic,0,Yes,
8571,e62a16a7-d916-4b86-b089-664e64d0798d,Visit,49:41.7,Mobile,East,Organic,0,Yes,
8572,28e2d925-80cc-47c1-b857-b91c5901aa01,Visit,56:15.3,Desktop,West,Referral,0,Yes,
8573,afe0e8da-fb42-4a4a-bebb-d04b302bb2f2,Visit,26:54.6,Desktop,East,Organic,0,Yes,
8574,9747fd7b-a20e-4261-8509-917653c4573c,Visit,30:40.2,Desktop,South,Organic,0,Yes,
8575,b9e027a9-6bde-420d-b8b5-60af7824addb,Visit,38:10.4,Tablet,East,Organic,0,Yes,
8576,97e3b092-f90a-4ad5-9dd6-c8e12a1e0b69,Visit,32:46.8,Tablet,East,Referral,0,Yes,
8577,adcf9f6d-fbbb-4d1c-9406-9852a45126e6,View Product,22:46.6,Mobile,West,Referral,0,Yes,
8578,0849738b-ac92-482a-93a6-44257db335d3,Visit,27:39.8,Desktop,North,Organic,0,Yes,
8579,aab1021e-b17d-40ce-ba32-de2cd871b463,Visit,31:26.2,Tablet,South,Paid,0,Yes,
8580,5f5626af-8afb-4952-bab9-c3d003971eb4,View Product,38:08.5,Mobile,West,Referral,0,Yes,
8581,2fbf9922-68f0-4995-bc1f-ba49f3882053,Visit,20:05.9,Mobile,North,Referral,0,Yes,
8582,0d653171-e8f7-43fb-8bb0-d8612cde1ec6,Visit,39:37.9,Mobile,West,Referral,0,Yes,
8583,487bdd97-d0eb-4f71-9a4f-c6c1a7626941,View Product,09:16.9,Desktop,South,Referral,0,Yes,
8584,3302bed2-b654-44e8-bbf5-5c894f271126,Visit,58:51.0,Desktop,East,Referral,0,Yes,
8585,de922587-bca9-4252-8990-d5963265b874,Add to Cart,43:59.8,Tablet,East,Paid,0,Yes,
8586,5afb1f04-919c-4331-a950-cd68e5921d62,Visit,17:43.6,Mobile,South,Paid,0,Yes,
8587,fcd5c798-4b50-4cb0-91bf-a9b08d30aecc,Visit,23:06.5,Tablet,East,Referral,0,Yes,
8588,abfdc681-9b82-491f-b4d0-dfd54955804a,Visit,48:22.4,Tablet,North,Referral,0,Yes,
8589,0b5ef8cb-e36b-48fd-8479-6a2159934530,Visit,32:45.3,Tablet,South,Organic,0,Yes,
8590,7cfe4988-f7cf-4c5b-a711-0d42e70e56d2,Visit,59:38.6,Mobile,East,Paid,0,Yes,
8591,d46332ae-195e-4ade-9401-78a711a36d6c,Visit,01:40.4,Desktop,East,Paid,0,Yes,
8592,a92caa67-02a9-49f0-89bb-995e98f883a5,Visit,51:15.9,Desktop,East,Organic,0,Yes,
8593,c7115226-655e-444a-9151-cab7b230db08,Visit,25:38.7,Desktop,West,Organic,0,Yes,
8594,0da31997-4622-4ce4-9dda-5e5381beac9b,View Product,09:22.7,Desktop,East,Referral,0,Yes,
8595,ba17826f-527b-47bb-9587-2407dba273f6,Add to Cart,18:52.6,Mobile,West,Paid,0,Yes,
8596,c6cc8019-1cd8-49f4-9410-42b7bc4e30a5,Visit,06:33.0,Mobile,West,Referral,0,Yes,
8597,60395712-4bd3-4431-974a-f43e2984e65e,View Product,36:20.9,Desktop,West,Paid,0,Yes,
8598,617a3ce5-652d-4e6c-ba37-dd85812592f2,View Product,08:54.5,Mobile,South,Organic,0,Yes,
8599,5c4bceec-2ff3-4e5c-9dab-7fb46c2b85d0,View Product,59:55.8,Desktop,South,Paid,0,Yes,
8600,95234f73-e328-4680-b8ca-397e513c83bb,Purchase,14:09.5,Tablet,South,Organic,1921,No,No
8601,fe1929fa-5ba7-422e-9b5c-bc439eb22623,View Product,15:24.2,Tablet,South,Referral,0,Yes,
8602,5bf1e3b0-a710-4064-9b5e-0d6556e8e1f6,View Product,13:46.3,Tablet,West,Paid,0,Yes,
8603,eca80607-25c2-466d-8e65-f9bc60f85eb3,Visit,17:44.6,Mobile,West,Paid,0,Yes,
8604,0b343f98-21a4-4586-9490-c4b6500d175e,Visit,43:45.5,Mobile,West,Organic,0,Yes,
8605,bdc9f277-c4d2-4564-98bb-d6242f2d7d55,Visit,07:26.1,Mobile,South,Paid,0,Yes,
8606,628a9128-2934-43a8-8c3e-3ce56f8bf9d6,Visit,17:19.3,Mobile,South,Organic,0,Yes,
8607,ac672ca6-9a67-42a4-8fcb-558b63c3cbb8,Purchase,10:24.2,Desktop,South,Organic,1125,No,No
8608,e428450d-582c-450c-a4e9-d01826ebe96f,Visit,16:04.0,Desktop,West,Organic,0,Yes,
8609,c51afa5b-c097-47e6-8677-859dc21b20c8,Visit,35:41.3,Desktop,West,Referral,0,Yes,
8610,84ee172b-c1de-4537-b767-4625703c5a85,Visit,08:43.7,Desktop,East,Organic,0,Yes,
8611,3bc62161-bb77-4c27-9fa7-421b8ee064d0,View Product,27:31.7,Tablet,East,Referral,0,Yes,
8612,57fa6845-3e0b-4298-869f-8e784998e987,Visit,53:39.2,Mobile,South,Paid,0,Yes,
8613,28329784-b742-4bde-9037-58c1234bd780,Visit,04:15.2,Desktop,East,Organic,0,Yes,
8614,4fa86125-d82e-4885-8f76-4626df3cabe3,Visit,10:15.7,Desktop,East,Organic,0,Yes,
8615,2bd8dded-ae8e-48de-b0df-d174795728bf,Visit,50:07.7,Tablet,West,Referral,0,Yes,
8616,8caddb46-5107-40e7-887a-e096324ea1fa,Add to Cart,18:45.4,Mobile,North,Referral,0,Yes,
8617,654b4191-2869-43dd-95c8-e158388df0ee,Visit,06:39.3,Tablet,North,Paid,0,Yes,
8618,789c0c8c-7d24-4f8f-be15-3ac295aabe11,Visit,21:04.5,Tablet,North,Paid,0,Yes,
8619,2a066e6f-db95-4eb7-b80b-31ed5b35e8d2,View Product,23:32.4,Desktop,South,Organic,0,Yes,
8620,ab8190a5-b540-4b5c-b5a4-efdaca157cd7,Visit,59:42.6,Mobile,West,Organic,0,Yes,
8621,91117c2b-09a3-42de-b0d9-76b5f7b2a7c1,Visit,20:20.8,Tablet,North,Organic,0,Yes,
8622,0d436e6f-8298-4239-a784-fd27ef0d77d3,View Product,02:49.6,Mobile,North,Referral,0,Yes,
8623,bd7df17f-bad2-4ef9-8b5b-0d2254889e7f,Visit,05:50.6,Desktop,East,Referral,0,Yes,
8624,aacaae3a-2c0c-4d3d-bda7-9d3b2d7aa0c1,Visit,52:30.5,Tablet,South,Referral,0,Yes,
8625,d0cc5207-1a68-4a52-9834-10783070292f,Visit,17:31.1,Mobile,South,Referral,0,Yes,
8626,c7097728-aaff-4035-a42a-9df3e2c0a137,Visit,02:24.0,Tablet,South,Paid,0,Yes,
8627,b0eb3b46-8e74-4b3b-9407-11418b4065e5,Visit,18:25.0,Tablet,East,Referral,0,Yes,
8628,654ce412-3e8e-4f1f-9f98-d79d0bc30b30,View Product,13:09.4,Tablet,South,Paid,0,Yes,
8629,532c9e11-cc6b-4122-81ad-517ac815d3af,Visit,28:40.3,Mobile,East,Paid,0,Yes,
8630,e648421e-17dc-4657-94d3-01d08094d81f,Visit,30:56.4,Mobile,South,Organic,0,Yes,
8631,065432a4-ccdc-480d-9567-8cf2b3df5edc,Visit,18:23.8,Desktop,West,Paid,0,Yes,
8632,3b76c65c-2ec1-4e56-b022-aa0bc831cf5e,Visit,08:24.9,Desktop,South,Paid,0,Yes,
8633,2ac906ec-4dfe-4ac0-b1ee-707609f45981,Purchase,44:25.4,Mobile,East,Referral,1145,No,No
8634,e577a5bb-f4d7-4497-bed4-431ff9670063,Visit,25:25.2,Mobile,South,Referral,0,Yes,
8635,6a8d0d2a-12e0-4d5a-9b6f-376f3950924f,Visit,52:47.9,Mobile,West,Referral,0,Yes,
8636,8338c5bb-73a6-4978-aa04-2dffb997bb74,Visit,25:02.8,Mobile,North,Referral,0,Yes,
8637,3f092ed1-29a3-4cb9-aee9-7a4f456f63d1,Visit,50:49.7,Desktop,West,Organic,0,Yes,
8638,d6e5131f-bd2b-4bb9-b0ba-f4e8bd55c0e3,Visit,06:13.7,Tablet,East,Paid,0,Yes,
8639,45661349-3845-4691-8909-0b72c25b40ba,Visit,31:53.1,Desktop,North,Paid,0,Yes,
8640,bcc71daf-9ea6-4f4f-9d8a-4ae2db9d10e6,Visit,00:01.4,Mobile,West,Referral,0,Yes,
8641,f6c7979f-6e53-4ba3-8ee2-827f58cd6657,Add to Cart,50:53.3,Mobile,West,Organic,0,Yes,
8642,76a6418c-f191-44cb-a747-a51c03de6878,Visit,41:56.4,Mobile,South,Referral,0,Yes,
8643,545524c8-c076-4608-a632-146bc29a9f35,Visit,59:06.4,Mobile,East,Referral,0,Yes,
8644,bb12aa55-cfd9-4697-9950-d30de6bf67a5,Visit,48:24.7,Tablet,North,Organic,0,Yes,
8645,5c7a7ab5-ba6b-4f5d-a95d-3327570ab6df,View Product,56:45.8,Mobile,West,Paid,0,Yes,
8646,dde53900-d0e9-4c97-a167-1d741fb590fa,Visit,41:02.6,Tablet,North,Referral,0,Yes,
8647,67fe53f8-4680-4bb9-bc1d-52d8e728d1d1,Visit,03:54.5,Desktop,North,Referral,0,Yes,
8648,16df782f-ed71-4465-9e8d-82e5ed54a04f,Visit,22:03.0,Tablet,South,Referral,0,Yes,
8649,9cf110d7-4381-4b38-a0ee-f4bbb9e253e7,Visit,44:39.8,Mobile,South,Organic,0,Yes,
8650,bd50a3c5-964d-4854-89fe-bcf4afb5263d,Visit,05:44.3,Desktop,West,Paid,0,Yes,
8651,aa894b96-f710-4fe3-a43f-0ba22fed104e,View Product,07:12.0,Desktop,South,Paid,0,Yes,
8652,59a3624d-8591-448e-8ac3-0a3c6cbabda5,Visit,40:55.6,Tablet,North,Organic,0,Yes,
8653,2c748b98-943e-479d-997e-4fd46ec6fd72,Visit,12:12.4,Tablet,East,Paid,0,Yes,
8654,ccf438bc-2598-48a4-a600-ccdd34782e74,Visit,27:47.2,Tablet,West,Referral,0,Yes,
8655,56875f3d-c6d1-405a-9abc-7c285caf195d,Visit,04:09.8,Desktop,South,Referral,0,Yes,
8656,24eb6a52-4d8e-4392-97ee-f24851918dc2,Visit,38:45.4,Tablet,East,Paid,0,Yes,
8657,954c2c60-b259-490e-aeeb-d77faf6f4829,View Product,45:22.6,Desktop,West,Paid,0,Yes,
8658,44dd3e2d-62b9-4631-93e8-c65e2347683b,View Product,32:53.8,Tablet,North,Paid,0,Yes,
8659,ed692ded-d128-4aa3-9c2f-ea08c8a66e8f,Visit,08:01.7,Desktop,South,Organic,0,Yes,
8660,26efee2a-ab65-4561-8c2d-8c2e0631a046,Visit,48:30.0,Desktop,North,Paid,0,Yes,
8661,8eb43d92-41f2-4d92-94aa-0bf299534161,Visit,45:58.4,Tablet,North,Referral,0,Yes,
8662,dc5901d0-0239-48b8-a310-0ee65748816f,Add to Cart,18:00.2,Desktop,West,Paid,0,Yes,
8663,a9cc6ceb-929e-465f-88f7-83febe8b47b8,Visit,07:06.8,Tablet,South,Organic,0,Yes,
8664,5cab03e1-b9d0-4e45-b4d8-1907f5bd6204,Visit,19:33.4,Tablet,South,Organic,0,Yes,
8665,8faae84d-6039-4dea-be37-2da7ab5d4792,Add to Cart,48:00.8,Tablet,East,Referral,0,Yes,
8666,aa4852f0-21b3-42ec-954f-0052ddefd631,Visit,51:09.9,Tablet,South,Organic,0,Yes,
8667,7d7e2ca1-596a-4fb6-8662-df697040d851,Visit,56:57.9,Tablet,West,Organic,0,Yes,
8668,5ce67687-109c-4bde-8284-33d770432784,Visit,51:27.7,Tablet,North,Organic,0,Yes,
8669,41f2a8e1-8162-44e2-8464-d64e443e72ea,Visit,46:10.6,Desktop,West,Paid,0,Yes,
8670,3a4f2210-cf0b-4f76-bb3a-8f73a47f1e86,Visit,06:54.1,Tablet,North,Organic,0,Yes,
8671,c6330e87-88c1-4828-a23e-50e2d20aea80,View Product,54:20.0,Tablet,North,Referral,0,Yes,
8672,6c71dac8-24ce-446c-a8f4-b5726992621d,Visit,09:02.7,Mobile,North,Organic,0,Yes,
8673,a2e57afd-e792-4aa0-968a-7982b6967ac9,Visit,38:14.3,Tablet,South,Organic,0,Yes,
8674,9f598c10-c2cf-4fe6-80b3-a7e3cde00e26,Add to Cart,39:35.0,Tablet,West,Referral,0,Yes,
8675,e6006f22-648f-46e6-837d-556618290e80,View Product,22:07.6,Tablet,East,Referral,0,Yes,
8676,62ed5584-e739-43a6-8801-a18a9e21448a,Visit,19:20.7,Desktop,North,Referral,0,Yes,
8677,3bda4453-4a71-4cd4-8610-cfc92d58499d,View Product,42:07.7,Tablet,East,Referral,0,Yes,
8678,acc7ddcf-5839-450c-8143-cd47db2bae50,Visit,04:55.4,Mobile,West,Paid,0,Yes,
8679,50de9158-c111-4ac2-b0c5-d9b27cda3130,View Product,29:48.1,Mobile,West,Organic,0,Yes,
8680,b062c307-7e20-44d1-85e9-6e5ea5bc6221,Visit,01:04.5,Tablet,West,Referral,0,Yes,
8681,99b41ffe-26c8-42a9-abf0-9cd9aac7253f,Visit,54:29.5,Tablet,East,Referral,0,Yes,
8682,de6088b9-3e95-42f1-b871-2b7ac8b50b5b,Visit,30:45.4,Desktop,South,Organic,0,Yes,
8683,57521c86-d054-4167-aed3-d87b645b8d7f,View Product,39:39.0,Tablet,South,Paid,0,Yes,
8684,3fadd34c-7e1d-408a-83b8-11fcbcdb746d,Visit,09:51.9,Tablet,South,Organic,0,Yes,
8685,65f2891f-e8a0-4809-a76f-6f1fe8f3f4c4,Visit,14:46.8,Tablet,West,Referral,0,Yes,
8686,72e927d5-b6fa-447b-836e-7fc8c5d1157d,Visit,05:18.3,Desktop,East,Organic,0,Yes,
8687,f65955aa-ce56-43fa-af91-10105ea2eac8,Visit,47:40.0,Mobile,South,Paid,0,Yes,
8688,c6cc96b5-a835-4b15-84cf-f843e18ee79b,Visit,26:57.4,Tablet,West,Organic,0,Yes,
8689,111e8220-7b8f-4b4f-b1fd-81ad7024dc94,Visit,34:23.9,Desktop,North,Organic,0,Yes,
8690,88a87448-ecbf-421e-aa1a-1147c1c1c32b,Add to Cart,52:47.2,Mobile,East,Referral,0,Yes,
8691,e5468fea-8f05-4652-b48d-698312f90b53,Visit,25:42.9,Mobile,West,Organic,0,Yes,
8692,a159c894-5a7d-46a1-a021-1ebcb8e7571d,Visit,53:08.7,Tablet,East,Referral,0,Yes,
8693,e0d4e641-9c9f-45b5-bfa5-b7d466587607,Visit,36:28.0,Tablet,West,Paid,0,Yes,
8694,812d2feb-75fe-4dc5-96f1-7d994c888a1b,Visit,35:20.7,Tablet,South,Paid,0,Yes,
8695,02a16ed7-5f80-4088-b57c-dec3f707d35e,Visit,28:53.2,Mobile,East,Organic,0,Yes,
8696,3bf12353-946a-4316-a104-23ba2a0c84f6,Visit,23:56.2,Desktop,East,Paid,0,Yes,
8697,a4abf0c9-9216-4e0a-b2b7-7cc347d52347,View Product,02:00.1,Mobile,South,Paid,0,Yes,
8698,11cb4fbe-8446-4376-9c68-425d9fdc2849,Visit,36:59.3,Mobile,East,Referral,0,Yes,
8699,26d7b8c1-406d-40d1-907e-712397a0ca03,Visit,20:33.0,Mobile,West,Paid,0,Yes,
8700,a64e2684-1167-42ca-b590-57fa85645862,Visit,02:05.6,Mobile,West,Paid,0,Yes,
8701,28ce0f40-5750-448b-8549-14c15ed3bf81,Visit,25:15.5,Tablet,East,Paid,0,Yes,
8702,d4030b26-9d6d-4844-8698-668d5f7baa6b,Visit,17:42.7,Mobile,West,Organic,0,Yes,
8703,8bfefddb-63df-4766-8568-fe6eb605a644,Visit,03:05.3,Desktop,West,Paid,0,Yes,
8704,e8f98e5b-3c17-4eba-beca-efde24349be3,Visit,25:10.9,Mobile,North,Referral,0,Yes,
8705,2773e27b-8f77-461d-a970-a013bf445c23,View Product,37:51.2,Desktop,West,Referral,0,Yes,
8706,b35d9384-68b8-457f-a01e-9b2eb54aaa34,Visit,55:57.5,Mobile,West,Organic,0,Yes,
8707,fd522470-59bd-4924-958b-6e5f1be2e8b4,Visit,33:43.5,Tablet,South,Organic,0,Yes,
8708,9211f521-9fca-409b-8835-1cc7a5a969d7,Visit,54:19.3,Mobile,West,Organic,0,Yes,
8709,7267ec80-4763-4458-9683-7cd95d938f8c,Visit,37:26.3,Mobile,East,Organic,0,Yes,
8710,df7b5edb-6bee-4f6a-bec0-82143319dcfc,Visit,30:41.6,Desktop,North,Organic,0,Yes,
8711,4bc0d316-aaac-43b9-a40c-7d195cebdc66,Visit,13:04.6,Tablet,North,Referral,0,Yes,
8712,dd80735a-b406-4904-a907-981e5bb51d33,Visit,12:47.8,Mobile,South,Organic,0,Yes,
8713,6a8b1da4-f022-4a64-b92c-92afa3715a2c,Visit,06:20.4,Mobile,North,Organic,0,Yes,
8714,7cc2837b-c581-461e-88c9-a7b37282ba9d,Visit,45:21.9,Desktop,South,Organic,0,Yes,
8715,39333921-3210-40a0-9336-4778deb8c2d3,Visit,57:45.7,Tablet,South,Paid,0,Yes,
8716,cf1a850c-3bc4-4a12-855d-4511495cb826,Visit,00:29.8,Tablet,West,Referral,0,Yes,
8717,0d814d99-3655-463e-a3de-4dbf597564b8,View Product,20:19.9,Tablet,East,Referral,0,Yes,
8718,7598df35-92c7-4309-91d4-29eb6639c5de,Visit,06:24.2,Mobile,West,Organic,0,Yes,
8719,8742b195-af3c-4d11-a18d-8acfe5eaf477,Visit,18:05.1,Mobile,South,Referral,0,Yes,
8720,f1428fd9-0b15-4892-a768-ea1401cc4c51,Visit,29:51.8,Desktop,North,Organic,0,Yes,
8721,7cf098ae-b80d-4bf0-b91b-361775d87965,Visit,13:26.7,Desktop,East,Paid,0,Yes,
8722,1a0913d7-118b-4950-b559-1ef1c17c2f67,Visit,21:21.5,Tablet,West,Referral,0,Yes,
8723,5bb6960c-cc87-4dfc-ad8b-9ca3911679ff,Visit,41:16.2,Mobile,East,Paid,0,Yes,
8724,67575736-201a-4f0b-93fc-9a7572e81630,Visit,39:07.6,Desktop,East,Organic,0,Yes,
8725,61169eb2-2292-456f-b8fd-c6c26a8facd6,Visit,11:02.0,Tablet,South,Organic,0,Yes,
8726,84ad4421-963d-4c9f-ba1c-e31062db7f6c,Visit,41:39.4,Desktop,North,Organic,0,Yes,
8727,38befebf-8d9a-4211-bd57-c39f61788a3f,Visit,11:25.8,Tablet,South,Paid,0,Yes,
8728,15dee124-1e5d-43b1-baf4-6113132deaa3,Visit,40:35.3,Mobile,West,Paid,0,Yes,
8729,0c8b2379-38a2-43c0-b29c-9a19a715a656,Visit,34:09.5,Mobile,West,Organic,0,Yes,
8730,a0d72522-312a-4234-a077-80af85b859e6,Add to Cart,04:34.7,Mobile,West,Paid,0,Yes,
8731,7280c69b-ffbb-426d-b371-b6d45c263d14,Visit,16:44.7,Tablet,North,Referral,0,Yes,
8732,5c74668f-e93e-4e46-86b3-390158cef7a2,Visit,05:50.7,Desktop,West,Referral,0,Yes,
8733,253e26c6-b261-430a-988e-f91e3839e413,Visit,37:00.6,Mobile,North,Referral,0,Yes,
8734,7d01ed9f-ca61-46b8-b2bc-1373cbdcaa7e,Visit,26:27.6,Desktop,West,Referral,0,Yes,
8735,8d2a9fd0-1c95-4b1e-8536-7adf1fc6db8a,View Product,00:07.7,Desktop,North,Paid,0,Yes,
8736,09fa35e6-1ce2-48f4-a96f-334fdc16ccca,Visit,31:24.2,Desktop,South,Paid,0,Yes,
8737,06080927-affc-4924-855d-e882d195a356,Visit,13:41.0,Desktop,South,Organic,0,Yes,
8738,5a29c367-e6b1-4401-a951-5ddfcb07b3c3,Visit,05:26.9,Mobile,West,Referral,0,Yes,
8739,d7b100e8-6da8-459d-89cd-c214ad4bdb1b,Add to Cart,54:46.3,Tablet,South,Referral,0,Yes,
8740,b5df856a-992d-42de-9f12-8e53d5d70461,Visit,50:51.4,Tablet,North,Referral,0,Yes,
8741,835d9761-82b1-4e88-a782-495918b6e9ea,Visit,33:54.5,Desktop,North,Organic,0,Yes,
8742,2ee4fcbe-0cf2-4d8a-b046-2317cd54a6da,Visit,15:00.4,Mobile,South,Organic,0,Yes,
8743,36c0b624-28d3-41d2-bfc0-a339da658907,Visit,03:30.9,Mobile,North,Referral,0,Yes,
8744,bd99f042-a5c3-4aec-a528-6be8ef79d637,Visit,53:22.5,Mobile,East,Paid,0,Yes,
8745,b8e394f5-59da-41c5-b249-4e02aaacadfc,Visit,51:43.0,Desktop,North,Referral,0,Yes,
8746,1f657812-bdc1-4987-9bee-094c7015cde9,Visit,46:38.1,Tablet,East,Organic,0,Yes,
8747,c81f0ca0-46f7-4943-a0f5-0bf7ece6c83a,Visit,58:14.7,Desktop,North,Paid,0,Yes,
8748,63634b86-1076-4b10-b61a-1ae7b144a719,Visit,54:45.9,Tablet,South,Referral,0,Yes,
8749,24fde0f7-5d0f-48b0-a5e7-7c01c8acb689,Visit,14:11.8,Desktop,South,Referral,0,Yes,
8750,884457ed-94fb-4f31-9851-3f07412551c0,Visit,26:01.1,Desktop,South,Paid,0,Yes,
8751,ad1d1889-6128-4ec6-955c-2277f2c29e32,Visit,22:29.0,Tablet,West,Paid,0,Yes,
8752,f17cd142-7294-4f6b-a9a8-a381cae61c1b,Visit,03:25.2,Tablet,South,Referral,0,Yes,
8753,5d8c82b6-6cb4-4a3c-b5f6-10b5ad54e3e9,View Product,23:04.2,Mobile,South,Organic,0,Yes,
8754,941c7ebf-16bc-416d-9881-7de0486809d9,Visit,52:02.9,Desktop,South,Referral,0,Yes,
8755,87990869-62d0-4bd7-ad23-1d796560d406,Visit,42:22.6,Tablet,North,Paid,0,Yes,
8756,7b076a95-3f5f-4b9f-89f0-eaf8ee995637,Visit,00:29.9,Tablet,South,Paid,0,Yes,
8757,afb4449c-aeee-4fb5-9c58-d948dec0c119,Purchase,43:32.8,Tablet,East,Referral,324,No,No
8758,931e5f5f-b312-4acd-9516-aa3a13da2d9f,Visit,54:21.7,Tablet,East,Referral,0,Yes,
8759,78338ca7-d01c-43db-b814-628182a9e131,Visit,55:59.1,Desktop,South,Paid,0,Yes,
8760,2fccba93-177b-4c76-bcd0-9e3e1fe5fe0e,Add to Cart,13:39.6,Tablet,North,Paid,0,Yes,
8761,38730829-99d1-4b85-b8bf-c63ec16d60b8,Visit,54:16.5,Tablet,West,Referral,0,Yes,
8762,8a257e92-f87f-43f1-ada6-b3a22c09c5da,Visit,31:45.1,Tablet,South,Organic,0,Yes,
8763,30cd397b-ad50-4e71-aa93-751266084f3e,Visit,31:38.2,Tablet,South,Organic,0,Yes,
8764,e32c185f-94d9-42fd-8c16-e480fa3945cb,Visit,18:21.3,Desktop,North,Organic,0,Yes,
8765,cdf0d779-f8b3-4c63-a73f-9a8681b4e7cb,Visit,43:27.6,Mobile,West,Referral,0,Yes,
8766,5ddd3d39-7b8b-4052-bca9-3fdead3c6f70,Visit,40:53.6,Desktop,North,Organic,0,Yes,
8767,44362e5c-c849-4505-83de-bd2a4bb8d938,Visit,22:31.8,Desktop,East,Referral,0,Yes,
8768,b0f7ae28-d762-426a-a1ce-ba556e0f8569,Visit,52:38.5,Desktop,South,Organic,0,Yes,
8769,e7b35d9c-2a19-49e7-8f01-e8f82aaa2937,Visit,21:21.9,Mobile,East,Paid,0,Yes,
8770,3b294824-ca02-47a3-b645-54d83b8cc48e,Visit,35:44.3,Mobile,North,Paid,0,Yes,
8771,f12999a5-7b74-452b-90e0-9315c429ad0f,Purchase,16:21.2,Tablet,North,Organic,1479,No,No
8772,6f1958ed-2b97-4565-8fbe-593a14b35ecb,Visit,05:14.7,Desktop,South,Organic,0,Yes,
8773,259c43a0-e55c-4cc3-83e8-ea1ca6696c63,View Product,59:43.5,Mobile,West,Organic,0,Yes,
8774,e8ed376e-9a3f-4796-a4f8-dda8877f1555,Visit,09:13.6,Desktop,East,Referral,0,Yes,
8775,5a0ebc14-8bc3-4510-abaa-e13d83c9dc51,Visit,43:57.2,Mobile,North,Referral,0,Yes,
8776,de0fa1e6-9614-4582-a186-8bea92c79014,Visit,01:34.0,Mobile,North,Referral,0,Yes,
8777,24cb92a9-374d-45bc-b2c8-e2e72b8d29dd,Visit,06:05.0,Tablet,South,Referral,0,Yes,
8778,d31b6f28-67bf-40d8-b04a-d724888a2192,Visit,07:24.7,Mobile,North,Paid,0,Yes,
8779,f8ee0d29-4aaa-4384-a2da-ed79e4975a49,Visit,45:13.4,Tablet,South,Organic,0,Yes,
8780,efb8ce99-0642-4881-85f3-57b7f78176ea,Visit,32:52.7,Tablet,North,Organic,0,Yes,
8781,0a8cdb26-be9e-4821-8bd9-d634caebc015,Visit,09:31.0,Desktop,West,Paid,0,Yes,
8782,1439a1c8-793f-4794-a79f-fb7ad6f9291e,Visit,06:54.2,Desktop,West,Referral,0,Yes,
8783,3aed5ad6-6875-4ba7-b611-36f4abec3723,Visit,24:03.4,Tablet,East,Organic,0,Yes,
8784,6edc550a-1724-4d04-aecf-a4a89601eca5,Visit,05:54.8,Mobile,East,Organic,0,Yes,
8785,c585ca7e-4634-426a-915a-50ac433c5957,Visit,11:07.8,Mobile,North,Paid,0,Yes,
8786,9b80a417-8ffe-4238-978c-6c0dc8f42326,Visit,32:11.1,Tablet,North,Organic,0,Yes,
8787,4d39e8ba-709a-45c7-a0ce-54b0d5c81564,Visit,31:28.7,Desktop,North,Paid,0,Yes,
8788,8ef2f84a-ef56-4cf3-8ece-977a91c1496a,Visit,45:48.7,Tablet,West,Referral,0,Yes,
8789,3f0cc884-0314-43fa-afdf-49621d4aa210,View Product,00:45.6,Tablet,East,Organic,0,Yes,
8790,8455cd8d-00c4-4c12-8842-fc7cfc4628fa,Visit,56:06.7,Mobile,West,Paid,0,Yes,
8791,605f7c39-68bf-46e4-9366-643ffb01ebf2,Visit,29:18.0,Desktop,East,Referral,0,Yes,
8792,5a644aee-f68c-4151-b292-44ea5c58e46e,View Product,20:18.6,Desktop,South,Referral,0,Yes,
8793,ae1ab8cd-fc70-4929-9319-e13a89147b54,Visit,36:06.7,Mobile,North,Organic,0,Yes,
8794,fe1241a5-a50b-4ea7-bf86-637135c8451f,Visit,48:41.9,Mobile,South,Organic,0,Yes,
8795,dac9e515-2944-47f4-8010-da0397a18caf,Visit,57:58.6,Desktop,East,Organic,0,Yes,
8796,05d276bf-d5f2-4e05-aec6-d56e25ace507,Visit,02:34.7,Desktop,South,Referral,0,Yes,
8797,b71e3c48-4266-4008-bf30-4090e8f997e4,Visit,34:04.5,Desktop,North,Paid,0,Yes,
8798,3955248a-db68-486a-a950-67216634f09c,Visit,40:58.8,Tablet,North,Organic,0,Yes,
8799,f49a775e-e964-4693-8129-360f580cf2dc,View Product,32:19.6,Tablet,West,Paid,0,Yes,
8800,ee113d3a-7dbe-4c63-8744-5b7094dd1988,Visit,43:36.6,Tablet,South,Paid,0,Yes,
8801,040583bf-37d5-49c5-8b2f-3620ab11e4c5,Visit,36:24.3,Mobile,South,Referral,0,Yes,
8802,aa442f6f-6bf5-4bc6-850b-5e7a6c6bbffc,Visit,24:01.7,Tablet,East,Organic,0,Yes,
8803,9987a9eb-97a1-411e-88cd-289997022c5e,Visit,06:05.5,Mobile,South,Referral,0,Yes,
8804,0bfac7b7-80ba-4d62-8a43-3ee0000e1038,Visit,27:03.4,Desktop,West,Paid,0,Yes,
8805,d0edff62-6b8d-4bcb-82ac-5ad3d981b0fd,Visit,19:09.0,Desktop,North,Paid,0,Yes,
8806,64584d74-e9aa-4ba5-8424-c9bdc75505ef,Visit,53:44.1,Desktop,South,Paid,0,Yes,
8807,03a29e47-c0f7-42df-bb70-9e356882c382,Visit,02:28.2,Desktop,North,Organic,0,Yes,
8808,7378c5cc-196c-43c7-b8d4-d6091e0ee2b5,Visit,23:15.5,Mobile,North,Organic,0,Yes,
8809,f9dfb1a3-1943-4fac-995f-df4148b42cae,Visit,50:21.4,Desktop,South,Referral,0,Yes,
8810,33bb4908-be56-429e-b4dd-e95fad9ebd2f,Visit,19:37.2,Tablet,East,Paid,0,Yes,
8811,827f60ab-6eb6-45f8-b6e8-7f4b1daa3d52,Visit,11:12.2,Desktop,North,Paid,0,Yes,
8812,86c9130a-81fc-4cb8-b85a-f4fbd9905517,Visit,12:39.7,Desktop,West,Paid,0,Yes,
8813,d890672b-6f99-4d3d-94d2-3014b06d2f30,Visit,22:43.4,Tablet,West,Referral,0,Yes,
8814,cbfaa905-e0a6-4ec7-a0e0-8bfee36a61ca,Visit,36:13.2,Tablet,East,Referral,0,Yes,
8815,d995aa27-7b62-4c30-acda-e6197692ed7c,Visit,42:49.0,Tablet,East,Referral,0,Yes,
8816,32c3dfae-2c87-4e52-8c9a-741a9aa3c438,Visit,53:24.9,Mobile,South,Referral,0,Yes,
8817,bbcdf7e0-af6a-4acb-af2a-68d2c25f9a2a,Visit,45:57.3,Tablet,North,Paid,0,Yes,
8818,3b0ef8c3-75bc-43b4-89e7-7557770804c0,Visit,52:12.1,Mobile,North,Paid,0,Yes,
8819,28604f69-4d1b-4d7c-8232-0d5185f79125,Visit,33:05.7,Mobile,East,Organic,0,Yes,
8820,5a76270e-18f3-4c56-950a-a36114ffb148,Visit,46:00.2,Desktop,West,Paid,0,Yes,
8821,454bd432-0a84-48b9-9c15-3baaf3f98063,Visit,26:11.4,Mobile,West,Paid,0,Yes,
8822,c58e3ca8-b2e3-42a5-aecb-1ca399c5376c,Visit,57:06.9,Mobile,South,Referral,0,Yes,
8823,af00fd39-5c95-4558-bd40-4711491a63a3,Visit,16:43.4,Tablet,East,Referral,0,Yes,
8824,0359918f-f63e-43b5-9e33-1ea037717455,Visit,18:13.5,Desktop,North,Referral,0,Yes,
8825,75096117-d51d-49fa-9dd8-08ae9ddddb9c,Visit,43:15.6,Tablet,East,Paid,0,Yes,
8826,0550d30f-d37c-458a-a8fa-2a48089c93b4,Visit,09:53.5,Tablet,South,Referral,0,Yes,
8827,9b0ad9ec-495f-4d20-9077-3045ab92cbd1,Add to Cart,03:48.3,Tablet,East,Paid,0,Yes,
8828,fdd13c93-2d04-4868-9bf7-155118716afc,Visit,48:57.8,Desktop,North,Referral,0,Yes,
8829,22fae451-8919-48d3-a1b3-dfcb320fad5b,Visit,05:33.2,Mobile,West,Referral,0,Yes,
8830,508ee7ef-a26a-46e8-ab2b-e3f95754b3d9,Visit,05:52.2,Tablet,North,Referral,0,Yes,
8831,1ab67054-c356-4a9f-b2e7-12be22efdeeb,Visit,00:43.6,Desktop,East,Organic,0,Yes,
8832,1fce1f25-f511-458c-8ff3-32c3ab08fd4c,Visit,45:17.6,Desktop,South,Organic,0,Yes,
8833,47ccc0f5-a7cf-4bf0-9dbf-bc3ef39c7576,Visit,24:30.6,Tablet,West,Paid,0,Yes,
8834,d19f73f4-19f9-47b7-b117-18ca2abcf1e0,View Product,46:32.5,Mobile,East,Paid,0,Yes,
8835,8b1ac947-1c30-475e-a6f6-92641ea2bdf0,Visit,17:55.2,Mobile,North,Paid,0,Yes,
8836,d755bf3e-6a0b-4c14-81c0-d1cdea353fa7,Visit,49:24.7,Mobile,South,Referral,0,Yes,
8837,73d15c09-6338-407b-afb5-b92752c1182b,Add to Cart,29:59.9,Mobile,West,Referral,0,Yes,
8838,979f9130-11cc-4e62-b831-b259252d0904,Visit,21:00.1,Mobile,South,Organic,0,Yes,
8839,b787e8c2-584e-4e60-b0e9-92d74b525776,Visit,53:11.7,Desktop,West,Paid,0,Yes,
8840,7fdd25b1-c505-4b73-bfa0-9d7cab339c7e,Visit,11:54.8,Mobile,West,Paid,0,Yes,
8841,8370307e-3137-4b9c-bea4-4bbb1c74b41d,Visit,19:06.2,Desktop,North,Organic,0,Yes,
8842,e7fc48c1-8df7-4582-b35e-ab44b504077d,Visit,16:10.8,Tablet,North,Referral,0,Yes,
8843,0aed5ca9-5534-4596-ac99-d5fc2d23b0c3,Visit,08:44.0,Desktop,East,Referral,0,Yes,
8844,fbedf054-dd97-4700-a829-0ccf06fd1d49,Visit,24:02.4,Mobile,South,Organic,0,Yes,
8845,f9aae566-eb59-4222-a203-5939a90da6b6,Visit,06:43.5,Mobile,East,Organic,0,Yes,
8846,ff9cb6d3-8b6b-418b-a475-5313183cb830,View Product,02:26.7,Tablet,West,Paid,0,Yes,
8847,8df3cfbd-3537-4f1a-924e-1c55e0bd9f1d,Visit,42:38.9,Mobile,West,Referral,0,Yes,
8848,e7246d7f-a0db-4e0b-8b0a-fb077ebe1f5f,Visit,08:05.7,Mobile,North,Organic,0,Yes,
8849,55d45335-9c85-4b33-8a18-c68395e0cac1,Visit,23:05.6,Desktop,East,Referral,0,Yes,
8850,8e9f2666-ba01-431d-bfde-90c23d4aa7a4,Visit,28:09.0,Mobile,North,Referral,0,Yes,
8851,66cb25ff-9ce3-45ed-a7ba-638364d0dd71,Visit,00:25.6,Mobile,West,Referral,0,Yes,
8852,6fdbb4b2-ad09-49df-ab99-1f87afe22e87,View Product,36:00.0,Mobile,South,Paid,0,Yes,
8853,47feb1c8-427e-4d70-9fbc-e377c822f4d2,Visit,32:33.6,Tablet,South,Paid,0,Yes,
8854,c82b5ce0-44c4-45d1-82b6-245083737ae0,View Product,51:32.2,Desktop,North,Referral,0,Yes,
8855,d2826647-e3ad-4cd6-a460-7706c013e5c5,Visit,00:09.2,Desktop,North,Referral,0,Yes,
8856,921dd19f-d000-4487-8830-91f9b9ee9829,Visit,43:34.9,Tablet,North,Paid,0,Yes,
8857,d0a513af-3da3-45b3-aac2-750b67e49789,Visit,56:12.0,Mobile,North,Organic,0,Yes,
8858,31a06b05-755e-4d18-a87a-afdcf2687759,Visit,42:34.3,Tablet,North,Organic,0,Yes,
8859,1bde0621-8673-44b2-8f94-288c1c87719f,Add to Cart,19:41.5,Tablet,West,Paid,0,Yes,
8860,2b0e9c49-ed98-4987-897b-fb2ee3af97f1,Visit,26:47.3,Mobile,West,Referral,0,Yes,
8861,38f91287-ccd4-4e34-a7b4-6d5e171b2f28,Visit,08:34.0,Tablet,West,Paid,0,Yes,
8862,aa4f16d4-2178-40cb-8e80-f3973d470c02,Visit,08:24.7,Desktop,East,Organic,0,Yes,
8863,1a575461-dcd0-4af4-bfb9-70f4e3f10866,Visit,25:27.5,Desktop,South,Organic,0,Yes,
8864,fe543ffa-1b09-4160-8aec-da73d16dc161,Visit,39:28.1,Tablet,East,Organic,0,Yes,
8865,0ff0ccbb-17ae-449f-a299-6569f686c1b1,Visit,12:18.2,Mobile,South,Paid,0,Yes,
8866,753966de-a985-434b-807f-3108027992de,Visit,47:33.3,Desktop,North,Paid,0,Yes,
8867,47941f67-7403-4e02-bf98-16a15b151339,Visit,26:18.7,Tablet,East,Referral,0,Yes,
8868,00c3360f-c6b2-4263-bdf1-976262b1fb1d,View Product,50:43.6,Tablet,West,Paid,0,Yes,
8869,f2e3dda5-7467-48a2-9a79-117abb5f4c7d,Visit,36:07.6,Desktop,North,Organic,0,Yes,
8870,b29d78a5-e26b-44eb-8b7a-a14eb3054dcd,Visit,21:40.3,Mobile,South,Paid,0,Yes,
8871,23857e81-4549-4bbc-bbb6-6aa573dfbc08,Visit,40:41.3,Desktop,East,Referral,0,Yes,
8872,fa3f92ce-9e59-444f-949c-43b74486b074,Visit,12:21.6,Desktop,West,Referral,0,Yes,
8873,e0385092-6c5f-4eae-97bb-790541dfef7b,View Product,05:48.5,Mobile,East,Paid,0,Yes,
8874,ea3bfe69-f937-4b18-8155-f1db2d77cb4d,Visit,49:36.8,Desktop,North,Referral,0,Yes,
8875,bc793c8e-7a04-454b-987a-639974fc8523,View Product,39:32.5,Desktop,East,Organic,0,Yes,
8876,070387e8-afcc-4338-b895-73f487ce50c5,Visit,30:12.5,Mobile,North,Referral,0,Yes,
8877,959b3ff3-91ad-40a2-93ed-eb423cc93065,Visit,53:09.3,Tablet,North,Organic,0,Yes,
8878,d9bf9c28-8d2b-4faf-9e31-1c3b3b91d3bb,View Product,44:48.2,Mobile,South,Paid,0,Yes,
8879,2faac5e8-882f-476b-805e-f436bc31ae7c,Visit,13:52.8,Mobile,West,Organic,0,Yes,
8880,44543286-7dd5-4970-a92b-b83f5b559043,Visit,16:41.8,Mobile,South,Paid,0,Yes,
8881,5ae0c405-ba4e-498c-bf46-7fb4a44548e8,Visit,50:05.2,Mobile,West,Paid,0,Yes,
8882,45959969-3c83-45f8-9ea7-e69795fb33a0,Visit,43:53.7,Desktop,South,Referral,0,Yes,
8883,916c9cb4-848e-426f-b7dd-5c1454289add,View Product,08:29.7,Mobile,South,Paid,0,Yes,
8884,909a016a-c2ba-4ba8-997b-108e83eb1418,Visit,04:18.3,Tablet,East,Paid,0,Yes,
8885,168b70c4-5239-4084-a53e-a412cbeac0dd,Visit,31:44.8,Desktop,South,Organic,0,Yes,
8886,5cd39957-05fe-4363-9d3d-1c165a50235f,Visit,14:12.2,Desktop,West,Paid,0,Yes,
8887,c8cb58aa-c2ab-459c-8ceb-0375c489c1d6,Visit,21:11.4,Tablet,North,Paid,0,Yes,
8888,56fb67c5-2ec6-446e-9807-43f32fd0e2c5,Visit,07:45.9,Mobile,West,Organic,0,Yes,
8889,547d0d7d-b96e-4a59-8ab0-304a54fb61ae,Visit,12:34.2,Desktop,East,Paid,0,Yes,
8890,5ef55c78-7e5e-4c68-b5a8-539de33c48d9,Visit,06:32.9,Mobile,North,Organic,0,Yes,
8891,77bebceb-c065-40d4-b32e-00dd9f29ddd3,Visit,39:19.3,Tablet,East,Organic,0,Yes,
8892,7f47225e-ca0a-495a-aa29-1130d1c6a7e1,Visit,56:04.2,Desktop,West,Referral,0,Yes,
8893,9f995a05-c8f2-47f1-acfd-761454a51a74,Visit,29:59.5,Tablet,East,Referral,0,Yes,
8894,08aa98e0-b5ae-4f76-aa97-89ba44aad4e9,Visit,25:56.5,Mobile,East,Paid,0,Yes,
8895,f9d86ed7-d6cc-4ceb-a481-20171a9858ee,Visit,25:03.8,Tablet,West,Paid,0,Yes,
8896,e4005c7c-2c42-4acf-9646-1727b17f4173,Visit,14:38.5,Tablet,West,Referral,0,Yes,
8897,dd66a816-9bb4-4a17-a876-8169d78a643c,Visit,55:10.3,Desktop,North,Referral,0,Yes,
8898,a8375473-8d85-42bb-97a4-4dba5016df3d,Visit,25:51.5,Mobile,North,Referral,0,Yes,
8899,8195f6c2-9d5b-4eb5-a265-8a0a78df1647,Visit,42:56.9,Mobile,West,Paid,0,Yes,
8900,23e74191-61c1-4a5b-87a0-3dc8c43c8b97,Visit,20:02.9,Tablet,South,Organic,0,Yes,
8901,40fc17c6-f531-46bf-9ce0-1bb96ca9d3d7,Visit,44:33.2,Desktop,North,Paid,0,Yes,
8902,bc018115-6599-49a6-9d0c-f6f0c9dc640c,Visit,40:18.8,Mobile,West,Paid,0,Yes,
8903,83186e4a-51b4-475f-90d1-f6ec148b37c6,Visit,03:24.2,Mobile,West,Organic,0,Yes,
8904,b028f504-69d3-4a72-b1f3-b5d0dfe733fe,Purchase,18:09.6,Tablet,South,Paid,1119,No,No
8905,47865ef5-6b5c-4dc3-966a-b5c946efb249,View Product,09:43.0,Tablet,East,Organic,0,Yes,
8906,e3de9c35-b994-4725-8b1c-fd551f7d8114,Visit,24:11.7,Tablet,South,Paid,0,Yes,
8907,2036e69f-8bfa-44a6-9375-13d483f24784,Visit,05:13.3,Mobile,West,Paid,0,Yes,
8908,a807d9d7-58c8-40d4-b402-6b9ed1dd15df,View Product,45:56.8,Tablet,West,Referral,0,Yes,
8909,fec9e08a-984a-44d7-849f-735df76195e5,Visit,45:28.6,Mobile,East,Paid,0,Yes,
8910,72aeff71-b8d4-458c-8555-a3ab52893b68,Visit,12:30.5,Mobile,East,Referral,0,Yes,
8911,e96bfeb9-0bbd-49ad-93c4-f8b95794e473,Visit,54:53.6,Tablet,East,Paid,0,Yes,
8912,200a4726-74f9-41d0-9d9c-c5fcf000a490,Visit,24:03.2,Desktop,South,Referral,0,Yes,
8913,23801a05-9696-4196-a28d-c7de9c2ad386,Visit,00:17.9,Tablet,West,Paid,0,Yes,
8914,a6614407-8ca8-4b38-b5aa-3eadb25c563b,View Product,22:07.5,Mobile,East,Paid,0,Yes,
8915,d84f62b9-e9ae-48ad-ac61-2dbb22321744,View Product,05:13.5,Tablet,East,Referral,0,Yes,
8916,8b423c3f-57e7-4ae2-8f9e-68a154876aa0,Visit,38:37.3,Desktop,South,Paid,0,Yes,
8917,c282d4eb-0a3c-4083-bc9f-15ea2a285172,Visit,03:24.4,Tablet,East,Organic,0,Yes,
8918,f8233e31-4d6f-41f5-abc8-eb499902a456,View Product,20:08.6,Tablet,West,Referral,0,Yes,
8919,ae9ec278-02df-49e2-8c67-8d72bf5fb5ac,Visit,08:23.2,Mobile,South,Organic,0,Yes,
8920,1e698839-4396-41af-a793-300ce17fbfff,Visit,33:44.0,Desktop,North,Paid,0,Yes,
8921,6731ced7-d07b-41f1-bd9f-60e377d4219a,Visit,43:23.9,Tablet,South,Referral,0,Yes,
8922,3961fc34-10ad-4a67-898d-87810fc6227f,Visit,34:23.9,Mobile,East,Referral,0,Yes,
8923,1099e94f-aebf-4031-90d5-1eeb0e17003f,View Product,06:13.8,Tablet,West,Paid,0,Yes,
8924,5a94f130-e693-4e87-914d-c3fa0bd78f34,Visit,30:36.5,Mobile,North,Organic,0,Yes,
8925,16134365-3849-4b73-b070-256f2d1d79d6,Visit,05:11.3,Mobile,East,Referral,0,Yes,
8926,644cfe0e-f149-4d45-8f8f-1b3bf5fe8745,Visit,36:57.2,Mobile,West,Paid,0,Yes,
8927,2bbaf7c8-0ce9-4c64-a586-b4542385db2e,Visit,31:10.1,Desktop,South,Organic,0,Yes,
8928,5e4729f4-e065-4f30-a808-0729e8ad5403,Visit,30:57.6,Tablet,North,Paid,0,Yes,
8929,6d69568e-1a3d-4ce1-9563-13c2416bb2e9,Visit,18:08.0,Mobile,East,Organic,0,Yes,
8930,300e0ab6-3083-4c42-8491-9716340ef64b,Visit,58:26.2,Mobile,North,Referral,0,Yes,
8931,b358db9f-1270-4a21-aa35-c872a8dd0479,Visit,15:01.5,Tablet,North,Paid,0,Yes,
8932,c2452dda-22bc-4f1f-adb3-6dec21dd43be,Visit,53:09.8,Tablet,North,Paid,0,Yes,
8933,9041ebe5-b876-410b-b7f8-29e55481be04,Visit,28:39.1,Tablet,South,Referral,0,Yes,
8934,e7589d11-5259-4c45-ae91-c1c2523d9660,Visit,54:10.8,Mobile,East,Referral,0,Yes,
8935,91ca687b-5681-4dd3-a1dd-d9285949c6ac,Visit,07:45.8,Mobile,East,Organic,0,Yes,
8936,3c780966-93b0-4630-a537-04f38180956c,Visit,30:32.2,Tablet,South,Referral,0,Yes,
8937,776e00c6-399d-448a-914c-ac714e0418fa,Visit,51:57.4,Mobile,West,Referral,0,Yes,
8938,f83cfad2-6ed4-45d4-ac92-8ce2e3ca9755,Visit,20:25.4,Mobile,West,Organic,0,Yes,
8939,c254b6fd-907c-432f-a37d-1f85261d0caa,Visit,22:45.1,Mobile,West,Organic,0,Yes,
8940,eda0cd81-58e9-459a-a4e6-f27bf66e14ff,Visit,12:09.0,Mobile,North,Referral,0,Yes,
8941,bc2280a8-1d5a-41ad-9da0-a8096bc4d485,View Product,11:58.9,Mobile,South,Organic,0,Yes,
8942,c1a56a5f-ec22-4dad-9384-b0e6c6dc4b71,Visit,10:37.3,Mobile,West,Paid,0,Yes,
8943,91c39e04-113a-4442-b90a-ace6aa1564e0,View Product,07:31.0,Tablet,North,Organic,0,Yes,
8944,4942d7c4-8c7b-4b7f-bfd7-3265fa4e6802,Visit,09:49.5,Desktop,West,Referral,0,Yes,
8945,86bdd61e-a5fe-473c-bedd-9647577b345e,Visit,24:38.1,Tablet,South,Referral,0,Yes,
8946,fe51a1a2-4d3b-40ce-b659-288690fea8e1,Visit,03:14.5,Mobile,North,Referral,0,Yes,
8947,96695aad-fde1-4bc9-aab4-14c576958c32,Visit,33:05.0,Tablet,North,Referral,0,Yes,
8948,8ee5930b-da0b-4bcf-b909-11c0a1683086,View Product,20:03.3,Desktop,South,Organic,0,Yes,
8949,1098b3e1-1f92-4ac8-83b1-b79dcb711208,Visit,05:48.9,Desktop,North,Referral,0,Yes,
8950,6f452627-8774-422a-99e8-6f7c08fd5c23,Visit,45:56.4,Desktop,North,Paid,0,Yes,
8951,63309a66-30eb-48ff-a157-3dc4b7c63226,View Product,04:44.4,Desktop,North,Organic,0,Yes,
8952,60d98785-ac01-440d-8550-2f18e323d3e4,View Product,30:44.2,Mobile,East,Organic,0,Yes,
8953,f385bb91-8522-438b-9b1d-43c1ebdba25e,Visit,40:50.9,Mobile,West,Referral,0,Yes,
8954,ba4828e0-37ad-41a4-906f-75c77c59bbc3,Visit,14:54.0,Desktop,North,Referral,0,Yes,
8955,4c8257fa-1feb-499e-b677-36f27fc1294b,View Product,30:55.9,Tablet,East,Referral,0,Yes,
8956,d0b6cf66-fc65-4982-80e6-de99e283fea2,View Product,02:32.1,Desktop,North,Paid,0,Yes,
8957,6bff6e02-1694-41a1-9e33-e1ee1b2233a6,Visit,51:26.3,Mobile,North,Referral,0,Yes,
8958,41247008-7e96-4ff3-a8ec-a901dc6529cf,Visit,45:23.1,Mobile,North,Paid,0,Yes,
8959,5c0d70bc-c281-4708-8117-dfbdc1f84d75,Visit,52:44.0,Tablet,North,Referral,0,Yes,
8960,188dffb7-4a53-4e74-a6cc-7e7c7f90aebc,View Product,28:23.6,Mobile,East,Referral,0,Yes,
8961,15a72c2b-bf25-45aa-8207-77fb154a5491,View Product,15:21.8,Desktop,South,Paid,0,Yes,
8962,14afa525-cbda-4adc-98fd-38fbefa0fe20,Visit,47:32.9,Tablet,East,Referral,0,Yes,
8963,5585de3d-9601-468a-a61e-42b87ea0732f,View Product,25:35.8,Desktop,East,Paid,0,Yes,
8964,9e2abdda-5f8c-4e72-9785-8dc6008c8043,Visit,41:40.3,Desktop,North,Referral,0,Yes,
8965,ee6665bc-b3e0-43c2-a22e-8c5c95208ee4,Visit,52:33.0,Tablet,South,Paid,0,Yes,
8966,d7296c43-e52c-4d84-a1ce-8e50e5baacd7,Visit,07:40.8,Mobile,North,Organic,0,Yes,
8967,a168607c-fbef-4755-a9d8-dbb1ce760b43,Visit,08:04.9,Mobile,West,Referral,0,Yes,
8968,c5d01860-557d-4a1d-b3e8-7280e27a1781,Visit,19:37.6,Desktop,North,Paid,0,Yes,
8969,7992d711-a354-4cb6-a432-d20bc995eaf4,Visit,01:03.8,Desktop,South,Paid,0,Yes,
8970,5ffb5c53-d3f7-407e-af8b-f50e52598f5d,Visit,54:21.9,Tablet,East,Organic,0,Yes,
8971,75dfba18-e7f1-41c8-b88f-8834c96f5b23,Visit,47:52.6,Mobile,South,Referral,0,Yes,
8972,0bcc2c8b-38e4-4c21-8ae1-d24c4a062968,Visit,17:17.4,Tablet,East,Organic,0,Yes,
8973,732eb288-4316-4902-bac1-9d9702d00319,Visit,25:37.4,Mobile,South,Organic,0,Yes,
8974,87ce8382-306e-40e2-81a4-8584ae1e3bf1,Visit,40:27.6,Desktop,South,Organic,0,Yes,
8975,62b846f0-37bc-43c2-a7fd-02ac720fbe85,Visit,59:52.2,Desktop,North,Paid,0,Yes,
8976,29c954a8-4799-435b-ba6b-e01ed167519e,Visit,01:19.6,Desktop,North,Paid,0,Yes,
8977,3b21c288-7a67-49bf-aa78-c67bb2cd7015,Visit,16:47.9,Mobile,West,Paid,0,Yes,
8978,de37010d-d064-4943-a140-39537c054504,Visit,22:02.7,Desktop,North,Referral,0,Yes,
8979,79b63c5d-802a-4262-891a-01d8ddfb1e55,View Product,45:12.1,Desktop,South,Referral,0,Yes,
8980,cdd1473e-0584-4043-b88e-4c23d96f9dbd,Visit,55:34.5,Desktop,North,Organic,0,Yes,
8981,7ead7fe2-7236-4bba-8bc4-b0d90fe21ac0,Visit,32:12.9,Desktop,North,Paid,0,Yes,
8982,10444faa-636e-49ac-abda-50ecb93f168d,Visit,22:07.0,Mobile,East,Referral,0,Yes,
8983,2a15e3a6-bc0d-4a7a-8a41-6e63b952d5f4,Visit,24:33.0,Desktop,West,Paid,0,Yes,
8984,fbd86ed1-0d88-4d14-b4d8-c4f4feee3398,View Product,22:50.7,Tablet,South,Paid,0,Yes,
8985,2f402e1b-529b-4ac6-8223-4a767896213f,View Product,27:59.1,Desktop,East,Paid,0,Yes,
8986,a1565481-d39b-441b-9cfc-a31eecaf91b6,View Product,49:58.3,Tablet,East,Organic,0,Yes,
8987,0c3cbec3-9b6d-44ab-a544-4cdbd9b89467,Visit,12:46.3,Tablet,West,Paid,0,Yes,
8988,540bdca7-c089-4e72-a96d-10e63de1c116,Visit,59:12.0,Tablet,North,Organic,0,Yes,
8989,be8f44f8-5eac-4632-9cbf-696fbc773162,Visit,55:37.2,Desktop,East,Paid,0,Yes,
8990,8587f3bb-ebdd-4ffc-98f4-487728d0dd94,Visit,32:47.7,Tablet,West,Referral,0,Yes,
8991,834ff631-f1d9-4f03-9082-21f8cab9e64f,Visit,00:14.9,Desktop,North,Referral,0,Yes,
8992,1e9f0be8-94f9-46b1-8729-8faa8b174829,Visit,30:37.1,Mobile,West,Paid,0,Yes,
8993,1d76d8c4-78fe-4e54-a623-302455c1eba5,Visit,50:21.4,Mobile,North,Referral,0,Yes,
8994,795f7693-c7ff-4e16-8d08-54af47d200a6,Visit,08:49.1,Tablet,South,Organic,0,Yes,
8995,dbd1fdcd-bb89-4b9d-8818-d26ddffc0f5f,View Product,00:39.7,Tablet,East,Paid,0,Yes,
8996,9e5283b4-5164-4b1f-ab0d-2b79678e6384,Visit,34:25.5,Tablet,West,Organic,0,Yes,
8997,ee7b2444-8a2c-464c-b3ee-15bc86b4cd49,Visit,16:49.4,Desktop,North,Referral,0,Yes,
8998,d50b50f1-c002-4471-b4be-f8c8a7ed0f32,Visit,17:58.0,Mobile,East,Referral,0,Yes,
8999,807a7301-85e4-4d62-bd55-a59a7510b365,Visit,11:21.3,Desktop,North,Organic,0,Yes,
9000,29c8c99c-13b2-4b5c-84a9-b966362b2f95,Visit,13:32.0,Mobile,North,Referral,0,Yes,
9001,66f43c99-3a5a-4ee4-9e95-1e52c68a4227,Visit,40:24.5,Tablet,North,Organic,0,Yes,
9002,ae8837a7-e379-4578-9d8d-1fd66019b8c8,Visit,59:51.4,Mobile,South,Organic,0,Yes,
9003,7549bf3a-aff5-474b-8cbf-902442cf84a4,View Product,50:36.4,Desktop,East,Organic,0,Yes,
9004,83360821-e948-4f6f-82bc-9db5958b7018,Visit,53:53.5,Desktop,North,Referral,0,Yes,
9005,fcfc8285-d5ad-47b8-8086-cdffa48af6e5,Visit,59:52.0,Desktop,West,Referral,0,Yes,
9006,6fe38e72-90ef-4f65-8336-2aa6dc324d6f,Add to Cart,03:39.2,Tablet,South,Paid,0,Yes,
9007,d3161df3-fa3d-41bc-a6c2-40cabd56093e,Visit,03:27.2,Tablet,North,Organic,0,Yes,
9008,bdfca28f-090b-41a1-8d40-93190f76b5ae,Visit,50:05.4,Tablet,West,Referral,0,Yes,
9009,34e58e8a-de14-4729-93cd-47044f46e12f,Visit,46:42.6,Mobile,West,Organic,0,Yes,
9010,2be23d31-bdf3-43e5-a2ab-8b5b8329d377,Visit,54:06.6,Desktop,South,Organic,0,Yes,
9011,80831035-69fb-47f4-b5e0-26dac56369bb,View Product,45:02.9,Desktop,East,Paid,0,Yes,
9012,33620715-089f-4974-806b-b610c0df5e5c,Visit,12:49.3,Tablet,East,Referral,0,Yes,
9013,c77789d3-3de2-42ba-85a7-522fb96680b7,Visit,36:01.6,Desktop,West,Paid,0,Yes,
9014,f74af3d7-cec5-4d4f-aacd-4192929c2edc,Visit,40:31.6,Desktop,South,Referral,0,Yes,
9015,ca6bf720-e9db-49ce-b55c-f21968a8b8eb,Visit,15:41.5,Tablet,South,Paid,0,Yes,
9016,bc34aa3b-813e-4d14-84cc-16d745d25dfa,Visit,20:14.8,Desktop,North,Referral,0,Yes,
9017,ee9527ef-705f-4e15-aa3a-bb766b7ba3be,Visit,21:34.6,Desktop,East,Paid,0,Yes,
9018,62f9baca-649e-4e62-bc21-2bea38ba0c0d,Visit,26:44.4,Tablet,West,Organic,0,Yes,
9019,2aac1fdc-446a-4386-bb9f-0c7a830be432,Visit,44:09.8,Desktop,East,Referral,0,Yes,
9020,3176a854-1d0e-4a4f-83d4-1f86ca51f1e4,Visit,46:51.3,Tablet,North,Paid,0,Yes,
9021,88a719d8-642b-4785-ad0a-563d3b320b50,Visit,40:12.7,Mobile,North,Paid,0,Yes,
9022,eaa47c3c-bcca-4600-a5c6-a7d042f7282b,Visit,42:29.6,Desktop,North,Organic,0,Yes,
9023,879cc201-2747-487c-83cc-923029754a1f,Visit,58:17.6,Tablet,North,Organic,0,Yes,
9024,ef66bfb9-cb20-410d-80a8-b8f2558f5db6,Visit,53:35.7,Tablet,South,Organic,0,Yes,
9025,8c096723-b45f-4adf-b81e-a209d928b502,Visit,12:09.4,Desktop,South,Referral,0,Yes,
9026,3c3e2f9c-371d-411d-af5b-1ee984647c9c,Visit,29:02.0,Desktop,East,Organic,0,Yes,
9027,bd2c8c36-02e9-4515-b404-bcd72f35082b,Visit,18:21.5,Desktop,West,Paid,0,Yes,
9028,a660c28d-03d0-44a4-80d3-bb2734d535a2,Visit,29:01.8,Mobile,South,Referral,0,Yes,
9029,3f9aa00d-06f6-4c6f-91ed-2dfe697baab6,Visit,05:53.9,Desktop,North,Referral,0,Yes,
9030,4a21b15a-0494-4ba4-8630-0f48535032d8,Visit,56:40.9,Mobile,South,Organic,0,Yes,
9031,906d0d74-89c7-4fb2-9add-34f330573e63,Visit,52:29.7,Mobile,East,Organic,0,Yes,
9032,5d62cebd-b878-45e1-9fed-9bc6795607ed,Visit,07:27.9,Tablet,North,Organic,0,Yes,
9033,a1db5e8d-2ad5-472f-8943-3ed1035d6f71,Visit,20:25.9,Desktop,East,Paid,0,Yes,
9034,0e39b00b-15f8-4f44-9bf5-210ac121ce6b,Visit,49:23.7,Desktop,North,Paid,0,Yes,
9035,ab33e85b-d2f7-4083-8513-179d80a9edd2,View Product,29:18.9,Tablet,South,Referral,0,Yes,
9036,919e0545-35e4-43e6-9ed7-7155105087fa,Visit,59:08.3,Desktop,South,Organic,0,Yes,
9037,41c767b4-f54d-44f6-a110-8e5433f590ff,Visit,14:03.8,Mobile,East,Referral,0,Yes,
9038,d9cb0d4d-26ba-4caa-bdd8-386fbe05be37,View Product,16:13.0,Mobile,East,Paid,0,Yes,
9039,b3b201bb-d204-42a8-926c-f410281ebe9f,View Product,44:16.5,Tablet,North,Referral,0,Yes,
9040,ae9c24d3-d52f-433b-892b-56cb32e9cf50,Visit,00:02.1,Desktop,East,Organic,0,Yes,
9041,e7b95008-87f6-4d12-9887-c3e87673ca06,View Product,27:45.5,Desktop,North,Organic,0,Yes,
9042,0697f513-f335-430f-b287-13a5deb36d9c,Visit,57:21.3,Desktop,South,Paid,0,Yes,
9043,256edede-3d61-4c9f-8c38-0b0cffe3f042,Visit,43:46.4,Desktop,West,Referral,0,Yes,
9044,535b8f94-d823-40b6-86bb-2b2019b72927,Visit,33:23.7,Mobile,South,Referral,0,Yes,
9045,6a7cd778-b29d-4a41-8deb-06bd652047c2,Visit,27:02.3,Mobile,West,Paid,0,Yes,
9046,b33127f6-b1e6-445b-afb3-8a1d1b64201a,Visit,31:27.8,Mobile,East,Paid,0,Yes,
9047,450a3857-2fa3-4861-9300-2d6a6d46d5bd,View Product,33:46.2,Desktop,East,Paid,0,Yes,
9048,b385ef60-fdc6-4f72-90c3-01908969b62a,Visit,08:20.7,Tablet,East,Organic,0,Yes,
9049,4d48aa32-eac9-4d3f-8f71-5cfe340f4310,Visit,48:37.8,Desktop,East,Organic,0,Yes,
9050,8efe2f01-db2d-4f9d-b43d-fad5ffdc823c,View Product,31:56.1,Mobile,South,Organic,0,Yes,
9051,ae77e263-9b93-49f8-a7b1-977f0960bb63,Visit,58:02.6,Desktop,South,Referral,0,Yes,
9052,24c16c60-3f64-4505-8d5b-4a4e873b85ae,View Product,24:31.5,Desktop,East,Organic,0,Yes,
9053,71971cd7-b666-4200-b006-6d66c627b476,Visit,34:53.9,Desktop,North,Paid,0,Yes,
9054,114898c4-9776-46d9-9356-58fcc56b5bbd,Visit,23:24.1,Desktop,East,Referral,0,Yes,
9055,27271e62-f2c2-4c66-8624-0de00faa81d3,Visit,16:29.7,Desktop,West,Paid,0,Yes,
9056,387550f8-b7d3-4c99-9cad-2ea8888a28e6,Visit,09:23.6,Mobile,North,Organic,0,Yes,
9057,1a3cd966-7e4a-455d-9433-9e312f48c24c,Visit,41:08.4,Mobile,North,Paid,0,Yes,
9058,b1f456df-8889-4cdb-9dbb-ad855f46cd4c,View Product,20:49.3,Mobile,West,Referral,0,Yes,
9059,34d679a0-1b95-4eb0-b47d-b5a2b575611c,Visit,44:34.2,Tablet,North,Referral,0,Yes,
9060,25f6a82b-3115-47b5-be2b-047ce1a01cd0,Visit,48:00.0,Mobile,East,Paid,0,Yes,
9061,06806516-5c41-4681-af2c-a164da2d5ff9,Visit,10:46.2,Tablet,South,Organic,0,Yes,
9062,66e4cbd0-2463-4851-bfae-f9851c2d5787,Visit,11:51.6,Tablet,South,Referral,0,Yes,
9063,9d6fbeb4-8c72-4922-8480-b875f91339b6,Visit,40:08.0,Desktop,East,Organic,0,Yes,
9064,c473bb86-da77-4fc4-b709-aa2118dbb467,Visit,07:45.1,Tablet,West,Referral,0,Yes,
9065,003c56fe-adaa-497f-8319-089869d3749f,Visit,27:25.8,Desktop,West,Organic,0,Yes,
9066,bc289334-a6de-4325-acef-dbfe5809fe3a,View Product,22:55.4,Desktop,East,Paid,0,Yes,
9067,8f7c5ec8-54f0-4f30-b2a6-a87e9b254f13,Visit,52:46.0,Desktop,North,Paid,0,Yes,
9068,8cf8bd23-f005-43b2-b3fb-bbbe2189e375,Visit,28:06.9,Mobile,South,Referral,0,Yes,
9069,f6007404-1942-4c24-ba61-6046300f61ec,Visit,07:31.2,Tablet,East,Organic,0,Yes,
9070,1cee328d-2853-4a3c-809f-187f78fae1d2,Visit,44:09.6,Desktop,East,Paid,0,Yes,
9071,c89b03bf-743c-4667-9a7e-9b1b1f61d733,Visit,42:49.6,Desktop,South,Referral,0,Yes,
9072,ff570ac7-d7de-47f8-8f0c-46d8ca5f16dd,Visit,38:41.8,Tablet,North,Referral,0,Yes,
9073,8e6981ad-ae55-40f8-9605-034e4ae91020,Visit,44:09.2,Desktop,West,Organic,0,Yes,
9074,804d9367-4ed8-4e02-b358-75816591b1f2,Visit,06:24.4,Mobile,South,Referral,0,Yes,
9075,47963fad-8bd9-4f44-8b8a-325d0235b51f,Visit,13:10.4,Tablet,West,Paid,0,Yes,
9076,08b8f094-8f2b-43c9-945b-a85788ade848,Visit,23:34.8,Tablet,East,Referral,0,Yes,
9077,30c0a58a-48df-4881-a3c3-36b3b3755c05,Visit,35:09.2,Desktop,West,Organic,0,Yes,
9078,e5d2df9e-fecf-4dbf-8a96-bee91df0404b,Visit,48:23.0,Tablet,East,Paid,0,Yes,
9079,37eeee8d-f62d-4b8b-9313-7e7dabb0e305,Visit,54:22.4,Desktop,West,Referral,0,Yes,
9080,93c29308-328a-46b0-8fd4-e029eca62f26,Visit,36:28.0,Tablet,West,Organic,0,Yes,
9081,841119f8-9f5b-433a-8f2c-5756661746b5,Visit,57:43.9,Mobile,North,Organic,0,Yes,
9082,1d041e90-1d67-4212-8b57-a646ec4349df,Visit,06:23.7,Desktop,West,Organic,0,Yes,
9083,3a69b352-9b2b-4635-af18-3414a80496c0,Visit,51:24.9,Mobile,North,Organic,0,Yes,
9084,5daa4573-e816-4ed3-924c-dca042648868,Visit,51:57.3,Mobile,East,Organic,0,Yes,
9085,ec458884-16c3-4988-95c2-adebb85da3e0,Visit,19:34.0,Desktop,West,Paid,0,Yes,
9086,c29e5516-ced1-4928-bfa4-4291edf03f51,Visit,50:12.7,Desktop,South,Organic,0,Yes,
9087,1c0d2b35-a220-4db9-b45c-b12ff527f0d2,Visit,49:41.5,Desktop,West,Organic,0,Yes,
9088,acbb7177-f553-4039-aa31-042889840c93,Visit,12:51.5,Mobile,South,Referral,0,Yes,
9089,6f3e2ab0-2628-4718-91fb-a11bc4472f7d,Visit,43:13.4,Mobile,East,Organic,0,Yes,
9090,bbce6367-1e5a-4ce5-852c-c6a93815054d,Visit,53:43.0,Desktop,North,Organic,0,Yes,
9091,9c7e34ee-429a-4ff2-8473-cef4d2c41793,Visit,58:19.3,Tablet,North,Referral,0,Yes,
9092,be3ee6bd-e049-4c5f-9abb-fbcbacc7ff06,Visit,30:37.9,Mobile,North,Organic,0,Yes,
9093,3adc6370-49ae-44ad-b1a0-d832c676479d,Visit,57:52.8,Tablet,North,Organic,0,Yes,
9094,ed169bd7-4ce5-4578-ba45-b5b9bb8528c7,Visit,35:31.3,Mobile,East,Paid,0,Yes,
9095,4035c4e2-845b-4d0e-ac8b-3d173b510e4c,Visit,18:14.8,Desktop,East,Referral,0,Yes,
9096,d79df014-f160-411d-9b2b-0d7d29928af6,Visit,59:20.9,Mobile,South,Organic,0,Yes,
9097,56564571-4bfb-4de7-ad02-83e093df699c,Visit,01:52.3,Desktop,West,Referral,0,Yes,
9098,96d87c9e-f16d-4d26-bb40-aa94df966ea5,Visit,44:55.9,Tablet,South,Paid,0,Yes,
9099,07aa2726-31d9-4455-885f-99b028d71d26,Visit,27:26.3,Desktop,East,Organic,0,Yes,
9100,26ef172b-4dfa-4e4e-bab2-51c66ac3d5ca,Visit,43:55.9,Mobile,North,Referral,0,Yes,
9101,6110ea66-be33-4847-8015-8198313b1531,Visit,26:18.6,Desktop,East,Organic,0,Yes,
9102,2308f0da-800a-4481-8c5d-017fe48fb5f3,Visit,27:34.4,Desktop,West,Paid,0,Yes,
9103,f7d6c571-23c4-424f-90a9-19bb3ef8fb47,Visit,06:21.9,Mobile,South,Referral,0,Yes,
9104,b9c990e2-558d-412a-8e89-32e83207cc2b,Visit,26:47.5,Tablet,North,Referral,0,Yes,
9105,7e64a848-bd98-4caa-a186-2b9d711c9ce2,View Product,15:05.9,Desktop,West,Organic,0,Yes,
9106,54bebeb3-1aaf-47f4-8265-55305f85f4f2,Visit,03:45.3,Desktop,South,Referral,0,Yes,
9107,86216f28-6313-4d3d-ba78-c278e2590a44,Visit,39:23.9,Tablet,East,Organic,0,Yes,
9108,b6295a5c-cec6-4b71-a3ca-c7043230e390,View Product,14:10.5,Mobile,West,Organic,0,Yes,
9109,ec3317b3-a124-4ec4-97be-ab2e93faa215,Visit,56:45.0,Tablet,North,Paid,0,Yes,
9110,db656c1c-6b76-458a-b056-7635e74d693d,Visit,36:31.3,Tablet,East,Organic,0,Yes,
9111,50ea4bad-b1b2-4209-a125-687de1ba669c,Visit,32:48.2,Tablet,East,Referral,0,Yes,
9112,d9ceed8b-ce32-4f49-b89d-72a26ec81a81,View Product,49:22.9,Tablet,South,Organic,0,Yes,
9113,c3d55d04-c637-4795-8a7d-2b320f8e2a2e,Visit,48:24.7,Mobile,North,Paid,0,Yes,
9114,1eb1610f-447e-4d48-8364-a2d6958a2d9b,Visit,31:51.7,Mobile,East,Paid,0,Yes,
9115,b38c25c4-c283-4119-be77-3e274adeacec,Visit,12:47.0,Mobile,South,Paid,0,Yes,
9116,ff54dc6a-10c8-467e-886e-f97e29d498f5,Purchase,41:08.1,Desktop,West,Referral,1925,No,No
9117,2bc763fc-cbb6-4c1c-a581-544844119b9e,View Product,13:39.2,Tablet,West,Referral,0,Yes,
9118,c8832122-515b-40a5-a628-9c2e8027fb4c,Visit,37:52.5,Desktop,West,Referral,0,Yes,
9119,806f2928-16e0-4319-943a-6c3e96f96704,Visit,18:49.9,Desktop,North,Organic,0,Yes,
9120,2436d6a0-6273-4e56-b006-cb276208cee3,Visit,19:29.2,Tablet,South,Referral,0,Yes,
9121,9fd90f06-fcfe-491b-8053-bc23df0ef1a4,Visit,16:33.2,Mobile,East,Paid,0,Yes,
9122,70acd483-846c-4a71-8b77-b1a0acbbbca5,Visit,36:28.2,Mobile,East,Paid,0,Yes,
9123,7e90098e-ead1-4b13-a973-222a72a0083d,Visit,50:52.6,Tablet,South,Organic,0,Yes,
9124,0fb32b02-8695-4650-8b5a-3285fa87c5e9,Visit,33:34.4,Desktop,South,Organic,0,Yes,
9125,2daa2e69-1067-4cde-a659-6769301ecb40,Visit,09:46.5,Mobile,East,Organic,0,Yes,
9126,8b49e949-1ed4-4be6-90f0-514876584c22,Visit,51:16.2,Mobile,West,Organic,0,Yes,
9127,89c0d7f2-b72e-418e-bf8d-25ae85ca30ff,View Product,15:16.7,Tablet,East,Paid,0,Yes,
9128,03a386d8-e942-48bd-9ddb-84a7f966b9d7,Visit,23:14.6,Desktop,East,Referral,0,Yes,
9129,71af5081-b0ed-40d3-ae35-b73de5085464,Visit,55:21.0,Tablet,East,Paid,0,Yes,
9130,1eac519d-3dc5-42ca-b889-0082b8c3040a,Visit,00:17.7,Mobile,East,Organic,0,Yes,
9131,56da1222-7ce0-4b48-8b14-aa5d6c602760,View Product,16:30.3,Desktop,East,Paid,0,Yes,
9132,e0209eff-6b9e-4ff6-b5ae-c84b974dcafb,Visit,45:28.5,Tablet,West,Paid,0,Yes,
9133,f79beeea-55a5-4bfa-8b59-b9ee2c56c0a2,Visit,30:28.5,Desktop,West,Organic,0,Yes,
9134,c83f2aeb-ba4e-4b40-9b97-13e927080c17,Visit,49:48.2,Desktop,East,Paid,0,Yes,
9135,9db05d5f-51a4-4cb3-a9fa-8b460bfaf735,Visit,10:00.2,Desktop,East,Paid,0,Yes,
9136,c4ed612c-c5fa-4de4-8136-a10fdb1e9494,Visit,24:43.7,Mobile,West,Organic,0,Yes,
9137,aacfbc4b-fc2c-4b33-a962-557f035c1570,Visit,20:28.0,Tablet,East,Referral,0,Yes,
9138,8d691bed-5df2-416e-9d60-03f502b25cb4,Visit,49:20.6,Mobile,South,Paid,0,Yes,
9139,00a420f7-b65c-4b3e-bf1a-eadb5b38087f,Visit,23:15.4,Mobile,West,Paid,0,Yes,
9140,ab8b9453-c60f-418a-898f-646f9296b5bd,Visit,45:01.8,Desktop,South,Paid,0,Yes,
9141,5c931d0b-de13-40eb-a579-9e7242057a18,View Product,08:27.1,Tablet,North,Referral,0,Yes,
9142,05139be0-1764-4e5f-b249-c359c17166da,Visit,01:11.4,Desktop,West,Organic,0,Yes,
9143,41003395-4462-45a2-b22d-795ae4779f2d,Visit,55:54.8,Desktop,South,Organic,0,Yes,
9144,327160dd-5360-40b7-ad8c-4d04a048efbb,View Product,38:22.6,Mobile,West,Referral,0,Yes,
9145,a5690da8-d096-47f6-a903-480e56a36bea,Visit,05:32.8,Desktop,East,Referral,0,Yes,
9146,8dcfe655-0030-4548-9d3e-e0eee69dfd9a,Visit,58:15.1,Desktop,South,Organic,0,Yes,
9147,3e037f13-b182-4f14-a762-f23fa47f4616,Visit,57:29.7,Mobile,West,Organic,0,Yes,
9148,f44b3a75-cf22-442c-b63d-914e65f0e79b,Visit,36:04.0,Desktop,South,Referral,0,Yes,
9149,21a0cfa9-dd8f-47c7-891a-6b99d1a66a37,Visit,14:00.5,Desktop,North,Organic,0,Yes,
9150,53bc95b4-9e8f-400f-9e33-3fd8b9c8e64f,Visit,58:58.0,Desktop,South,Referral,0,Yes,
9151,c5099592-ccc7-4f0a-b056-bb89978f681b,Visit,11:31.1,Tablet,North,Referral,0,Yes,
9152,958ca4e8-a26b-4fb9-a145-7cc7c7bd5130,Visit,39:50.3,Desktop,West,Referral,0,Yes,
9153,8c37180a-a60a-4415-aa71-acead09dc28c,Visit,42:06.2,Mobile,South,Organic,0,Yes,
9154,f2a80e22-0543-4c79-bbbe-f8c16caba26b,View Product,15:39.2,Mobile,East,Organic,0,Yes,
9155,6d1fe9ee-3fac-4ad0-944f-7425d988758a,Visit,19:56.0,Mobile,East,Paid,0,Yes,
9156,d1dcd923-8668-4179-b549-f486ea1b57ae,Visit,46:55.3,Mobile,South,Paid,0,Yes,
9157,a5ebeb25-d3c7-4452-ba4d-bbbec567c453,Visit,35:12.3,Tablet,North,Referral,0,Yes,
9158,66c06c07-955a-4479-a8fe-d13e60b80415,Visit,23:24.5,Tablet,North,Referral,0,Yes,
9159,3a6cf6a5-3ca2-44cd-834a-831dc85b9055,Visit,57:03.7,Desktop,West,Paid,0,Yes,
9160,46a5ce28-70a5-42b3-a81c-a89b27d493c0,Visit,11:29.0,Mobile,West,Organic,0,Yes,
9161,ff2320fc-e20b-4c55-9f37-42cd6bdd8a5f,View Product,46:48.2,Mobile,West,Paid,0,Yes,
9162,1ff652b5-b5b4-451b-ba78-571ea3da3059,Visit,39:44.8,Mobile,North,Organic,0,Yes,
9163,2d522634-14e3-4a78-898a-e3cf17609239,Visit,39:51.5,Desktop,South,Paid,0,Yes,
9164,487befdb-14c8-4ecb-aa78-af35de12828b,Visit,08:39.4,Mobile,North,Referral,0,Yes,
9165,76a6a328-b87a-410e-8395-b561e1cf83e0,Visit,06:17.1,Tablet,West,Paid,0,Yes,
9166,f11567c0-b8f9-497a-90f3-1e3576f5e4db,Visit,53:21.5,Mobile,West,Organic,0,Yes,
9167,42d2ab3f-14d3-4ce9-ac33-277baf4aa688,Visit,29:54.4,Mobile,West,Organic,0,Yes,
9168,7833b747-44dc-4385-9fd7-97ebb54580c0,Visit,03:10.0,Tablet,East,Organic,0,Yes,
9169,cf2a91af-9bf0-4650-9a17-1bf6d640d1ee,Visit,43:20.1,Mobile,North,Referral,0,Yes,
9170,9144497a-48c4-4210-8c98-bab744dfd87c,Visit,54:58.9,Desktop,North,Referral,0,Yes,
9171,dceb4887-a0f5-4533-bbe6-446cebcffe60,Visit,25:34.8,Desktop,North,Paid,0,Yes,
9172,9f761d78-62e3-4f5b-84bd-9aac2e554870,Visit,23:11.7,Mobile,North,Paid,0,Yes,
9173,0deed2b7-8793-4e15-9aba-1e4e1432d392,Visit,32:26.7,Mobile,North,Referral,0,Yes,
9174,02a7cc5d-6767-4e95-a4f4-68fa5e60e3bf,Visit,29:31.4,Desktop,South,Organic,0,Yes,
9175,ba888a93-352e-473f-83bf-f42a3a599b3a,Visit,18:00.5,Tablet,North,Paid,0,Yes,
9176,034ff3d4-f191-4f93-b8fc-e8ea9835a1a4,Visit,47:24.8,Mobile,North,Referral,0,Yes,
9177,75772889-59ed-4a7e-b2c2-5ba6c6715e26,View Product,12:11.8,Desktop,West,Referral,0,Yes,
9178,d10692f7-e41f-4645-acfb-55a449f3d852,Visit,02:39.5,Tablet,East,Referral,0,Yes,
9179,06bd0a41-4045-4853-9426-85763151aee7,Add to Cart,08:32.8,Tablet,West,Paid,0,Yes,
9180,dda16013-f69c-4797-a2b6-cea3fd419332,Visit,47:44.4,Mobile,East,Organic,0,Yes,
9181,fa55abea-8ba9-4c2b-8c75-aa3546890edb,Visit,24:41.9,Desktop,South,Paid,0,Yes,
9182,25319be2-5358-4362-9809-47229df3eb74,Visit,33:02.9,Mobile,West,Paid,0,Yes,
9183,c927f6bd-a3fc-457f-aca8-6bf9b2a302b3,View Product,30:54.3,Desktop,West,Paid,0,Yes,
9184,c4202543-23b2-4a36-ac0c-c287e4d9ea79,View Product,58:51.1,Mobile,West,Referral,0,Yes,
9185,b819d370-aa34-4b60-a9a6-3a6b08c9fedb,Visit,44:58.3,Tablet,North,Organic,0,Yes,
9186,71b817df-7c78-4598-a379-755f46cd8eb2,Visit,08:10.9,Tablet,South,Referral,0,Yes,
9187,22dca999-e219-44ea-99c7-936acbe0184e,Visit,38:22.7,Mobile,West,Referral,0,Yes,
9188,d40317b1-507a-4d40-95fe-387121e4a5bd,Visit,40:30.4,Mobile,North,Referral,0,Yes,
9189,7d7c9e70-e4b1-443f-8d30-bd6b7871c90d,Visit,02:59.7,Desktop,East,Referral,0,Yes,
9190,4734eca3-1b7f-49cc-b583-ff441f16f4a6,Visit,53:48.7,Tablet,East,Paid,0,Yes,
9191,4d27d667-76e1-486d-a591-af624371ccb6,Visit,36:38.1,Desktop,North,Organic,0,Yes,
9192,bcbb38cc-7a7b-457a-bfee-286d39957619,Visit,51:52.0,Tablet,East,Organic,0,Yes,
9193,dea071f6-40ca-42ad-afde-35058203e244,Visit,48:34.6,Desktop,South,Paid,0,Yes,
9194,e9c29020-020b-4b55-8624-d55aca083d6e,Visit,19:20.5,Tablet,North,Referral,0,Yes,
9195,1e6f8c88-b8e7-4c97-a99a-ed261269c30a,Visit,08:38.5,Desktop,South,Paid,0,Yes,
9196,a6020230-f5b6-458a-a25f-9ade78005af3,Visit,12:51.1,Tablet,North,Organic,0,Yes,
9197,65f92faa-9171-4b41-ab2b-6e8582eecdd9,Visit,07:03.9,Tablet,East,Paid,0,Yes,
9198,6c5d6633-116d-4a5a-99df-d38d801c070f,Visit,55:02.5,Desktop,South,Paid,0,Yes,
9199,d5f71914-d760-495b-b0a0-4af337783bcd,Visit,04:12.9,Tablet,South,Referral,0,Yes,
9200,13331c61-1b6c-4daa-9eb8-3d73d49559f7,Visit,38:47.7,Mobile,East,Paid,0,Yes,
9201,8d3f1efd-9bd8-4ae4-a907-cb84c499bcdb,Visit,36:26.6,Desktop,North,Paid,0,Yes,
9202,3378d6b6-e10d-4112-8c5b-bd11336e271b,Visit,11:30.6,Tablet,East,Paid,0,Yes,
9203,d8848384-985d-4fb9-815b-5ede0771384b,Visit,50:51.1,Desktop,South,Paid,0,Yes,
9204,cbe57942-da4b-4316-bb92-9b380be7ba8c,Visit,18:46.6,Mobile,South,Organic,0,Yes,
9205,adf6fc9b-6e22-4192-b802-6cf81e3c9e76,Visit,13:34.5,Tablet,North,Referral,0,Yes,
9206,acafcab3-0916-464b-8c21-4b3b1d66e33a,Visit,26:19.6,Mobile,West,Organic,0,Yes,
9207,4b029a1e-d4d5-4f5b-b7fa-d8c4b5fa17cc,Visit,47:40.2,Tablet,South,Referral,0,Yes,
9208,2890c689-b829-4d20-9aa5-11a52e9c4a13,View Product,15:49.6,Desktop,East,Referral,0,Yes,
9209,63bd98db-384a-4b4e-a5af-a9ca4f0fd8e1,Visit,36:42.1,Mobile,South,Paid,0,Yes,
9210,51911351-ccb6-4946-b7d6-c23061288c14,Visit,38:22.1,Desktop,North,Referral,0,Yes,
9211,2c51d171-09dc-4ceb-99ae-cf2646529bce,Visit,33:41.6,Desktop,South,Paid,0,Yes,
9212,1fef4ab1-0549-4684-b421-e36d56419365,View Product,20:00.3,Tablet,South,Organic,0,Yes,
9213,9cec7e05-aee9-415d-a3a5-389b60757eb1,Visit,33:20.8,Desktop,North,Paid,0,Yes,
9214,8c144541-70c6-4314-8642-cd45604debd6,Visit,20:56.6,Desktop,West,Paid,0,Yes,
9215,bd978189-aef5-4462-82a7-c2ded545c75d,Visit,50:28.0,Tablet,South,Organic,0,Yes,
9216,b082f231-faf8-4cbd-b622-18a1281906d7,Visit,33:28.6,Desktop,North,Paid,0,Yes,
9217,3ee5ffcd-5761-448e-bbc2-49be783b53e7,Visit,44:06.6,Tablet,South,Organic,0,Yes,
9218,d88aff79-9c81-4bca-aafb-e62c957dbb96,Visit,27:19.1,Mobile,North,Organic,0,Yes,
9219,54f3cf96-87c0-49dc-8f7c-4182d3b25199,Visit,20:26.7,Desktop,East,Organic,0,Yes,
9220,e50e2578-d851-4dec-b08a-a6f9e20aa019,View Product,53:19.8,Mobile,North,Referral,0,Yes,
9221,d1c28f95-cbd8-468d-ae1e-3076b4ed5e35,Visit,49:37.6,Tablet,West,Organic,0,Yes,
9222,bc00879f-46a9-4ce0-b364-85f3f79e32f8,Visit,12:31.8,Desktop,West,Paid,0,Yes,
9223,16cf9066-f06f-4c7d-93db-5342a2b2957f,Visit,51:23.5,Desktop,West,Organic,0,Yes,
9224,a2ff4aa5-78a7-4647-86b1-00cf0c8b64b0,Visit,09:22.0,Mobile,East,Paid,0,Yes,
9225,a248e6d7-1091-483b-ad48-30657486bea8,Visit,10:42.1,Desktop,East,Paid,0,Yes,
9226,f0d44470-e957-44b0-bf1e-3bac6ef0b24c,Visit,43:34.5,Desktop,East,Paid,0,Yes,
9227,3df40157-0774-4367-8f27-ea80484e358f,Visit,55:57.2,Desktop,East,Referral,0,Yes,
9228,d8cba237-9616-451c-a318-016f6ef2c571,Visit,26:48.9,Mobile,West,Referral,0,Yes,
9229,d2823b2f-cbb5-40cb-b831-f67aacc23789,View Product,25:12.7,Mobile,East,Referral,0,Yes,
9230,0cdea4ff-4949-44bd-8fc0-47b4e714aca0,Visit,11:07.7,Desktop,North,Organic,0,Yes,
9231,a6e7b612-6008-441d-89f6-178033038654,View Product,23:24.6,Desktop,West,Paid,0,Yes,
9232,9452ae9c-68bf-4f67-93a4-e24178d28206,Visit,02:51.4,Desktop,South,Organic,0,Yes,
9233,04409a85-6f52-4e32-872c-3858029e1dbf,Visit,36:36.3,Tablet,West,Organic,0,Yes,
9234,5122ad2d-3c01-422b-980a-3cf8272914d3,Visit,22:23.9,Tablet,South,Referral,0,Yes,
9235,8125d3e0-6a29-4a94-8bba-3e8293b738ee,Visit,39:53.3,Mobile,South,Organic,0,Yes,
9236,fdb06b08-4c08-409d-a7b1-f46cfab8e1c4,View Product,58:05.3,Mobile,South,Organic,0,Yes,
9237,b148a6a1-5b83-420f-954b-8f114522e60f,Visit,04:47.8,Mobile,East,Referral,0,Yes,
9238,34f15aee-699f-47b8-9b10-26d531f2ed27,Visit,11:08.8,Tablet,South,Paid,0,Yes,
9239,6f7cabd4-dca9-4b41-b46c-11e416c905a2,Visit,43:09.5,Tablet,North,Organic,0,Yes,
9240,5493b7c5-924b-4331-a181-56b52d28956c,View Product,54:53.5,Mobile,South,Organic,0,Yes,
9241,d28ec12d-457f-4386-b25f-732560becdbd,View Product,43:13.3,Tablet,West,Referral,0,Yes,
9242,1da35ace-4436-4b2d-9cc9-b076089c69a4,Visit,43:48.4,Desktop,East,Paid,0,Yes,
9243,f3369480-c546-4611-89b3-2e2b24bd9950,Visit,05:20.8,Desktop,East,Referral,0,Yes,
9244,ed77d26e-da73-4155-9a36-078eb877dc28,Visit,39:48.6,Desktop,East,Paid,0,Yes,
9245,63dfea8d-6790-4ded-baaa-6bfac2f0ba59,Visit,41:14.4,Tablet,North,Paid,0,Yes,
9246,fde5d190-3f8a-471d-ab57-a0f53ddbaf5f,Visit,44:55.6,Desktop,West,Referral,0,Yes,
9247,0c6e2c1e-b110-48da-8dbf-f0eedb8d58ea,Visit,05:20.7,Tablet,West,Paid,0,Yes,
9248,a3015282-f33c-48d3-b657-2c0986ce31cc,View Product,36:34.2,Mobile,East,Organic,0,Yes,
9249,f6098add-b899-4aba-9a53-7d2114fe7cd5,Visit,52:49.2,Mobile,West,Paid,0,Yes,
9250,ca156cc1-426e-438b-b340-b0a4db26d33c,Visit,05:36.9,Tablet,South,Paid,0,Yes,
9251,7cc20e59-8f19-4671-889d-ec7aebcf26b2,Visit,48:43.5,Desktop,West,Referral,0,Yes,
9252,ee7f55d7-0ae0-4e8f-8741-b14ebbc9f94e,Visit,42:33.9,Desktop,North,Paid,0,Yes,
9253,4b042ac4-415f-4d1b-b704-1e0554424301,Visit,41:43.8,Tablet,East,Referral,0,Yes,
9254,8f0177d7-8fbf-4cda-afa9-367624235842,Visit,42:14.6,Tablet,South,Organic,0,Yes,
9255,d1503e5c-72ea-4fef-9c4b-a1d0037c495f,Visit,18:24.3,Mobile,East,Organic,0,Yes,
9256,bfcbe02b-e00c-415d-a954-7deeeb3c7996,Visit,23:52.3,Tablet,North,Paid,0,Yes,
9257,3e40a038-7833-48e5-9fbd-7981debe5600,Visit,24:05.2,Mobile,North,Organic,0,Yes,
9258,5504058a-fffd-4fc9-90f5-4c587facc7a7,View Product,25:36.6,Desktop,North,Paid,0,Yes,
9259,9e7672f0-6ddd-4186-84c5-7e5e3773267f,Visit,14:25.7,Desktop,West,Paid,0,Yes,
9260,8bbcaeb4-f4d1-4601-bb6a-0e68a858df9f,Visit,17:17.3,Desktop,North,Referral,0,Yes,
9261,a182882d-4ddf-424d-beeb-aa04fcc4cb53,Visit,41:04.2,Mobile,East,Referral,0,Yes,
9262,65ef65be-d57d-4517-9fc3-b6c98cfbcad4,Visit,04:42.4,Tablet,North,Organic,0,Yes,
9263,cd25f2b3-f201-435a-93c4-1115dbbbe0b7,Visit,57:19.8,Desktop,East,Referral,0,Yes,
9264,e9b39f59-4f03-414c-986b-f33249929708,Visit,54:30.7,Desktop,West,Organic,0,Yes,
9265,a9a19785-9b75-4f24-b0a4-6138b5243680,View Product,56:25.3,Tablet,North,Organic,0,Yes,
9266,24174d71-c73f-4a27-a624-c5e2df919fc4,View Product,27:41.9,Tablet,East,Referral,0,Yes,
9267,290a36fb-b7a9-4cd5-a876-ef9b3765c439,View Product,03:01.6,Tablet,East,Referral,0,Yes,
9268,ed5963d8-9978-4e34-ab03-fd934d2ba852,Visit,28:12.4,Mobile,West,Organic,0,Yes,
9269,860e52f2-bda1-4a8a-87bb-06790db2681a,Visit,38:48.5,Tablet,East,Referral,0,Yes,
9270,bd019bae-b474-4f5e-a66d-2338f3d09251,Visit,25:23.9,Desktop,South,Organic,0,Yes,
9271,4d459276-4beb-446a-99a4-aa217aeaa4d2,Visit,14:50.9,Mobile,East,Paid,0,Yes,
9272,ee505290-c9c9-4f72-8103-00b2139b2eda,Visit,04:09.2,Tablet,North,Organic,0,Yes,
9273,2f707d50-9c9e-49b5-aae8-6bf26467e70c,Visit,57:37.3,Tablet,North,Paid,0,Yes,
9274,3f2ee00a-a4cf-464b-b37a-0711ca641ad8,Visit,07:10.1,Mobile,North,Paid,0,Yes,
9275,2125f244-2382-408d-a8aa-71c2560f9fca,Visit,03:22.6,Desktop,North,Paid,0,Yes,
9276,458681b9-f7e1-4e38-80b1-f38b9f935fbd,View Product,29:35.1,Desktop,West,Organic,0,Yes,
9277,0bb9c325-110a-4daf-9659-1f0cc48331af,Visit,48:53.3,Tablet,North,Organic,0,Yes,
9278,13d3b4ee-5947-4fca-abee-4ab73015f6ba,Visit,43:17.2,Tablet,North,Paid,0,Yes,
9279,2c7b05c8-3b69-4045-bfe8-805032198816,Visit,09:42.7,Tablet,North,Organic,0,Yes,
9280,ad8072af-b5ed-489e-8a93-2cbf85353d6a,Visit,05:09.8,Mobile,West,Paid,0,Yes,
9281,de7de159-6c38-4ca9-9704-388a4e90b4a1,Visit,39:47.9,Mobile,East,Organic,0,Yes,
9282,ad5fa273-a2b6-4a0c-a411-8ca56c3a7489,Visit,32:19.3,Desktop,North,Paid,0,Yes,
9283,8d367945-5df2-4971-89c8-dadaa4d3ecd2,View Product,08:40.4,Desktop,East,Referral,0,Yes,
9284,a2fcf5ab-d2e6-4864-be55-e33b04fdc198,Visit,17:20.2,Desktop,East,Referral,0,Yes,
9285,6ee3350d-cb39-4ab4-8141-e6a73ca7603c,Visit,06:52.7,Desktop,North,Referral,0,Yes,
9286,bab21890-de57-4849-b4ad-27ed4a4bdb9e,Visit,07:06.0,Mobile,East,Organic,0,Yes,
9287,4bd04c4b-e580-440c-a3fa-a7ebc07b4f02,Visit,59:06.0,Tablet,West,Organic,0,Yes,
9288,62f3b1ed-ddc2-4698-aae4-890dad4d8ae5,View Product,57:41.9,Mobile,West,Organic,0,Yes,
9289,5b70e940-ef2e-4cd0-b21a-e8871f8ed13f,Visit,50:34.5,Tablet,North,Referral,0,Yes,
9290,0828ae01-1f12-455d-8d10-2ef981c7466f,Visit,02:31.9,Desktop,East,Organic,0,Yes,
9291,d30e49c7-d894-427e-88ef-8d084f1bae4f,Visit,24:29.7,Mobile,West,Referral,0,Yes,
9292,cf66bafd-79ac-4764-8d55-654f949557be,Add to Cart,48:52.5,Desktop,South,Organic,0,Yes,
9293,7f0ae835-5b9f-45b8-bfd4-6ee9f1a0d479,Visit,24:31.5,Mobile,West,Paid,0,Yes,
9294,0b9b0199-d7bd-4848-bdc2-a82e4d2c8ce2,View Product,40:22.3,Tablet,South,Referral,0,Yes,
9295,c8f244c0-ee22-4f37-8de9-0f70051cbdaa,Visit,10:59.2,Mobile,North,Referral,0,Yes,
9296,10c8c51b-cb3e-443c-99cc-bffe40f72613,Visit,43:02.1,Desktop,East,Organic,0,Yes,
9297,fb014c4d-6a73-495e-a2da-83814b43830f,Visit,02:29.7,Tablet,North,Organic,0,Yes,
9298,aeaf85aa-2cf3-464f-a8bc-8c7875246352,Visit,06:02.7,Desktop,North,Organic,0,Yes,
9299,117e75de-60d4-4c78-874d-d83e1c96813b,Visit,53:43.7,Tablet,South,Referral,0,Yes,
9300,6c179cae-4f58-46cb-8ff2-4b4e3c544f48,Visit,28:55.8,Desktop,West,Organic,0,Yes,
9301,75627bdc-f9ec-41eb-b011-dc596b0f6989,View Product,01:38.4,Mobile,South,Organic,0,Yes,
9302,4df7448d-f58e-4fc4-b520-55cd42486bc7,View Product,39:31.1,Tablet,East,Paid,0,Yes,
9303,b811ebf4-2a57-4c45-a99f-451f898860de,Visit,24:53.3,Desktop,East,Paid,0,Yes,
9304,9d804e7e-07ba-45c5-9230-c3d567c020fc,Visit,59:18.4,Mobile,South,Paid,0,Yes,
9305,66fb5927-536b-4a3a-a10b-73f4f36c50ff,Visit,49:41.0,Mobile,North,Organic,0,Yes,
9306,ce378111-3edf-420d-83c8-9070024adc4b,Visit,24:04.8,Tablet,North,Paid,0,Yes,
9307,7c2a3e7a-d34d-4430-be73-2260ed2b66d0,Visit,11:56.5,Tablet,East,Organic,0,Yes,
9308,6314a882-6d85-4692-b3e8-7d7b74aeed2f,Visit,26:35.5,Tablet,South,Paid,0,Yes,
9309,23ccaf92-e277-4bc9-9493-0770509e785a,Visit,01:35.3,Desktop,North,Organic,0,Yes,
9310,0a2de536-ae1c-4306-8d83-1de7345d9d3c,Visit,45:53.9,Tablet,East,Paid,0,Yes,
9311,19c26567-942e-4268-a1bf-da4a48768801,Visit,09:54.3,Mobile,South,Paid,0,Yes,
9312,7fdcdc4d-93e2-4166-8d8b-150f9c29e643,Visit,18:31.1,Mobile,East,Paid,0,Yes,
9313,5e614d67-53d6-43e2-b09d-b6adaffd8807,Visit,28:27.7,Desktop,West,Referral,0,Yes,
9314,39e49c61-b3c4-47ba-9a60-68ad01c9cd77,View Product,37:47.7,Tablet,South,Referral,0,Yes,
9315,b22177bc-6e25-4b79-b854-58ffa5250635,Visit,39:00.2,Mobile,West,Paid,0,Yes,
9316,998ec76e-f3fe-4ac0-a1a6-ef992ad5948b,Visit,04:02.8,Mobile,East,Paid,0,Yes,
9317,346b4164-875a-4e1f-b946-ac7d0f7e20cc,Visit,46:47.9,Mobile,West,Organic,0,Yes,
9318,6e151f56-fa93-4549-9192-6a1ab42d483a,Visit,17:03.6,Tablet,East,Organic,0,Yes,
9319,492087f1-172d-4d7b-863d-8c075f2d3b32,Visit,07:48.7,Desktop,West,Paid,0,Yes,
9320,199db0a2-a0b0-4a40-918a-470246073bbd,Visit,05:32.8,Mobile,West,Paid,0,Yes,
9321,c7ea29bf-6fe6-4182-aaa8-54c5cf6f5c1d,Visit,27:27.2,Mobile,East,Paid,0,Yes,
9322,2b2ce166-365f-40ee-9ee4-35914071fb32,Visit,46:01.2,Mobile,East,Referral,0,Yes,
9323,cacfde72-2ecf-459a-80ea-dd5606f2e325,Visit,22:38.8,Desktop,South,Referral,0,Yes,
9324,4af1bcbb-cde3-4799-bece-44da60b1ae0e,Visit,33:20.9,Tablet,South,Referral,0,Yes,
9325,e9612fc6-42b2-4aa1-8b00-c151d0cc17d7,Visit,34:10.9,Tablet,North,Referral,0,Yes,
9326,41b52481-5c23-4a9f-bc7b-c59a6a34ad2c,Visit,30:00.2,Mobile,West,Paid,0,Yes,
9327,8f0ecbcc-c10d-453c-a077-43fc8b5a300d,View Product,35:37.3,Desktop,East,Organic,0,Yes,
9328,b735fc1b-eb14-460a-8c25-e16e708f04a6,Visit,33:50.0,Tablet,South,Organic,0,Yes,
9329,400ccdb6-b396-42ca-80bb-1fba558b2f43,Visit,36:31.8,Desktop,South,Referral,0,Yes,
9330,7a10e820-8b90-43eb-9bbc-41d2c8958b83,Visit,25:50.8,Desktop,North,Paid,0,Yes,
9331,ac8e47df-f6b2-45ce-9879-689cebede703,Visit,19:43.2,Mobile,West,Paid,0,Yes,
9332,3fca9f31-f74f-45ee-9c02-26abaafb243d,Visit,35:51.6,Desktop,South,Paid,0,Yes,
9333,c02296ef-6bcf-4f41-90a9-9806781936fe,Visit,47:19.5,Desktop,East,Referral,0,Yes,
9334,f969df08-343f-4fc2-924c-259ec2a2474e,Visit,43:38.6,Desktop,North,Organic,0,Yes,
9335,0d3ab2cb-49b8-47f6-8830-6a01d41304c4,View Product,47:52.2,Desktop,South,Referral,0,Yes,
9336,226a56a4-fe8b-412e-ae3c-24587bf93eb4,Visit,10:09.1,Tablet,North,Organic,0,Yes,
9337,ce8f5a21-f651-449f-bf84-b8df6e224725,Visit,01:39.8,Tablet,North,Referral,0,Yes,
9338,f8c7e63a-213d-4a16-b302-c788b5094c0d,Visit,54:54.9,Tablet,West,Paid,0,Yes,
9339,7d54ead0-19e8-416a-9fad-e5f485d82354,Visit,40:20.3,Tablet,South,Paid,0,Yes,
9340,c4e7da83-6b36-4e0f-a8e7-14910df2d539,Visit,14:49.1,Mobile,West,Referral,0,Yes,
9341,28e043b5-abfb-46b7-9c5f-1a70a85f7dc7,Visit,55:00.1,Mobile,South,Paid,0,Yes,
9342,7fe20e13-7f9c-4990-b825-5c44cd3b3d16,Visit,51:44.1,Mobile,South,Organic,0,Yes,
9343,22d1c567-cd35-4b11-b965-4e4cfa5a669f,Visit,10:40.6,Tablet,South,Paid,0,Yes,
9344,66674c26-36fe-4613-bf9d-140560a0c7c9,Visit,15:41.9,Mobile,East,Referral,0,Yes,
9345,7848fafd-873b-4eb0-93d9-2470c7253225,Visit,11:30.5,Desktop,North,Organic,0,Yes,
9346,e5675901-8826-451d-a1b3-f5c6333212a6,Visit,45:59.1,Tablet,North,Paid,0,Yes,
9347,7a14b3b0-9bec-44fc-8bc3-174d3f918253,View Product,16:01.8,Mobile,East,Paid,0,Yes,
9348,a6adc2c0-2eef-4116-8c2a-7d6693df9f78,Visit,25:12.5,Tablet,North,Paid,0,Yes,
9349,bafd8a9e-d64e-4670-9069-e4748c768790,Visit,27:55.7,Mobile,South,Organic,0,Yes,
9350,24fd8750-d23c-4801-a057-b17da082cb5d,Visit,35:53.9,Mobile,West,Referral,0,Yes,
9351,80877db5-5c5a-4e62-b284-8930bdda347c,Visit,45:09.2,Desktop,North,Referral,0,Yes,
9352,bf2717b5-41a1-4a98-984f-9256ebf6b106,Visit,58:37.1,Desktop,South,Referral,0,Yes,
9353,d0f51196-d0c7-4423-87d3-ab0320ca9642,Add to Cart,25:42.4,Desktop,East,Organic,0,Yes,
9354,ee14ed97-9800-4c66-97d2-cb0aaf298f00,Visit,48:18.9,Tablet,West,Referral,0,Yes,
9355,cec64306-b392-406e-ae8b-cb70062f69c9,Visit,32:18.4,Mobile,South,Referral,0,Yes,
9356,6c405316-deb8-4459-920b-e9fdf56f86ea,Visit,00:15.8,Tablet,East,Paid,0,Yes,
9357,a4cd0147-66b9-4155-8a29-859c1c111727,Visit,07:36.3,Mobile,North,Paid,0,Yes,
9358,5ac1f194-30cf-4074-8ff8-1348b86986b4,Visit,07:43.7,Tablet,East,Organic,0,Yes,
9359,756c7021-bf40-4291-ba3e-401e8855a79b,View Product,47:08.4,Desktop,South,Referral,0,Yes,
9360,9418a0de-c857-4a14-81b9-39716cad9357,Visit,36:15.0,Desktop,North,Organic,0,Yes,
9361,620609f3-4562-4704-8176-a54080f0b6ae,Visit,02:00.8,Mobile,North,Paid,0,Yes,
9362,f8ef2152-7e1b-4924-81f7-244e462002da,Visit,50:34.2,Tablet,East,Organic,0,Yes,
9363,1620a483-8adb-44de-aa6a-f9af34b6f582,View Product,33:15.3,Tablet,West,Referral,0,Yes,
9364,a997a8fc-4d1d-4546-adeb-4b7e2332fe91,View Product,38:10.5,Desktop,South,Paid,0,Yes,
9365,f8780032-24e9-451a-bfa1-a3c310dff089,Visit,36:29.4,Mobile,South,Referral,0,Yes,
9366,0523e757-1171-4aa8-b50d-e4e19e785925,Visit,30:15.4,Desktop,North,Referral,0,Yes,
9367,a867ef8f-b44d-4992-bac8-7bf04e6047fe,Visit,46:48.8,Mobile,North,Referral,0,Yes,
9368,1cfdbcde-1ce3-4b0f-873f-05cf42ae104b,Visit,57:24.4,Mobile,North,Referral,0,Yes,
9369,4ce6e089-76ca-43b1-9026-2cd77e2d03c1,Visit,41:40.5,Mobile,West,Organic,0,Yes,
9370,479926e7-b054-43ec-a36a-3513987a7940,Visit,10:00.6,Mobile,East,Paid,0,Yes,
9371,95ad6875-369e-4c15-bdc1-d2d4135bb3b9,Visit,02:57.8,Mobile,East,Referral,0,Yes,
9372,227a34ed-e131-4190-a4c1-f7482bb679c0,Visit,57:51.9,Mobile,West,Referral,0,Yes,
9373,98f48ecb-8526-407d-958f-d7c37f00b1c6,View Product,30:40.5,Mobile,North,Referral,0,Yes,
9374,7acbe439-9724-4d49-b3c1-1b9dfd609d1e,Visit,08:03.8,Desktop,North,Referral,0,Yes,
9375,a3670c5e-1b54-4604-9738-8b8d08e3366b,Visit,41:32.8,Mobile,West,Paid,0,Yes,
9376,9543f746-a2fc-4536-b4db-41eff3e0b600,Visit,01:33.2,Mobile,East,Referral,0,Yes,
9377,bcad4a7c-b1c5-43b2-9349-d00bd7564227,View Product,36:35.5,Mobile,South,Organic,0,Yes,
9378,5601253f-8375-498e-94e7-d2479fb17d63,Visit,02:31.1,Desktop,South,Organic,0,Yes,
9379,93fa67fd-a751-4c1f-aab9-9391c8a862b9,Visit,33:44.3,Desktop,South,Paid,0,Yes,
9380,ec2dd735-3b22-4606-b844-5986902cd655,Visit,34:00.5,Tablet,East,Organic,0,Yes,
9381,0a6ac119-8855-4fe3-8fac-f34882a82c3b,Visit,53:41.3,Desktop,East,Referral,0,Yes,
9382,67382b28-88f5-4e46-a3a3-ab491e6cf816,Visit,45:01.1,Mobile,North,Referral,0,Yes,
9383,c8253286-5915-4508-8cf0-46cd1ee0ed22,Visit,31:04.4,Mobile,North,Paid,0,Yes,
9384,0eac4b0d-a34b-40e4-9156-1dba842c676c,Visit,57:47.6,Tablet,North,Referral,0,Yes,
9385,92abcb3a-8c6b-44cc-8d89-9b766713721c,Visit,59:12.6,Mobile,East,Paid,0,Yes,
9386,e50f6f2d-84a1-47d1-b804-9dbc0a22de74,Visit,51:34.8,Tablet,North,Referral,0,Yes,
9387,af61e113-d163-4834-92bb-9442f8104f77,Visit,59:12.4,Mobile,North,Paid,0,Yes,
9388,72e6f276-d3bc-410a-acd8-7496fca1b4de,Visit,43:13.6,Tablet,West,Paid,0,Yes,
9389,efb433ca-be51-481a-8f3f-ef4f18ee9858,Visit,14:43.9,Tablet,West,Organic,0,Yes,
9390,feedd2b2-e9fb-441c-abba-c7b9d06214be,Visit,44:11.8,Desktop,North,Organic,0,Yes,
9391,14eef7d6-236a-4fee-bcb3-fdc1150e6837,Visit,08:53.2,Desktop,South,Referral,0,Yes,
9392,72391893-164c-4620-9379-be4c2bb5f8c9,Visit,40:26.0,Mobile,South,Referral,0,Yes,
9393,a981a5e3-a1ee-474b-825e-8e1939b141b7,Visit,56:50.1,Mobile,South,Paid,0,Yes,
9394,ec7998dd-a626-474a-9ca5-e9d2563b5626,Visit,55:34.1,Mobile,East,Paid,0,Yes,
9395,1a0187ea-0f4e-416c-a408-2a5d463fc889,Visit,13:31.6,Tablet,North,Organic,0,Yes,
9396,572d94a4-cbd1-4842-bf7a-c6def1997e14,Visit,52:19.5,Mobile,North,Organic,0,Yes,
9397,a2f7b1b5-2a3c-41ce-8cc5-1f561f5ec181,Visit,19:21.1,Tablet,East,Paid,0,Yes,
9398,c7cb7feb-849f-4dc9-a77d-73841e22edf1,Visit,15:01.1,Mobile,East,Referral,0,Yes,
9399,7c99a3ed-95da-427a-a39e-1124b7c01668,View Product,16:57.1,Mobile,West,Paid,0,Yes,
9400,08513cd5-d5ab-42d7-8a60-9383ca1a0333,Visit,34:52.4,Mobile,East,Paid,0,Yes,
9401,493b454b-2099-412b-8b02-b5c9186f003c,Visit,13:37.8,Mobile,North,Paid,0,Yes,
9402,f097a9cd-747a-48c7-8c1d-2a36a057c3b3,Visit,51:50.5,Tablet,West,Organic,0,Yes,
9403,c95475fa-f3e0-4f1d-9ea2-10eea11419d8,Visit,32:03.2,Tablet,East,Organic,0,Yes,
9404,3936a50b-41e0-4d72-87c8-38c89d8d1351,View Product,25:02.4,Tablet,West,Organic,0,Yes,
9405,5e9c49ed-4e77-4449-8a0a-2082a7727cb9,Visit,56:38.2,Mobile,East,Paid,0,Yes,
9406,f41a2ee0-01aa-4c73-a5dd-b5d3c20be4c9,Visit,03:50.1,Desktop,North,Organic,0,Yes,
9407,fd1baf46-0675-499c-b865-d77289e83451,Visit,54:44.2,Desktop,West,Referral,0,Yes,
9408,4037caeb-0999-4121-8ace-ead627c9d69e,Visit,40:07.4,Tablet,West,Paid,0,Yes,
9409,b08d7422-09f3-4e27-bc3e-64848cab1ed5,Visit,49:29.2,Mobile,North,Referral,0,Yes,
9410,17d46256-2763-4cac-af37-ad05e975bce4,Visit,02:23.9,Desktop,South,Organic,0,Yes,
9411,a32112b5-406d-4455-8367-7c159896da32,Visit,19:12.8,Desktop,East,Referral,0,Yes,
9412,434bd620-b6af-4b8a-b107-63b1c692b300,Visit,21:22.1,Tablet,North,Organic,0,Yes,
9413,cff7821f-c3b1-4f9b-ad5d-926539f41c14,Visit,36:20.4,Desktop,East,Paid,0,Yes,
9414,751c1b83-3e48-431a-914f-4893df6e00c8,Visit,56:52.6,Mobile,North,Referral,0,Yes,
9415,d1304f39-de89-46be-a895-4bdec8a0fbea,Visit,01:52.2,Mobile,South,Paid,0,Yes,
9416,99534dcb-dfab-4a08-bb61-78c42b2caa8a,Visit,53:12.4,Mobile,North,Organic,0,Yes,
9417,a2ccdaa6-e6b5-4a11-b767-c65949ad7e91,Visit,10:24.5,Mobile,North,Organic,0,Yes,
9418,1d146970-5a64-42e2-a925-52abe0e498bd,Visit,55:49.2,Tablet,North,Organic,0,Yes,
9419,fae43542-def2-41ec-88dc-56f083e6c3af,Visit,00:05.3,Mobile,West,Organic,0,Yes,
9420,54cfc234-ebc9-4c9b-b7cf-6f57286b530a,Visit,50:32.3,Tablet,East,Paid,0,Yes,
9421,f61df1b8-18cf-4d03-a802-dee99665e537,Visit,31:06.1,Desktop,West,Referral,0,Yes,
9422,1dc79b27-22c2-46bf-842e-c8c25dd7e96c,Visit,49:46.5,Tablet,West,Organic,0,Yes,
9423,574eef56-0537-4841-9bc3-d17e978d3333,Visit,26:53.4,Mobile,South,Paid,0,Yes,
9424,9d66eee0-fcc0-437c-8bc8-0c3dea59c89b,Visit,13:33.9,Mobile,East,Paid,0,Yes,
9425,8c341a91-af98-4906-9dc9-97aa55acb370,Add to Cart,20:35.2,Desktop,East,Referral,0,Yes,
9426,b20f3368-b0f4-4b2d-9daa-cd3ae335bb30,Visit,59:11.6,Mobile,West,Referral,0,Yes,
9427,42e35559-5849-4815-883b-979dcff9e0c8,View Product,29:37.0,Mobile,West,Referral,0,Yes,
9428,5122c119-f871-409f-bd3d-765445c87c98,Visit,04:52.1,Desktop,East,Referral,0,Yes,
9429,019f6328-0523-4cea-90b0-3f5ed32ff3ae,Visit,08:05.7,Tablet,West,Organic,0,Yes,
9430,c99eabbd-b84d-4c31-b92d-abba8658920f,Visit,50:02.2,Mobile,West,Referral,0,Yes,
9431,bd649cb1-35ed-473f-9f8a-dae428df4909,View Product,59:55.2,Desktop,South,Paid,0,Yes,
9432,981278bf-2439-42ef-a060-a435bf49fc93,Visit,50:00.2,Desktop,South,Paid,0,Yes,
9433,b61eb9a3-a087-4f98-8b6e-c6b39be2ef6d,View Product,07:11.7,Tablet,West,Paid,0,Yes,
9434,46a7dac0-5cb3-4158-87c7-7749b6364f1a,View Product,02:06.8,Desktop,North,Organic,0,Yes,
9435,a522ae8d-3717-4fb3-be00-d539ad0c55ac,Visit,31:53.4,Tablet,West,Referral,0,Yes,
9436,7d818d93-6a71-496d-8a08-827b3c9c1569,Visit,42:00.0,Tablet,North,Paid,0,Yes,
9437,e08c3c4e-8e49-45ea-9ff1-8ea99b762d41,Visit,58:20.2,Desktop,North,Paid,0,Yes,
9438,e80e08b0-ae06-4420-8925-c5d2bd57ef88,Visit,00:43.4,Tablet,North,Organic,0,Yes,
9439,b2602bf7-372f-434c-91de-d6ff1711978b,Visit,44:01.7,Mobile,North,Organic,0,Yes,
9440,0b89fdb3-a575-4e2a-8f94-f87ad5fbab2d,Visit,07:35.4,Mobile,West,Referral,0,Yes,
9441,63e3f5fe-80f1-43d2-981d-bceec9052b18,Purchase,24:14.3,Mobile,North,Organic,961,No,No
9442,34a050b2-7820-4cc2-abdd-67d85064fdce,Visit,21:04.1,Desktop,West,Paid,0,Yes,
9443,a6876e96-a5b8-49ef-9a28-3b9f2b2e094d,View Product,07:03.9,Tablet,North,Organic,0,Yes,
9444,3b5752ef-d530-4abe-8f46-b860ac83ed99,Visit,22:04.5,Tablet,East,Paid,0,Yes,
9445,e80ceae3-5d50-42d2-b1a5-8f45f206f7d0,Visit,20:20.4,Mobile,North,Paid,0,Yes,
9446,42553a19-e8b9-45b4-8dbd-239a904ab958,View Product,00:13.2,Mobile,West,Organic,0,Yes,
9447,07799388-debb-4d86-90f1-6400eb81c421,View Product,09:14.1,Desktop,East,Paid,0,Yes,
9448,4773ed59-ec85-4ed4-bd20-9ba34e8b701b,Visit,15:43.4,Tablet,South,Paid,0,Yes,
9449,1dee3fa6-70c3-48b3-8b98-a9de8cf2de33,Visit,44:21.9,Desktop,West,Organic,0,Yes,
9450,496b1929-4df3-44eb-8f29-2b61af14fa60,Visit,42:45.6,Mobile,East,Paid,0,Yes,
9451,19e50b9e-5aca-4c8a-8d26-7cfd9786b604,Add to Cart,20:43.2,Desktop,East,Paid,0,Yes,
9452,346700ec-9728-4e7b-a4b4-89b3f75eb268,Visit,17:24.1,Desktop,North,Organic,0,Yes,
9453,4df25e09-d57e-447a-b0c1-99545f476ad4,Visit,45:23.3,Desktop,South,Paid,0,Yes,
9454,2ec8c19e-2cc1-4b11-a9c6-005470e0d690,Visit,25:24.4,Desktop,North,Referral,0,Yes,
9455,0ad551ac-4228-4955-a92f-f84d9121d940,Visit,04:23.6,Mobile,South,Referral,0,Yes,
9456,2228ba61-7b9f-44a5-bfba-a2ed9abb9d2e,Visit,35:30.9,Tablet,East,Organic,0,Yes,
9457,c434ac02-8669-453d-97c2-826046f2bdc0,Visit,50:50.0,Tablet,West,Paid,0,Yes,
9458,4c842fad-36b9-4520-9235-5b1e5a7ecb8d,Visit,37:36.0,Mobile,South,Referral,0,Yes,
9459,2cc54f31-f014-40e8-9ff4-a2086b14f78c,View Product,20:47.9,Mobile,West,Referral,0,Yes,
9460,ead34c16-eab4-4378-bfdb-ddc2f7c45f47,Visit,22:26.3,Mobile,East,Paid,0,Yes,
9461,c3cb8c06-d327-4776-9aba-f256f2b26d29,Visit,05:53.0,Desktop,East,Referral,0,Yes,
9462,88e43a22-e0a8-4e48-98db-a8d000492b06,Visit,21:51.3,Mobile,East,Referral,0,Yes,
9463,e43b3d39-15d4-46d4-b1b5-852454ff7ba6,Visit,51:27.2,Tablet,East,Referral,0,Yes,
9464,d89600b9-bf80-43ae-a8ca-642b51210f57,Visit,00:20.2,Desktop,North,Referral,0,Yes,
9465,dcba576d-582c-47d3-9be2-3b9854358f50,Visit,50:25.8,Tablet,North,Paid,0,Yes,
9466,361f0e51-a858-4dfa-a733-c1d7421acf44,Visit,40:39.5,Mobile,South,Referral,0,Yes,
9467,17d1daf8-5d60-411b-b741-6e0f4f200460,Visit,05:09.7,Desktop,North,Referral,0,Yes,
9468,47028a8f-4fd1-4f22-b75c-09fcb1def5cd,Visit,43:26.9,Tablet,East,Referral,0,Yes,
9469,9bcaf412-df53-422a-a08b-547646283259,Visit,31:49.2,Tablet,North,Referral,0,Yes,
9470,d6156515-bbf1-43c1-8539-9d9c96ac25d7,Visit,26:01.7,Mobile,East,Paid,0,Yes,
9471,fb12e352-51e8-4715-813e-58bfc0cd4b33,Visit,15:12.0,Desktop,North,Organic,0,Yes,
9472,0082eab9-6adb-446f-bfaa-2f0c8bd8c64e,Add to Cart,20:50.0,Mobile,South,Organic,0,Yes,
9473,627d37e8-3cdd-4d2a-ab3f-6231e1e4e32f,Visit,44:35.1,Tablet,North,Paid,0,Yes,
9474,deb805d3-ccca-4f48-937d-ac921517f318,Visit,35:19.5,Mobile,East,Referral,0,Yes,
9475,23ef8c20-2192-4a4f-8075-6f75c685fa6f,Visit,23:17.0,Desktop,West,Referral,0,Yes,
9476,b5be9a61-9672-409f-ae81-fdef1d7b13f9,Visit,29:00.8,Tablet,East,Referral,0,Yes,
9477,06beb8bb-c4d2-4ae9-9831-15116606df10,Visit,17:17.9,Tablet,East,Referral,0,Yes,
9478,7ca6f611-6a3e-485b-a2c5-bb86e76520b0,Visit,08:48.8,Mobile,East,Referral,0,Yes,
9479,3cdb0a8a-852e-4a87-acd0-09bbbaf3cbb4,Visit,10:20.7,Tablet,West,Organic,0,Yes,
9480,0d73cf66-c46b-4542-8254-a4dbe10ec740,Visit,47:31.7,Desktop,South,Paid,0,Yes,
9481,39942e53-3303-49d5-8d00-04e0f60f3bf3,View Product,25:01.7,Tablet,South,Referral,0,Yes,
9482,69a4ae35-0b32-4b69-9643-4742515fcc90,Visit,25:29.6,Desktop,South,Paid,0,Yes,
9483,6ef030a8-8739-406f-9f27-8d2344862352,Visit,44:43.7,Tablet,North,Referral,0,Yes,
9484,5723b950-95ab-4130-a7f3-3b81b475aeaa,Visit,50:33.5,Mobile,South,Paid,0,Yes,
9485,a0c8906e-8a03-449e-9269-f880fa7f2632,Visit,09:20.8,Mobile,West,Referral,0,Yes,
9486,a8f713e7-9809-4f3d-9d26-35085e790ae5,View Product,05:45.5,Tablet,East,Referral,0,Yes,
9487,1d53e998-ed95-423f-8aef-f397cb4b021b,Visit,42:03.4,Mobile,East,Referral,0,Yes,
9488,0815c176-0a5e-4437-9ba1-68e42a616704,View Product,40:25.2,Tablet,West,Referral,0,Yes,
9489,2bf1fd9d-bd36-4162-aa1a-6ed5dc5a7ce1,Visit,24:27.0,Tablet,West,Paid,0,Yes,
9490,72b20e50-9c39-484c-944c-319e6cb3a72c,Visit,21:17.2,Tablet,North,Referral,0,Yes,
9491,5aac112f-c618-4956-b554-3b46769ab4fd,Visit,53:22.7,Mobile,South,Organic,0,Yes,
9492,8f6efbe9-4660-4d13-b41e-6694541f85bb,Visit,01:13.2,Mobile,East,Paid,0,Yes,
9493,2186d9a7-3f54-411f-a849-818a42321cca,Visit,17:57.4,Desktop,East,Organic,0,Yes,
9494,5b61b8ba-cceb-425c-9ea0-b25b1f80b988,Visit,55:24.7,Mobile,East,Referral,0,Yes,
9495,3fad3ad4-2245-40e1-9fce-8887c80a65a4,View Product,26:35.5,Tablet,West,Paid,0,Yes,
9496,831796e2-0e12-4d0f-ac44-7bcf88487901,Visit,55:27.8,Desktop,East,Referral,0,Yes,
9497,7b0a3a59-37d0-4bbc-9c4d-08660d9f2d1c,Visit,37:31.5,Desktop,East,Referral,0,Yes,
9498,594a1976-0030-42c6-95da-564b6048ecd2,Visit,46:11.7,Mobile,North,Referral,0,Yes,
9499,ccc2c5ee-25a3-4da9-acd2-c15d317c4181,Visit,12:46.7,Mobile,South,Referral,0,Yes,
9500,27fe5499-7194-4840-a698-a256a8d49053,Visit,59:20.1,Mobile,North,Paid,0,Yes,
9501,40364214-c6e2-490b-bac8-38f3bb13dd37,Visit,54:35.4,Tablet,South,Referral,0,Yes,
9502,b803ec04-c16a-40c3-a814-09bccea52114,Visit,19:26.3,Tablet,North,Organic,0,Yes,
9503,d7c0f40d-8c2b-48a5-99df-8860ea50969c,Visit,37:45.5,Mobile,South,Paid,0,Yes,
9504,d3ac3462-f11d-40b1-b320-3dba5b7fc289,Visit,37:32.5,Mobile,North,Organic,0,Yes,
9505,e291220b-3952-4ed3-ad3f-40ca0de7862b,View Product,57:24.9,Desktop,East,Paid,0,Yes,
9506,a13627d1-bd4e-43a1-bccf-c800934ce820,Visit,13:26.0,Desktop,South,Paid,0,Yes,
9507,c15fd3ed-7786-405f-b03d-7c0ae71b17b1,Visit,59:19.6,Tablet,East,Organic,0,Yes,
9508,00579cf4-50fa-45c4-b753-26ec7693e16b,Visit,42:31.5,Desktop,West,Organic,0,Yes,
9509,ef1122bb-3791-4a9e-8b5e-9f52e0b359dc,Visit,10:50.7,Desktop,East,Referral,0,Yes,
9510,19ef147c-fae9-4119-b688-51379dc8358f,Visit,51:13.6,Desktop,West,Referral,0,Yes,
9511,8b01de4e-d858-4161-9f42-bcc48af8037c,Visit,46:00.5,Mobile,East,Organic,0,Yes,
9512,5e35fd68-b260-4a16-9ae8-f7eac22638ff,Visit,11:53.1,Tablet,West,Organic,0,Yes,
9513,1ce53b9e-2fa3-4373-8f2a-6e450b07dde5,Visit,32:22.1,Mobile,North,Referral,0,Yes,
9514,ee7fefae-7fbb-46b8-81d9-d7867915d627,Visit,23:39.9,Tablet,East,Referral,0,Yes,
9515,3ec7d55e-5539-4c24-9c02-8a33fcb6661f,Visit,12:28.0,Desktop,North,Organic,0,Yes,
9516,6166075c-83c7-4630-9e76-5b5012e87c75,Visit,05:43.3,Tablet,North,Paid,0,Yes,
9517,cc5b50fd-3af0-4b71-8da9-42ddac189190,Visit,30:38.1,Tablet,South,Referral,0,Yes,
9518,6b08d5fe-d653-4e85-bff2-a8a9a6ceded4,Visit,17:50.3,Desktop,West,Organic,0,Yes,
9519,758e279a-e20b-484e-b74a-8549753ef6d2,Visit,00:40.3,Mobile,West,Organic,0,Yes,
9520,55b8e209-1ff2-43af-9715-0a11b4712489,View Product,56:38.2,Tablet,East,Referral,0,Yes,
9521,51f253c1-70b3-4b72-a0f1-c80a4681ebc3,Visit,56:00.2,Desktop,West,Referral,0,Yes,
9522,829e9fb0-41ae-46a9-bed5-2d125d03b9cc,Visit,07:30.0,Desktop,North,Referral,0,Yes,
9523,f8b3fdfb-74d4-4c54-9f59-eba9bde12d88,Visit,24:54.1,Desktop,East,Referral,0,Yes,
9524,90bbf237-6371-4b45-aac5-f0fa71608e4b,Visit,58:01.9,Desktop,South,Referral,0,Yes,
9525,46548713-b13a-495d-9954-2e973d7e8447,Visit,02:01.8,Desktop,North,Organic,0,Yes,
9526,f43b5d0a-9a19-4e5e-a343-a5fea6bb8e4f,Visit,50:37.2,Mobile,North,Referral,0,Yes,
9527,3e037be4-98cd-4d50-bc89-e1c2f232fa98,Visit,29:04.2,Mobile,East,Organic,0,Yes,
9528,cca18bae-cd9f-4907-bc72-df78fdc3055a,Visit,13:46.9,Tablet,North,Paid,0,Yes,
9529,0f03a8bf-a181-462a-bf73-6b3552a4d6d6,Visit,03:05.7,Tablet,North,Organic,0,Yes,
9530,852dfddd-971c-4f89-9389-3aa891eadb88,Visit,55:26.1,Desktop,East,Organic,0,Yes,
9531,b202dbef-44d8-4f09-a68c-44e3f49810b7,Visit,14:49.9,Tablet,East,Paid,0,Yes,
9532,419eac79-f1cb-49b1-a589-1f851d7862e0,Visit,20:30.8,Desktop,South,Referral,0,Yes,
9533,e2062a4e-f33c-4cde-912e-da6aa4473a15,Visit,21:47.9,Tablet,North,Paid,0,Yes,
9534,8b7507bd-5c0e-4949-a7f3-03afc7decf91,Visit,17:40.4,Mobile,East,Organic,0,Yes,
9535,bf0795ea-45a8-4405-a11d-c22d3ae4c386,Visit,29:19.7,Desktop,South,Paid,0,Yes,
9536,ee13280b-a92a-43ba-89a1-785b0f4ed2f1,Visit,54:56.2,Desktop,West,Paid,0,Yes,
9537,88814f30-d464-40d5-9b5c-c58af9427344,Visit,40:56.1,Mobile,East,Paid,0,Yes,
9538,2f7365ba-7f07-4f53-9348-cecdfbd70259,Visit,58:02.9,Desktop,East,Paid,0,Yes,
9539,6cba7703-aa26-4a32-9684-59a995418744,Visit,14:18.2,Tablet,North,Paid,0,Yes,
9540,e245fcbb-dc8f-409e-b2d9-24defe146000,Visit,15:18.0,Desktop,South,Organic,0,Yes,
9541,8aee6bd0-5108-4b80-b0a4-55f3d387de55,Visit,16:51.8,Mobile,West,Referral,0,Yes,
9542,534fa280-3a47-4b81-ba33-18a3bbe6a086,Visit,26:40.9,Mobile,North,Referral,0,Yes,
9543,5db525ba-04f0-41e4-9ea1-84e531582e97,Visit,10:29.5,Tablet,East,Organic,0,Yes,
9544,1dfb96c9-97dc-4183-9889-7cab2ccd0146,Visit,58:17.6,Mobile,North,Organic,0,Yes,
9545,62b2c5bd-9955-42ec-9ea7-ea609da64711,Visit,08:59.2,Desktop,East,Organic,0,Yes,
9546,af002809-fe69-4936-852d-1c1d5f612efe,Visit,25:27.7,Desktop,East,Referral,0,Yes,
9547,5a42b1f9-7308-4eaf-b94d-7129cb5dcc98,Visit,53:39.6,Desktop,North,Referral,0,Yes,
9548,78e894b8-8392-407e-bf17-131f1bad4be6,Visit,49:05.5,Tablet,North,Organic,0,Yes,
9549,9c3647b9-4a98-4b11-8cb9-cf1a87b91a6c,Visit,39:35.9,Tablet,West,Referral,0,Yes,
9550,d38b9270-88b3-49c6-a45a-24d54f134fae,Visit,08:20.1,Tablet,North,Organic,0,Yes,
9551,c4b3a78e-bbab-4baf-a2d3-0872b4d808ee,Visit,00:37.0,Desktop,South,Paid,0,Yes,
9552,e27e1158-d255-4fa6-a6cc-f75f8209b5c7,Visit,29:39.6,Desktop,South,Referral,0,Yes,
9553,c6ca7a51-3797-4e24-9707-2b63237f5139,View Product,12:25.9,Mobile,East,Organic,0,Yes,
9554,b9919122-009a-4313-b76c-50585d170a54,Visit,53:13.1,Tablet,East,Referral,0,Yes,
9555,fe8da97d-aac2-4668-853b-fd9f8f9d388a,Visit,45:43.5,Mobile,North,Organic,0,Yes,
9556,2a05bef5-dd9c-43e1-905e-d3d72f6a0409,Visit,33:49.3,Desktop,North,Paid,0,Yes,
9557,fcfc0282-046f-4551-bd05-765fad9ce507,Visit,02:22.9,Desktop,West,Paid,0,Yes,
9558,07e327a2-02e7-4bc8-8b9a-dee52ffadd31,Visit,29:59.9,Mobile,West,Paid,0,Yes,
9559,0fa695d6-f094-4654-9957-cd6d619f20d2,Visit,41:21.4,Desktop,North,Paid,0,Yes,
9560,1d611bac-00ca-4e90-823c-dea528f236da,View Product,35:28.1,Mobile,North,Paid,0,Yes,
9561,5c9db330-bdd2-43e4-891e-adfc5c24f4be,Visit,10:03.8,Mobile,West,Referral,0,Yes,
9562,d21fc6e6-a9ca-432d-a47e-57413536e946,Visit,56:24.0,Desktop,North,Organic,0,Yes,
9563,a668c1f3-6bb9-4b21-a484-f64d053ce37e,Visit,18:02.2,Tablet,East,Paid,0,Yes,
9564,cc6cfe97-1dba-44bb-a5d3-cd4fc2849cdc,Visit,22:28.4,Tablet,North,Organic,0,Yes,
9565,daf01ddb-a0e6-4a6e-9bab-79964acf7f66,Add to Cart,55:54.7,Mobile,East,Referral,0,Yes,
9566,6db50646-231a-4dc4-bdab-7ebb835beb08,Visit,42:45.9,Tablet,West,Referral,0,Yes,
9567,088e2b32-055c-40ba-a0cc-d2a08a93d2a9,Visit,45:34.1,Mobile,North,Paid,0,Yes,
9568,fe755d2a-8b44-4540-a430-49acdff5d7b2,Visit,30:13.1,Tablet,East,Paid,0,Yes,
9569,f591b629-f000-4ec7-ac6d-7c8138ff3dcf,Visit,12:53.5,Desktop,North,Paid,0,Yes,
9570,1288f154-19fb-4b42-96e6-528c6cfedd15,Visit,25:13.6,Tablet,South,Referral,0,Yes,
9571,aab18a53-0bdd-4ebe-85fc-428fe564ce1e,Visit,20:53.8,Desktop,West,Organic,0,Yes,
9572,9ad604f0-460f-4884-981e-d6efe40d2985,Visit,48:57.1,Mobile,East,Paid,0,Yes,
9573,1f877fcd-e86a-4141-8bd4-a8e5d858a21f,Visit,50:22.9,Desktop,South,Organic,0,Yes,
9574,84131e2e-faaa-4424-a84a-d5755c6ba7c0,Visit,09:15.3,Desktop,West,Paid,0,Yes,
9575,88eb04f7-d0c7-426a-83c1-c54bbd6df47e,Visit,01:05.9,Tablet,East,Referral,0,Yes,
9576,82bb6ff9-1f33-4def-92dc-4709c0fb2e9b,Visit,54:09.5,Desktop,South,Organic,0,Yes,
9577,ffa9359b-154c-464c-a275-b468e6f4e44a,Visit,52:12.3,Tablet,East,Paid,0,Yes,
9578,c7360581-329b-49bb-ae04-6e815acb3ef5,Visit,31:20.0,Tablet,East,Organic,0,Yes,
9579,b7d46945-ed4a-41dd-b686-c6ffb584830f,Add to Cart,23:02.8,Mobile,North,Referral,0,Yes,
9580,b666e487-e571-4508-9596-2234a6850820,Visit,17:53.3,Tablet,North,Organic,0,Yes,
9581,a1c6fea3-0ad2-4ca0-821e-78f1c933b886,Visit,16:02.5,Tablet,North,Referral,0,Yes,
9582,d3f1daae-2081-4442-85e1-442f9496c3f7,Visit,18:08.7,Mobile,East,Organic,0,Yes,
9583,f606762b-db6a-4415-a859-4a49dd31274b,Visit,55:38.4,Tablet,North,Organic,0,Yes,
9584,e5234836-ad4f-4207-a357-ad1ceef19004,Visit,19:49.6,Mobile,West,Paid,0,Yes,
9585,0f8a6f80-cbc5-4803-a49b-21c8156adcb9,Visit,52:44.7,Tablet,North,Organic,0,Yes,
9586,156ed775-081f-47ab-9b07-7e8044da8005,Visit,13:47.8,Tablet,South,Referral,0,Yes,
9587,83f2597e-d449-452c-bf04-c6e6b2f8357f,Visit,17:45.7,Desktop,North,Organic,0,Yes,
9588,0118e530-268c-4d7d-8faa-3eade436b0b0,Visit,43:18.7,Tablet,East,Paid,0,Yes,
9589,cdea9bc1-02f0-4f30-a577-aa97e591e32f,Visit,45:01.0,Mobile,East,Referral,0,Yes,
9590,18820328-a96c-4eb8-bc0e-cd6f59501491,View Product,30:24.3,Desktop,North,Referral,0,Yes,
9591,13884dde-a67f-4153-9ea4-b90ca4564b68,Visit,11:44.2,Desktop,South,Paid,0,Yes,
9592,2db953d4-3e68-48ec-840d-2966b2302a40,View Product,07:37.0,Desktop,South,Paid,0,Yes,
9593,ba25a77f-cf5d-46f9-b5a2-d767366522e8,Visit,52:40.5,Mobile,South,Organic,0,Yes,
9594,e57fbd55-327e-49dc-8c7d-6df14ace233c,View Product,56:07.8,Tablet,West,Referral,0,Yes,
9595,df6f2251-d804-4c37-b075-f03f3afb7869,Visit,01:30.4,Mobile,South,Organic,0,Yes,
9596,8799fe51-00aa-46e9-ad95-d6914ff46bbe,Visit,21:36.1,Mobile,East,Referral,0,Yes,
9597,1a25e627-ce3b-499b-86cb-416f3df288c1,Visit,31:04.4,Desktop,West,Organic,0,Yes,
9598,6da12898-63b3-4ba9-bed1-a56cfb20d6db,View Product,26:19.6,Desktop,West,Paid,0,Yes,
9599,6580bd9e-1181-4261-bcf6-7b955a5ebb96,Visit,58:14.8,Tablet,South,Referral,0,Yes,
9600,a9f73ed3-60fa-4dc5-94ae-3eb8e6397a3f,Visit,32:34.1,Mobile,East,Organic,0,Yes,
9601,71b94467-0201-4e64-95c6-0ad3802ae8d5,Visit,27:45.2,Desktop,West,Referral,0,Yes,
9602,fb1c1da3-1142-474e-b24d-2bea24bb91cb,Visit,07:25.3,Desktop,East,Organic,0,Yes,
9603,4465b037-2954-4fdd-a29f-e8d071f7fb3c,Visit,06:00.1,Tablet,South,Paid,0,Yes,
9604,162d7488-5491-4f3c-bc46-ac08d9f96e57,Visit,49:11.6,Mobile,North,Paid,0,Yes,
9605,a4d1695a-4686-40b5-a3eb-918e03b0f91f,View Product,05:26.1,Tablet,North,Organic,0,Yes,
9606,df3d456d-f2c5-4e04-8cda-f5e2a2160db9,Visit,04:00.7,Desktop,East,Paid,0,Yes,
9607,fa821533-5df3-44c6-a679-0a07cee253a0,View Product,13:59.9,Desktop,East,Paid,0,Yes,
9608,c360df33-a97e-4fad-bb2a-680d6d323840,Visit,48:58.3,Desktop,North,Paid,0,Yes,
9609,c1c9556d-7505-4c60-bd3a-37cd834752ea,Visit,29:46.1,Desktop,North,Referral,0,Yes,
9610,6d8422e0-79fa-4ef5-b6f9-a309299555d4,Visit,37:46.1,Mobile,South,Referral,0,Yes,
9611,a8d5ca89-81e4-4508-ba4e-8e971654eb8e,Visit,49:57.5,Desktop,South,Organic,0,Yes,
9612,c00b666f-8cb2-4a36-b90b-68b1cb650422,Visit,51:07.5,Desktop,East,Referral,0,Yes,
9613,de48cb46-953c-42fd-ac43-9a7644edd302,Visit,34:23.0,Mobile,East,Paid,0,Yes,
9614,d4b5d21e-9f9d-4073-9735-20ffb030a1f1,Visit,22:53.2,Tablet,East,Organic,0,Yes,
9615,ac016901-746a-48ac-9b05-5ba590739063,Visit,32:55.1,Tablet,North,Referral,0,Yes,
9616,938e13fe-10a0-491f-b2e2-5b62f7d38115,Visit,55:46.8,Desktop,East,Referral,0,Yes,
9617,b7494eca-b1c5-4f52-92e2-0bf3a97f534f,Visit,11:00.2,Mobile,South,Paid,0,Yes,
9618,ed2b9ecd-40f5-4f7b-8bf4-82cb0f768b74,Visit,09:01.2,Tablet,West,Organic,0,Yes,
9619,8bb16c8a-6376-4ab8-b493-c24c6de15957,Add to Cart,55:47.0,Mobile,East,Referral,0,Yes,
9620,785a532f-eb4e-4f0a-9855-241ed5616f29,Visit,02:50.1,Tablet,South,Paid,0,Yes,
9621,619fde28-9f4c-4005-998c-d2436af88ffa,Visit,55:34.3,Desktop,East,Referral,0,Yes,
9622,8a36b525-9c0f-49aa-836f-cd0e0e1380a7,Visit,31:46.0,Desktop,West,Organic,0,Yes,
9623,06087406-5a7c-4e88-87fe-df22fff8679d,View Product,48:16.5,Tablet,West,Referral,0,Yes,
9624,d4df34cb-f344-49c5-892a-e10f62b2b207,Visit,30:36.9,Tablet,South,Organic,0,Yes,
9625,5c92a4cf-e029-4a5f-9dcd-d962f79ef412,Visit,55:49.3,Tablet,East,Paid,0,Yes,
9626,1a1f325a-6ea0-4495-ad1c-d1316d3e5bd2,Visit,06:39.0,Tablet,West,Organic,0,Yes,
9627,c0689de9-9f6e-4b4b-9fb2-d090b82bab76,Visit,51:37.5,Tablet,South,Referral,0,Yes,
9628,54ba6c6b-f9e4-4174-8f4f-6ff53a91cc64,Visit,03:05.3,Tablet,West,Paid,0,Yes,
9629,7bc4d6d1-f7fb-4e01-a8a9-f1e66ce36435,Visit,56:06.0,Mobile,North,Organic,0,Yes,
9630,d9ce505c-4d3d-4af7-ad5a-644c8547be23,Visit,34:39.5,Tablet,North,Organic,0,Yes,
9631,b2b5b49f-b1bd-46ab-85d6-6c63ccec2e44,Visit,41:59.2,Mobile,South,Paid,0,Yes,
9632,6a05b568-5874-4fd4-acac-1e110a6af00f,Add to Cart,49:08.5,Mobile,North,Referral,0,Yes,
9633,16261674-3819-43f3-a409-c9d88eeb90e5,Visit,15:26.1,Desktop,West,Organic,0,Yes,
9634,a9207bc2-c748-45ae-a8c8-c51fde84a0b9,Visit,08:18.1,Desktop,North,Referral,0,Yes,
9635,c9fa1fdf-c85a-4586-9aa7-cb2afb00d5f4,Visit,32:23.6,Mobile,East,Organic,0,Yes,
9636,bb79e671-3c1e-4231-9739-d1e3f27424f6,Visit,31:10.9,Tablet,West,Organic,0,Yes,
9637,2fb9137d-ce62-4fc1-9b9c-61e700c32bc8,Visit,48:17.2,Tablet,East,Referral,0,Yes,
9638,8d91193e-21da-4321-bf80-68f76a1e75b4,Visit,50:11.1,Mobile,West,Organic,0,Yes,
9639,1017f9e7-27c8-442e-b313-6c1e6aad0df5,Visit,07:58.6,Mobile,South,Paid,0,Yes,
9640,83d0833e-7ff4-449e-a451-aaf2e1dbbed6,Visit,42:16.7,Desktop,South,Paid,0,Yes,
9641,a0d0f0d1-45ac-4784-a577-5733a11cf4de,Visit,07:24.0,Tablet,West,Organic,0,Yes,
9642,faa4facb-064f-4e23-9249-4f0a0712075b,Visit,26:25.7,Desktop,North,Paid,0,Yes,
9643,de0dad09-0e07-4cb9-9761-c85181244270,Visit,15:27.6,Desktop,North,Paid,0,Yes,
9644,f3ffcdf9-12f0-49c2-ac2f-4f200dbc498f,Visit,09:42.4,Mobile,North,Organic,0,Yes,
9645,6c965c30-2ca0-4987-860d-3558354d5ea7,Visit,28:39.5,Desktop,South,Organic,0,Yes,
9646,b7d9dd68-393b-4e4c-bf46-d1e2d57d3406,Visit,06:20.7,Mobile,South,Organic,0,Yes,
9647,66fb5c5e-3e7e-462b-a451-ec594fc466dd,Visit,46:17.6,Desktop,East,Referral,0,Yes,
9648,21fcff34-bd23-469b-93a6-de114418e7fc,View Product,58:32.5,Mobile,East,Organic,0,Yes,
9649,83e67d06-682a-407e-a5ed-af5f8018fbef,Visit,33:28.7,Tablet,East,Referral,0,Yes,
9650,a23e3954-6aa3-4d61-a487-326da34d4042,Visit,40:35.2,Desktop,West,Paid,0,Yes,
9651,d8a46c97-00d9-4716-9f3e-3d4277bb57b5,Visit,23:52.8,Tablet,South,Referral,0,Yes,
9652,8107482e-5504-42fa-b91f-40579148bb8d,Visit,37:48.1,Tablet,North,Organic,0,Yes,
9653,e588550f-1120-4e5a-82ce-41579af95d89,Visit,39:11.8,Desktop,East,Paid,0,Yes,
9654,04f11e37-9808-439f-ae23-9bca83250132,Visit,07:20.4,Tablet,East,Referral,0,Yes,
9655,64100df8-7b5f-4b57-b616-e00dc77a8f76,Visit,05:12.3,Tablet,East,Organic,0,Yes,
9656,3caeb025-3eff-4f1b-af1e-389197061ec8,Visit,37:59.7,Mobile,East,Referral,0,Yes,
9657,7716eab6-912e-471c-9725-8e0c2dea5bc3,View Product,21:36.4,Desktop,East,Paid,0,Yes,
9658,b4eca044-b96e-4808-bd01-fb0a7f9143ee,View Product,59:08.6,Desktop,East,Organic,0,Yes,
9659,9a68fd71-7a1b-436f-b02c-e4f80418d247,Visit,31:59.0,Tablet,North,Organic,0,Yes,
9660,3253f08d-1c11-4796-9d27-776a7ac8d887,Visit,19:16.0,Mobile,North,Paid,0,Yes,
9661,bbafcd95-1559-434c-b634-9a76b0b4f6b6,Visit,43:06.5,Desktop,South,Paid,0,Yes,
9662,2ce88b57-be7d-4c87-b61e-7c227f058a45,Visit,28:24.1,Tablet,North,Organic,0,Yes,
9663,12516ce2-a323-48b5-905d-9f3af8d059b9,Visit,44:35.5,Desktop,West,Paid,0,Yes,
9664,03b3d870-a107-4aaf-8f98-7e432fef4b51,Visit,56:35.8,Mobile,North,Organic,0,Yes,
9665,8e33dc1b-1dc4-4800-a49e-92b6fc6c2e33,Visit,53:52.4,Tablet,South,Organic,0,Yes,
9666,8b33df5f-d48a-485e-b771-d6f770af72a2,Visit,49:30.6,Tablet,South,Paid,0,Yes,
9667,4f1fd391-524d-458e-a576-ab85f1473462,Visit,27:43.4,Tablet,West,Organic,0,Yes,
9668,8a9302c4-326c-483b-a575-cc4ffe5fbe50,Visit,22:21.2,Desktop,West,Organic,0,Yes,
9669,10feaec5-5209-458a-ae03-05af820b6a63,Visit,44:59.3,Mobile,West,Referral,0,Yes,
9670,baa18d5f-b98d-47df-bf21-340094cdcca1,Visit,37:25.9,Mobile,South,Referral,0,Yes,
9671,21f8d6a0-bef7-4c88-be39-5684c031a15f,View Product,38:19.9,Mobile,East,Referral,0,Yes,
9672,27d95fb6-71f8-4426-9551-8be94e6731ad,Visit,42:17.1,Desktop,North,Referral,0,Yes,
9673,7aa5696b-5b01-4f87-a033-3f3ffef52d73,View Product,06:27.8,Mobile,South,Organic,0,Yes,
9674,3af1f596-ecef-41a6-8444-0fb9d1c78e86,Visit,17:55.4,Mobile,South,Paid,0,Yes,
9675,84aecaeb-6ba4-4fc5-a421-9e7c044633e9,Visit,48:24.3,Mobile,West,Referral,0,Yes,
9676,c67252e5-556b-4f62-a20e-ce97e198e24c,Visit,20:29.3,Desktop,West,Organic,0,Yes,
9677,cb69a05d-78d0-4389-898c-6b9b28df0be5,Purchase,49:30.3,Mobile,South,Organic,1965,No,No
9678,3e75bbdc-1384-4577-8042-dfb4cb086a1e,Visit,30:12.2,Mobile,North,Referral,0,Yes,
9679,eb160da7-9d93-48ee-af03-0ac2ab5c1fed,Visit,15:01.1,Desktop,West,Organic,0,Yes,
9680,f5f1a528-8636-4784-9a3c-14ee874a0e15,Visit,39:35.9,Mobile,North,Referral,0,Yes,
9681,29cc2353-6ac7-4943-a2ec-3bcca2543e26,Visit,09:00.3,Tablet,North,Referral,0,Yes,
9682,04aa5560-96e5-4f99-9eb7-5054683d34a4,View Product,47:47.8,Tablet,East,Paid,0,Yes,
9683,4372b80d-2650-40d9-88f6-94159c26c6b4,View Product,30:54.3,Desktop,South,Referral,0,Yes,
9684,3b13710f-0b15-4354-98ac-d503028e4431,Visit,30:21.5,Mobile,North,Organic,0,Yes,
9685,18e3f72d-2bd4-40fc-b6a0-9e16691e13f8,Visit,08:17.5,Tablet,East,Organic,0,Yes,
9686,ed2a25f9-0f72-473e-82a6-3a8277131057,View Product,35:57.0,Mobile,East,Organic,0,Yes,
9687,32564d3d-df07-476b-bae1-292216841e6a,Visit,08:45.0,Tablet,West,Referral,0,Yes,
9688,a4543633-a772-4d38-9cbb-b14d2b33766d,Visit,24:42.2,Tablet,West,Organic,0,Yes,
9689,a7da4e90-b42c-4c4d-9df2-e4ec7380939a,Visit,54:13.5,Mobile,East,Referral,0,Yes,
9690,5de7cafd-37de-4046-8f15-1ae10816d875,Visit,28:23.0,Mobile,North,Referral,0,Yes,
9691,adcfa6d6-610c-4d26-98de-dcf3812744fe,View Product,58:53.2,Desktop,West,Referral,0,Yes,
9692,afaa66db-7608-4db2-bbb4-e1d6c42dfe2a,Visit,55:31.9,Mobile,South,Paid,0,Yes,
9693,bffea6a0-c823-4e69-b2bb-92a1c8756ef0,Visit,11:05.0,Tablet,North,Paid,0,Yes,
9694,2fbc3e7e-1567-48d3-9fb6-20b12da8500a,Visit,41:43.0,Tablet,West,Referral,0,Yes,
9695,740bc834-b652-4630-a12d-433314eb05a4,Visit,29:16.0,Tablet,West,Paid,0,Yes,
9696,8e1d1144-e656-4437-b8b8-cb0f9114657d,View Product,05:53.3,Tablet,South,Referral,0,Yes,
9697,305492ce-ff25-4d59-9563-eeefb81eaa33,Visit,20:00.8,Tablet,West,Paid,0,Yes,
9698,e151fd5d-e893-41f1-a8e6-20cab8ed15a6,Visit,35:48.6,Mobile,East,Referral,0,Yes,
9699,54a941e3-30e0-4503-87a3-aa202a7c4bf5,Visit,13:20.5,Desktop,West,Referral,0,Yes,
9700,3a569200-30ec-4b04-b0d0-5c8d6cd3e16b,Visit,01:44.9,Tablet,West,Paid,0,Yes,
9701,1dcb0f74-eb95-4e0d-97b9-8dd99212f7ce,Visit,24:43.4,Desktop,East,Referral,0,Yes,
9702,0ec7eeac-fdc8-475f-94e8-2a7fa079519e,Visit,34:20.1,Mobile,North,Paid,0,Yes,
9703,5d407cb1-1331-41ed-aba3-a390444d90d6,Visit,14:21.3,Desktop,North,Referral,0,Yes,
9704,234298ca-1b39-488a-a7b4-97e571574b3e,Visit,41:18.8,Tablet,West,Organic,0,Yes,
9705,26a815d1-63c9-44e0-924e-b3fc3bf0263c,Visit,57:25.9,Mobile,East,Referral,0,Yes,
9706,5576023c-9214-4c57-b3b7-490b02473a7f,Visit,28:46.2,Desktop,West,Referral,0,Yes,
9707,6345c2a4-763a-4b2a-ba83-4d6cde3e0112,Visit,30:48.4,Desktop,North,Referral,0,Yes,
9708,f622a7de-b260-4267-b344-312853b62ae9,Visit,39:40.3,Tablet,East,Paid,0,Yes,
9709,e2c90dd4-065e-43b7-a409-57bd9663ed28,View Product,16:54.7,Desktop,East,Referral,0,Yes,
9710,8b52b957-39b8-4cb6-b308-1dc98db1e3bb,Visit,33:30.5,Tablet,North,Referral,0,Yes,
9711,3b34c2f3-8695-4227-8814-661f2cbc2cd9,View Product,06:34.2,Desktop,East,Paid,0,Yes,
9712,8dd9a526-6d1b-4f59-8994-2e81db282ac1,Visit,35:11.6,Desktop,West,Referral,0,Yes,
9713,e392e32a-cd07-4fce-9691-b51177c94b4e,Visit,22:09.0,Tablet,North,Referral,0,Yes,
9714,7ca35556-3005-46b1-84f1-eec83a3d2200,Visit,15:10.4,Mobile,East,Paid,0,Yes,
9715,f62475ad-0706-4e18-9906-b5045395e156,Visit,05:06.6,Tablet,South,Referral,0,Yes,
9716,f2e46aaa-3b6e-4da5-91b4-50bfb83b6613,View Product,06:47.4,Tablet,East,Organic,0,Yes,
9717,1f054a9f-eda2-4229-88d6-6faf915c792f,Visit,21:31.5,Mobile,North,Referral,0,Yes,
9718,c42bf7ba-9c50-4550-9a6a-73107cead342,Visit,45:17.7,Desktop,North,Paid,0,Yes,
9719,6afc0fb6-9553-487d-a03f-0ca6a9e21bf4,Visit,40:05.2,Tablet,East,Organic,0,Yes,
9720,31b48041-9967-4994-bbe2-af835022349c,Visit,11:17.6,Mobile,North,Organic,0,Yes,
9721,4f58117d-4f5d-4bc3-9bd2-dee825c22574,Visit,53:56.9,Mobile,North,Paid,0,Yes,
9722,256c44f2-b74f-411b-932c-0379baa46553,Visit,07:49.2,Mobile,North,Paid,0,Yes,
9723,e535a0d3-38f7-44d2-8df6-110686c4c0f2,Visit,48:53.0,Mobile,East,Organic,0,Yes,
9724,f5724964-4916-4363-bafe-a1b8d6d49e5b,Visit,13:12.7,Tablet,North,Paid,0,Yes,
9725,e88f223d-22e7-4ebf-a3cc-46328f176e4f,Visit,36:46.0,Desktop,East,Referral,0,Yes,
9726,27b54c3a-ef40-426b-8260-ee2161930dad,Visit,00:26.4,Mobile,North,Organic,0,Yes,
9727,74eb979e-b260-4575-bdfa-02ba2b9a8b58,Visit,53:06.2,Mobile,East,Organic,0,Yes,
9728,8886043c-5d35-4737-83ee-4f89a9beeee0,View Product,39:02.0,Desktop,South,Organic,0,Yes,
9729,4a46f311-364e-4103-b3a2-e8ae6e81cf65,Visit,59:09.4,Desktop,North,Paid,0,Yes,
9730,74bfacc9-f400-4f1f-b77f-0f31e1da5abf,Visit,00:32.7,Tablet,North,Organic,0,Yes,
9731,6433dab6-7884-4d47-bfbd-9c8f42d7a804,Visit,55:14.3,Tablet,South,Paid,0,Yes,
9732,efa71e5f-346a-4569-a019-6e037aca9e7d,Visit,49:27.1,Tablet,North,Paid,0,Yes,
9733,5c4b3c6d-cbd3-4bd2-90dd-66e5117af3c0,Visit,48:35.4,Mobile,North,Paid,0,Yes,
9734,0bc2269a-2a3b-429a-afc6-be8fcacbb49e,Visit,01:54.6,Tablet,West,Organic,0,Yes,
9735,376784c2-55f7-4e76-b5c0-db82db5fb66b,Visit,28:04.8,Mobile,West,Organic,0,Yes,
9736,4d473a78-5dce-4887-b793-ba957cfc5bd1,Visit,42:38.6,Desktop,West,Organic,0,Yes,
9737,ba1a676e-e517-4932-a774-76158c748171,Visit,35:01.4,Mobile,South,Organic,0,Yes,
9738,00b31f62-b739-4c57-b0da-397e3200a7a6,Visit,01:52.1,Mobile,East,Organic,0,Yes,
9739,0c873a53-549c-43b1-a10c-236326affad4,View Product,16:37.5,Tablet,South,Paid,0,Yes,
9740,c7648d99-4728-4140-b1bf-021098c2376a,View Product,53:17.3,Mobile,South,Paid,0,Yes,
9741,a6d60a0c-676d-4ffa-9a29-ec8e197dcca7,Visit,18:40.3,Tablet,South,Paid,0,Yes,
9742,327fb0c5-9b53-4a2a-8c94-c84316a610a3,Visit,49:54.0,Desktop,East,Organic,0,Yes,
9743,b2711691-4a69-4890-aea5-b11c58bcc8e4,View Product,59:08.5,Tablet,North,Paid,0,Yes,
9744,d383dc8d-f1ce-4a77-b513-8dae0bc6df64,Visit,52:32.3,Mobile,West,Paid,0,Yes,
9745,9ce228f4-aa36-45ca-88ad-be3803e3cd83,Visit,32:48.3,Desktop,North,Referral,0,Yes,
9746,24693769-9400-45e7-bb56-c6bb5ad137c8,Visit,08:19.8,Tablet,South,Referral,0,Yes,
9747,050a3600-5c9d-4f84-8c54-87e039a3fe53,Visit,55:01.6,Mobile,West,Organic,0,Yes,
9748,dce33eb7-e5c3-4eb9-989f-4fc04f486d45,Visit,14:22.5,Tablet,North,Paid,0,Yes,
9749,16cac960-4465-4ea4-8f8c-a8f6f376ee6a,Visit,48:32.0,Tablet,East,Organic,0,Yes,
9750,a504a1e5-8970-49c3-b74e-794dc046a265,Visit,11:07.4,Tablet,West,Organic,0,Yes,
9751,9eca4ebf-2c4f-4a2d-9220-d494c7902ab7,View Product,56:24.7,Mobile,South,Paid,0,Yes,
9752,6f7e050a-cc35-4216-b7f5-c22d60a4aea1,View Product,32:08.8,Mobile,East,Paid,0,Yes,
9753,bb4e7c4a-8c28-4811-9a3b-d424064e858d,Visit,04:53.4,Tablet,West,Paid,0,Yes,
9754,f748d3a7-9d17-4d7b-b397-1c3fb8e37b05,Visit,58:05.7,Desktop,South,Paid,0,Yes,
9755,89b3475d-b038-418f-b569-e2c2a075bcc8,Visit,24:35.2,Mobile,South,Paid,0,Yes,
9756,35108ba8-976b-4e9d-90a6-b17028e429f2,Visit,13:24.2,Desktop,West,Organic,0,Yes,
9757,6394f052-483b-4871-a43a-e0e732f969e5,Visit,26:10.2,Desktop,North,Paid,0,Yes,
9758,15916054-3f09-49e2-a24e-88d0ee1b625c,Visit,49:03.6,Tablet,South,Organic,0,Yes,
9759,180cccec-dcf2-47a0-8352-7200ed5be58e,Visit,23:34.5,Tablet,West,Organic,0,Yes,
9760,aeaeccad-2c47-4df6-b1b1-29f6856e62c2,Visit,41:48.0,Mobile,East,Referral,0,Yes,
9761,efe00578-d7c5-4e5f-a922-198522f0732c,Visit,10:48.9,Tablet,North,Paid,0,Yes,
9762,644041b3-2ee4-41b7-8e75-ad52b7067863,Visit,40:21.2,Tablet,East,Organic,0,Yes,
9763,a381df17-5be9-4bd1-81ef-2d80cb1bc1f7,Visit,51:36.1,Tablet,North,Organic,0,Yes,
9764,9ea536cf-4cad-49f9-9fbb-b7d52ba4a1c8,Visit,50:13.6,Mobile,East,Paid,0,Yes,
9765,84a62529-dbc9-4069-9b1f-8dee32ac0e52,Visit,58:38.5,Desktop,South,Referral,0,Yes,
9766,4218489e-43c3-4f9b-9a80-0e1fd15002b4,Visit,18:13.7,Tablet,South,Organic,0,Yes,
9767,7d53fd4f-4239-48b5-90d5-e0927e289a53,Visit,54:26.9,Mobile,East,Organic,0,Yes,
9768,86cb518c-b5e1-45d0-92fd-831ee917ba70,View Product,35:41.7,Mobile,North,Referral,0,Yes,
9769,02f9093e-f06a-40e2-b4c7-60e6a5eb46db,Visit,48:49.5,Desktop,North,Paid,0,Yes,
9770,826286c4-b97f-44a9-9627-c30dc3542ecc,Add to Cart,39:41.1,Mobile,West,Organic,0,Yes,
9771,3df89638-a231-4658-80f0-54d448f23582,Visit,31:18.7,Desktop,West,Paid,0,Yes,
9772,c9016cb1-4c0b-4f58-bc15-5541a09fce19,View Product,05:09.1,Desktop,North,Referral,0,Yes,
9773,a38c579d-0259-4539-97fb-6e710a1272a1,Visit,26:24.5,Tablet,West,Organic,0,Yes,
9774,d1f6cb78-245a-4c04-a62f-7fa112317e19,Visit,04:38.7,Tablet,West,Referral,0,Yes,
9775,312153e2-0e36-45c3-97e1-c955b2a54a2d,View Product,26:20.8,Desktop,West,Referral,0,Yes,
9776,ad96f429-e5d8-4851-99c3-2fc55c75e04b,Visit,28:43.3,Mobile,East,Paid,0,Yes,
9777,432dc7db-e822-4d52-926f-ff6e65562065,Visit,33:28.4,Tablet,West,Referral,0,Yes,
9778,f4287f09-726e-45ce-b6f0-8538e030f46e,Visit,41:33.7,Tablet,East,Organic,0,Yes,
9779,3329124e-0203-46d9-a286-3d16001464bb,Visit,16:50.3,Tablet,West,Referral,0,Yes,
9780,544c166e-30c2-4d96-a560-54ba8026ad65,Visit,27:35.3,Desktop,East,Paid,0,Yes,
9781,c3034ed6-6913-4d83-9006-9d952b45f098,Visit,09:32.3,Mobile,West,Organic,0,Yes,
9782,b9e013b8-9b89-44ef-bdc6-d977d0264f78,Visit,10:15.2,Tablet,East,Organic,0,Yes,
9783,c77c8908-48a9-4ed7-942d-2d097be462eb,Visit,27:37.9,Desktop,South,Organic,0,Yes,
9784,78ed901a-83be-47b6-ab1c-342dc7cf2da4,Visit,34:34.8,Mobile,North,Organic,0,Yes,
9785,fd9b8900-6de6-40ab-8c02-26da247ff991,Visit,55:51.6,Desktop,East,Organic,0,Yes,
9786,e3568c2e-8766-42f3-a683-0b7953789285,View Product,49:27.8,Tablet,West,Referral,0,Yes,
9787,0a991173-70f5-40c7-85d1-fe6687c814ba,Visit,54:32.1,Desktop,North,Paid,0,Yes,
9788,a1f110a6-a4e0-4bf0-a9e6-fd6eef2846c0,View Product,49:13.2,Mobile,South,Paid,0,Yes,
9789,724f7437-fe1e-4b40-9420-ec3b04ba0024,Visit,40:43.3,Mobile,North,Paid,0,Yes,
9790,656b8725-b29a-44a3-8374-73373374f6d8,Visit,53:30.7,Mobile,North,Paid,0,Yes,
9791,38b0c210-90cd-4e7e-89cc-4cf48a3f2f68,Visit,43:56.3,Mobile,North,Referral,0,Yes,
9792,8bd180ef-d529-4d2c-9e2f-7ec727a5178b,Visit,42:29.6,Mobile,North,Referral,0,Yes,
9793,90c1682b-4418-4b4d-8d4f-5ff14514db15,Visit,08:30.4,Desktop,South,Organic,0,Yes,
9794,13c38add-17f7-499a-bc1a-76d9abb0876e,View Product,21:04.0,Desktop,North,Paid,0,Yes,
9795,4bcaa2c3-95f8-425b-b70b-f906ac4143d2,Visit,56:54.3,Desktop,South,Referral,0,Yes,
9796,0ede26f8-b1ca-439a-8c09-913aa8f29922,Visit,48:35.4,Mobile,North,Paid,0,Yes,
9797,c8df8144-049b-4fef-a369-5636fcf49b2e,Visit,14:48.9,Desktop,West,Referral,0,Yes,
9798,fd1bb181-c25c-4919-a7a1-e4035ce7640d,Visit,29:55.2,Tablet,North,Organic,0,Yes,
9799,d4043846-2518-40dd-85d8-f343163512b5,Visit,04:10.3,Desktop,North,Referral,0,Yes,
9800,31abcc32-b62e-4c89-81a2-217e149e7471,View Product,06:23.2,Mobile,East,Referral,0,Yes,
9801,226410e2-36e5-41e3-95c8-6858548198c0,Visit,28:28.8,Mobile,North,Referral,0,Yes,
9802,708e2842-0f2d-4069-a5ec-164a8326894b,Visit,17:52.6,Mobile,West,Referral,0,Yes,
9803,db8f0bb0-63ca-46d6-8978-99d1ca543458,Visit,02:37.5,Tablet,South,Referral,0,Yes,
9804,cd731c4b-5fb4-44ff-b3d0-45c0854bd0b8,Visit,40:08.7,Desktop,East,Referral,0,Yes,
9805,f7e630fd-647d-4e87-8f4c-34d51c7e0a63,Visit,42:29.0,Desktop,East,Referral,0,Yes,
9806,7f1f8f32-5490-439d-b9b9-ded9fb0512cb,Visit,35:58.2,Mobile,South,Paid,0,Yes,
9807,55480fdd-1b63-42e8-b56d-be3a9d271f6b,View Product,51:58.4,Desktop,West,Organic,0,Yes,
9808,e5c6745a-7cb0-40b4-9367-0544da48625b,Visit,30:38.7,Desktop,South,Referral,0,Yes,
9809,00d9f274-22fa-4305-9283-48fdf32e7a54,Visit,35:08.2,Desktop,West,Organic,0,Yes,
9810,7aad4bd8-9e2a-4a8b-876f-8d68b8b86a50,Visit,54:52.7,Desktop,North,Paid,0,Yes,
9811,3cd6f0bd-6696-43e8-8b5a-9862f38c7ac3,Visit,25:13.8,Mobile,South,Paid,0,Yes,
9812,51dde192-d99f-4480-b925-d1e4beab333c,Visit,45:49.7,Mobile,East,Paid,0,Yes,
9813,18bcf22c-0c93-4af4-a82e-681cbf0584ba,Visit,54:09.7,Desktop,South,Organic,0,Yes,
9814,f1804ccd-8bfd-40b2-9ca7-9e2bf58891db,Visit,04:02.6,Mobile,North,Referral,0,Yes,
9815,fb7a5cd0-715f-4591-beb7-44ffc039fd76,Visit,06:36.8,Tablet,South,Organic,0,Yes,
9816,4afe42e6-d477-457f-ad99-18b50a01bd76,Visit,38:48.1,Tablet,North,Paid,0,Yes,
9817,3c624061-e823-48eb-81fc-7ce8fbc3ee5d,Add to Cart,44:33.7,Mobile,West,Organic,0,Yes,
9818,0d27ed53-c85d-4c9c-a0c6-20cfe8882873,Visit,25:00.2,Mobile,East,Paid,0,Yes,
9819,467535e7-549d-436a-bfb1-9ececdab4755,Visit,31:59.6,Desktop,West,Organic,0,Yes,
9820,44b8a5fe-81d6-427c-985c-d56c64e70c9f,Visit,37:23.5,Tablet,West,Referral,0,Yes,
9821,44a21c57-8d3e-4dfe-9bca-5eef7f3788cb,Visit,47:40.2,Desktop,East,Paid,0,Yes,
9822,cd119129-a6e3-4d88-bd38-757c53c1405f,Visit,04:53.2,Desktop,West,Paid,0,Yes,
9823,9c7301b6-f8f5-429f-b15a-441904bdaee1,Visit,15:32.9,Tablet,South,Referral,0,Yes,
9824,594f4af6-0238-4e2a-bc46-929d208e3e87,Visit,49:20.3,Tablet,West,Referral,0,Yes,
9825,108a2256-12ca-4bbb-877c-5c2f6a8fa4bf,Visit,26:24.5,Desktop,North,Organic,0,Yes,
9826,ce681a56-027d-46d1-925a-8573e9937763,Visit,56:18.1,Desktop,North,Paid,0,Yes,
9827,2c589099-b182-4d8b-afa6-0b99800ffccd,Visit,28:01.2,Mobile,East,Organic,0,Yes,
9828,1ce406e9-eed9-469c-b1f0-fd6ab867b6f9,Visit,57:39.0,Desktop,East,Paid,0,Yes,
9829,c1ec233c-b1a7-4c93-bef8-6239201879a1,Visit,46:39.1,Desktop,East,Organic,0,Yes,
9830,088294f5-7776-48ed-9adf-96cc83011290,Visit,04:01.1,Mobile,West,Organic,0,Yes,
9831,312817f7-11b0-416c-af3b-fc334696ffac,Visit,22:09.2,Tablet,South,Paid,0,Yes,
9832,77aa4931-638a-45c8-b929-5e90d733272a,Visit,27:10.9,Desktop,West,Organic,0,Yes,
9833,269ff67d-1761-4529-b0de-fc13fa2b99ed,Visit,32:32.6,Mobile,West,Organic,0,Yes,
9834,6f3e5b73-fdcf-4e06-a230-86e2314f0e9c,Visit,06:20.0,Desktop,South,Referral,0,Yes,
9835,8a42c1c0-e59d-4200-97b8-13145b9fe9bb,View Product,37:55.3,Desktop,West,Referral,0,Yes,
9836,12e7c1de-09a2-46bd-a738-45f01b3b9c2e,Visit,57:44.9,Tablet,West,Paid,0,Yes,
9837,e6f59c89-3661-4de9-bd1a-23cef2da736a,Visit,30:48.7,Desktop,South,Referral,0,Yes,
9838,0b2c9d3b-191d-49e3-9023-b149923bc7ee,View Product,53:34.6,Desktop,North,Paid,0,Yes,
9839,c33a4ef6-b0be-4150-937b-d888f7640f0a,Visit,37:11.6,Tablet,South,Paid,0,Yes,
9840,9bf93e98-5328-4936-b7c2-79e1cc066681,Visit,20:58.8,Desktop,West,Referral,0,Yes,
9841,0dd39f61-ae28-4a2d-a203-fe169f7736ff,View Product,59:05.2,Desktop,North,Referral,0,Yes,
9842,aa708fc0-9d76-4324-b50c-eadde0aaeef3,Visit,00:22.4,Mobile,West,Organic,0,Yes,
9843,7e5383bf-e9fc-420b-b7c9-81e863579f0a,View Product,44:19.4,Mobile,West,Referral,0,Yes,
9844,a1dfe829-0a8f-4c76-9eeb-c48f66b943e6,Visit,33:07.0,Tablet,East,Referral,0,Yes,
9845,e777921f-d418-475c-b7cd-da93ffd5a5df,Visit,30:22.4,Mobile,South,Paid,0,Yes,
9846,1aa5c835-6b1f-4d41-9349-15fcbfc1ff17,Visit,18:11.6,Mobile,North,Organic,0,Yes,
9847,2db4d164-bd6d-4416-93a4-42d72549705c,Visit,58:29.1,Tablet,West,Organic,0,Yes,
9848,4d0ed439-c5c7-4974-85db-d33cd2a1ada7,Visit,24:27.9,Desktop,South,Referral,0,Yes,
9849,d760a25f-6483-4507-977e-59f105724121,Visit,30:28.8,Mobile,West,Referral,0,Yes,
9850,c72b93e3-6820-495d-95c6-0e2541759a47,Visit,32:20.6,Desktop,South,Referral,0,Yes,
9851,c26438dc-7af1-419e-9a18-4e8e1d96cf01,Visit,00:59.6,Tablet,South,Referral,0,Yes,
9852,7cef6057-fb1a-4b6c-b01b-a0a6ce8c92db,Visit,49:21.2,Tablet,North,Paid,0,Yes,
9853,512d70cd-d74e-407d-a45a-924ed14e6fcb,Visit,29:49.3,Desktop,South,Referral,0,Yes,
9854,1ede1943-ca67-4f92-a0b8-304324db152a,View Product,43:09.2,Desktop,South,Paid,0,Yes,
9855,bb2907bc-271b-4630-b25e-062215d914ef,View Product,15:20.1,Mobile,East,Organic,0,Yes,
9856,0a71173a-303f-483f-a69c-7628ddad5134,Visit,39:28.9,Desktop,North,Paid,0,Yes,
9857,891a85a3-b7f1-41c3-b8d7-e135c3f3b542,View Product,43:04.5,Desktop,East,Referral,0,Yes,
9858,a2521d53-06a4-4a4a-b40d-62dc0dfc81a0,Visit,28:06.2,Mobile,North,Organic,0,Yes,
9859,946fc90e-8668-4774-8c8f-1e5ba9e71ce1,Visit,18:11.8,Mobile,East,Paid,0,Yes,
9860,310dbfe7-3217-41d7-bc0a-aa186b40ab47,Visit,57:54.5,Tablet,North,Paid,0,Yes,
9861,77a85d46-5f71-4da4-9437-5950b94abfe0,Visit,09:10.9,Tablet,East,Paid,0,Yes,
9862,f3744242-eb93-48d9-979c-e8535891e349,Visit,17:25.4,Mobile,West,Paid,0,Yes,
9863,483565d4-2b40-455a-a73e-8388bc707686,Visit,18:20.4,Mobile,East,Organic,0,Yes,
9864,0e1dd98a-e2c6-437e-a508-50f6ad69a1bb,Visit,48:16.4,Mobile,South,Organic,0,Yes,
9865,a864eb72-ae05-4a07-9394-cc10ea9e5a71,Visit,27:55.0,Mobile,East,Referral,0,Yes,
9866,e487f5db-3bb6-4bac-aec0-1a1d55811ad1,Visit,54:00.3,Mobile,South,Organic,0,Yes,
9867,f4b671e6-3279-49e2-9a96-ad433be1a142,Visit,26:33.4,Desktop,West,Paid,0,Yes,
9868,84da1158-6e99-4c40-9d4e-d38aa2619977,View Product,26:15.8,Tablet,North,Organic,0,Yes,
9869,1de39b57-32fb-4503-8fa7-042d0f0e49ea,Visit,52:34.5,Desktop,West,Paid,0,Yes,
9870,f277dfd0-3a27-4717-9436-6a1bbc99ab2a,Visit,06:19.7,Tablet,East,Organic,0,Yes,
9871,1c64275e-97d2-4fe3-a433-1120197af8a0,Visit,34:11.4,Mobile,South,Paid,0,Yes,
9872,4d96db5f-1b19-46ac-818a-000a34d1ed83,Visit,19:51.4,Tablet,South,Referral,0,Yes,
9873,5884fff6-9293-467d-a1a9-4c383f24da18,Visit,46:39.6,Mobile,West,Organic,0,Yes,
9874,c7c54b8d-feec-49bb-b56d-c43c57356ef8,Visit,58:38.9,Desktop,West,Paid,0,Yes,
9875,cbc2a284-416a-484d-aa76-c086684a14ee,Visit,10:22.0,Desktop,South,Referral,0,Yes,
9876,a94cb109-1e0d-4e02-8569-391aeaadc681,Purchase,12:28.9,Desktop,East,Paid,1097,No,No
9877,0b530bfe-9934-4f03-a06c-433ac875024c,View Product,14:37.4,Mobile,West,Paid,0,Yes,
9878,a83072b9-a73e-4a22-8376-fe61b60dfa07,Visit,52:00.1,Mobile,East,Referral,0,Yes,
9879,80248899-b121-4708-b1c2-2f7059e827fa,View Product,27:17.2,Desktop,West,Referral,0,Yes,
9880,4d3677e6-b99f-40d4-81d3-655edc4a2916,Visit,00:13.7,Mobile,West,Paid,0,Yes,
9881,3b2d6357-6cf1-489f-ba29-61d328611eb8,Visit,23:14.9,Mobile,East,Organic,0,Yes,
9882,a9aa0a66-771c-4911-b1b0-761aba175dbb,Visit,56:08.8,Desktop,East,Organic,0,Yes,
9883,f74178df-6bd8-4f76-a812-ca7b516b8421,Visit,25:59.1,Tablet,East,Referral,0,Yes,
9884,93b3e190-8e96-41c7-8bbf-943aa00c9215,Visit,25:49.2,Desktop,East,Paid,0,Yes,
9885,bf58a3e5-ef75-4e16-bd05-462fef38743a,View Product,22:42.9,Mobile,North,Referral,0,Yes,
9886,ae78a958-485b-4ec5-b18d-f169e2566515,Visit,06:38.8,Tablet,North,Referral,0,Yes,
9887,c6f3fb85-f299-428a-b077-0e4de5b5348b,Visit,02:03.1,Desktop,North,Paid,0,Yes,
9888,6a18e01a-d1f8-4c4e-a3cc-49031f3a2b6f,Visit,16:23.1,Tablet,South,Organic,0,Yes,
9889,21d29fff-7e48-4564-807b-3b1c7372dff0,Visit,07:16.2,Mobile,South,Paid,0,Yes,
9890,0b09a68b-3117-40dd-befe-2e497cf626b1,Visit,41:22.5,Tablet,South,Organic,0,Yes,
9891,edee2e8a-6e44-43bd-98fd-fc2587c401a0,Visit,20:48.1,Tablet,East,Paid,0,Yes,
9892,d556e3ee-b4c7-4e61-9b0f-62acdda6014f,View Product,26:30.6,Mobile,South,Paid,0,Yes,
9893,2a180a7b-e032-4961-9dc5-a32423280226,Visit,10:47.5,Mobile,North,Organic,0,Yes,
9894,fbb34e0d-5aa4-44b9-bed9-9ec4d7460b2b,Visit,34:23.8,Tablet,South,Referral,0,Yes,
9895,a1c0c607-7bea-4748-9c1b-82166a4ac311,Visit,47:47.6,Desktop,East,Paid,0,Yes,
9896,0565516d-7cc6-4f3b-97cc-36ea5a1659b5,Visit,47:17.1,Desktop,West,Paid,0,Yes,
9897,efdbfcd1-e4d6-42a4-bc06-640a445567f5,Visit,15:54.1,Mobile,South,Paid,0,Yes,
9898,36131a40-94c0-4d8b-8b98-2d0e1c6f2667,Visit,34:17.0,Desktop,East,Organic,0,Yes,
9899,e589bb95-4ef1-4748-bd8c-dfc95fac7d9d,Visit,45:55.0,Desktop,West,Referral,0,Yes,
9900,5cb9ac97-c6c2-4c48-ad53-03d43abc2e07,Visit,20:41.9,Desktop,South,Referral,0,Yes,
9901,deb2f6a7-ddae-45cb-8530-ecab1e36cef5,Visit,15:38.9,Desktop,South,Referral,0,Yes,
9902,1932d036-15c4-4c96-902c-e7caa2151a4d,Visit,49:45.4,Tablet,East,Organic,0,Yes,
9903,5a09ae19-ee3d-4d87-b450-b1d6d55da9f8,Visit,46:27.2,Mobile,East,Paid,0,Yes,
9904,fbfad969-21ee-40ad-9559-181680d44493,Visit,04:58.4,Mobile,North,Referral,0,Yes,
9905,f4fb72a2-c04d-496c-ba65-7948bc28eaf9,Visit,03:15.8,Desktop,North,Organic,0,Yes,
9906,dcd374e8-0592-4633-a0c8-3bcc4d317104,Visit,17:49.6,Tablet,South,Referral,0,Yes,
9907,21df0e9d-d2fa-42f8-98bd-59802b583115,Visit,48:59.2,Mobile,West,Organic,0,Yes,
9908,43c420aa-d186-402e-b4b9-c9b928c90cbe,Visit,23:05.4,Tablet,West,Referral,0,Yes,
9909,61b981c1-1714-4200-9dc0-eaabac439c76,Visit,04:23.1,Mobile,South,Organic,0,Yes,
9910,2962cd76-eb94-47e5-aa75-1debd503d0b3,Visit,56:30.9,Desktop,South,Referral,0,Yes,
9911,63870272-b243-49c0-ad29-82c2082ff7a9,Visit,17:20.1,Desktop,West,Paid,0,Yes,
9912,05e02eb7-6c73-4a7c-b88a-23eee8e4d399,Visit,42:39.6,Desktop,West,Referral,0,Yes,
9913,984764da-7541-41cc-bed9-bebc97b04499,View Product,16:22.8,Tablet,North,Organic,0,Yes,
9914,c6a3f992-13c1-4c9a-ba82-a1e10810d0dd,Visit,41:08.0,Tablet,West,Organic,0,Yes,
9915,a92fedd9-942d-46ac-b9f4-db5596c9eb80,Visit,49:56.1,Tablet,West,Paid,0,Yes,
9916,3ca4c21e-0d58-4d18-8800-515e2a60bffb,View Product,45:45.4,Desktop,South,Paid,0,Yes,
9917,153af970-eb85-4df9-9cce-9c9b0a87c023,Add to Cart,57:45.3,Desktop,West,Referral,0,Yes,
9918,c3a1d160-b8cf-4b8e-b048-aac753f5389f,View Product,57:48.1,Desktop,East,Referral,0,Yes,
9919,429542da-77d6-45a7-9822-1581693b7177,Visit,07:55.6,Mobile,West,Paid,0,Yes,
9920,09f0902f-c651-4df4-ac60-72361d18a019,Visit,19:47.2,Tablet,North,Organic,0,Yes,
9921,21c03beb-3b61-4562-8129-bc7bd49be6d2,Visit,30:17.0,Tablet,North,Organic,0,Yes,
9922,0c544cb3-7441-4ea8-b5ca-1895e0b4524e,Visit,38:40.5,Mobile,West,Paid,0,Yes,
9923,9f6b9eed-76b9-4a69-b595-8f81e0b5e952,Visit,28:48.8,Desktop,West,Organic,0,Yes,
9924,c62ddc62-e0af-41cc-9228-711d1dc7ef06,Visit,27:18.7,Desktop,East,Organic,0,Yes,
9925,d7a21121-4875-435b-9e17-4ff8ef82cdb7,Visit,03:51.6,Desktop,West,Paid,0,Yes,
9926,d5bbb79b-353e-4aec-aaba-a1cff4919004,Visit,58:17.8,Mobile,East,Organic,0,Yes,
9927,8581db1d-6013-445a-a8e7-c357e082c38c,Visit,10:30.0,Mobile,South,Organic,0,Yes,
9928,f2df9139-f11d-4f1c-ad30-f98679d1d50d,Visit,09:59.1,Tablet,North,Organic,0,Yes,
9929,04823d84-672e-4200-bf1c-75663ffa4a55,Visit,42:53.5,Desktop,West,Paid,0,Yes,
9930,fd2aa29d-6ac6-4ca5-833f-3c71c83cba9b,View Product,25:52.7,Mobile,North,Organic,0,Yes,
9931,16b3fed1-d87f-4ae5-9723-5c900b92aa89,Visit,39:12.2,Tablet,East,Paid,0,Yes,
9932,3128c51f-def5-43b4-879a-d5e39ac36780,Visit,08:04.3,Desktop,West,Referral,0,Yes,
9933,e0523386-3867-480d-8772-39da381ccc14,Visit,29:46.7,Tablet,North,Organic,0,Yes,
9934,9ec2a965-9da9-4974-9e7e-74444657d671,Visit,56:23.0,Mobile,West,Paid,0,Yes,
9935,0fe3993d-fdff-4d8f-9616-c4948a0edf36,Visit,17:41.3,Tablet,East,Paid,0,Yes,
9936,65eb4781-8632-48e5-a748-1a3522ff4ef3,Visit,56:16.4,Tablet,South,Paid,0,Yes,
9937,e14ead31-1100-4dda-bbd2-23719cc543c0,Visit,10:29.7,Mobile,North,Organic,0,Yes,
9938,d15363d0-5314-476b-95a0-fd6a66b792d3,View Product,36:49.1,Tablet,North,Paid,0,Yes,
9939,d02a1097-47b8-4004-9b0b-481165073612,Visit,11:50.8,Desktop,East,Referral,0,Yes,
9940,da08a629-3fa0-42e1-8398-ae2b277014cb,Visit,19:10.4,Tablet,North,Organic,0,Yes,
9941,7776f3cc-2ac9-48fa-a311-0ab47c67959f,Visit,38:50.8,Tablet,East,Referral,0,Yes,
9942,80cc5985-c27a-44f1-9f5b-d9d2cd6751b0,Visit,19:19.2,Tablet,West,Referral,0,Yes,
9943,9695d8db-f367-4510-abd5-f8f53c278373,Visit,17:23.9,Tablet,West,Referral,0,Yes,
9944,c748762b-8e6c-45f4-9031-90a5b3a5015f,View Product,31:28.5,Desktop,North,Organic,0,Yes,
9945,3c5e41d5-0816-4aec-ad9f-2432f3e668d4,View Product,53:30.0,Mobile,East,Paid,0,Yes,
9946,1c08e0ab-5f4e-456f-8fa9-d9d916e53a28,Add to Cart,10:34.9,Tablet,North,Organic,0,Yes,
9947,0124c57e-30fd-460c-bfed-49047c4a3844,Visit,27:41.1,Tablet,South,Referral,0,Yes,
9948,c2bfc7db-8be7-4531-9ad3-24d743a5ab45,Visit,43:43.2,Tablet,East,Organic,0,Yes,
9949,6c1d640a-ca79-4825-9723-8d356360c7a9,Visit,17:24.6,Mobile,North,Referral,0,Yes,
9950,5ca9159f-8bb5-4f6c-90b2-a246b0f005ae,Visit,16:16.8,Desktop,East,Organic,0,Yes,
9951,b4c2080d-d9b7-49e2-a85b-df25af5eb442,Visit,17:05.1,Tablet,East,Paid,0,Yes,
9952,e9ba7899-9ed0-40b3-9d06-9720e50082ed,Add to Cart,11:37.9,Tablet,East,Organic,0,Yes,
9953,0a016008-9a41-4e48-b3af-489f3598efd9,View Product,13:42.1,Tablet,South,Organic,0,Yes,
9954,ec72b7d8-a816-4b2f-adea-d497de6c1c6f,Visit,45:30.6,Tablet,North,Paid,0,Yes,
9955,f0f826cc-d28c-48b6-af9f-8bee574f7736,Visit,28:49.7,Desktop,East,Paid,0,Yes,
9956,db3a9c4a-5e45-40af-8005-82a0f1d754f0,Visit,52:10.3,Mobile,South,Organic,0,Yes,
9957,4cdc027a-dbf5-4208-a0b8-8b2b52a9268f,View Product,00:15.5,Tablet,North,Organic,0,Yes,
9958,b2d04f9d-b4bf-484f-a62f-3ee7d8276251,Visit,39:43.4,Tablet,East,Organic,0,Yes,
9959,a1a49172-e184-4788-872b-500b38a99201,Visit,35:53.9,Tablet,North,Organic,0,Yes,
9960,94eb5503-ed1d-47b2-b1e2-19d87560b3f1,View Product,17:55.9,Tablet,West,Paid,0,Yes,
9961,b477c9cf-2b67-495c-91b9-c53f634435b5,Visit,46:03.1,Mobile,West,Referral,0,Yes,
9962,887269ed-4b7a-415d-ab00-9b5f17c67700,Visit,01:24.1,Tablet,South,Organic,0,Yes,
9963,7f444371-afa5-4923-8630-aa3de1496fda,Visit,25:22.0,Mobile,East,Organic,0,Yes,
9964,7b28414e-ccb3-4442-b864-cedab75ba8ba,Visit,56:18.4,Mobile,West,Paid,0,Yes,
9965,61a1f4f7-01eb-4618-9785-d083d57b6f5e,Visit,19:37.3,Desktop,North,Paid,0,Yes,
9966,641b7278-521a-4387-b7fe-17b32af1cbac,Visit,49:01.1,Mobile,South,Organic,0,Yes,
9967,35cc74ac-c0a4-4321-ac4b-c2d58078365c,Visit,29:59.0,Tablet,North,Paid,0,Yes,
9968,588201b9-af0f-4a52-b046-0622749c5043,Visit,28:58.1,Tablet,South,Organic,0,Yes,
9969,5489c1d3-6ce1-4830-9e8b-17528a61dfb3,Visit,59:26.3,Tablet,South,Organic,0,Yes,
9970,c921d249-4aa5-4101-9c21-94a8c74c7109,Visit,41:02.2,Tablet,West,Referral,0,Yes,
9971,283c1eec-2d6c-4325-aee9-df59dee22bcd,Visit,08:38.8,Mobile,North,Paid,0,Yes,
9972,033491c7-35f1-4757-bc1b-2e2292d2f40a,Visit,20:17.4,Tablet,South,Paid,0,Yes,
9973,2c53edee-6f7e-4384-842d-9265f8e3c082,Visit,39:23.8,Mobile,West,Paid,0,Yes,
9974,eceafc06-fc79-4103-a0fe-9019e91bbee3,Visit,44:20.0,Mobile,North,Organic,0,Yes,
9975,d55a25b3-3e25-4b08-bba9-f2f2b9d74baf,Visit,24:39.4,Tablet,West,Organic,0,Yes,
9976,2fc76ef9-9cf9-4d6e-9bd0-cdef7ae5c68f,Visit,12:14.4,Tablet,West,Referral,0,Yes,
9977,8e98bf99-a4a8-49d5-8765-cd1ff583dd1a,Visit,46:43.4,Desktop,East,Organic,0,Yes,
9978,8fd86892-bafd-4e2a-bf51-8c94c3d2f603,Visit,46:22.5,Mobile,North,Referral,0,Yes,
9979,673d4bc4-76ad-43c9-af14-750fc353a620,View Product,05:02.8,Mobile,East,Organic,0,Yes,
9980,82dd0bec-ef0c-4b58-9bf1-9b5a62e5529d,Visit,12:47.4,Tablet,West,Referral,0,Yes,
9981,093c53d3-a5fe-4814-bc11-66a3a97e40c6,Visit,20:53.5,Desktop,South,Referral,0,Yes,
9982,bdc19e48-eef8-4814-b362-fa017c923c9a,Visit,43:47.7,Desktop,South,Organic,0,Yes,
9983,34f1691c-225a-461c-9503-35409d61b4c4,Visit,33:39.4,Desktop,East,Paid,0,Yes,
9984,f195c8c3-7063-4124-bbe0-b2947807d36e,Visit,53:04.8,Tablet,North,Paid,0,Yes,
9985,483d4a81-f195-4a9c-9072-9a77f8ff932c,Visit,37:42.0,Tablet,South,Paid,0,Yes,
9986,dad9d6f3-dde3-410a-9183-290a6bc3dd61,Visit,22:41.6,Mobile,East,Paid,0,Yes,
9987,a2e40d70-f2f4-40f7-9da5-2f1268503a5f,View Product,08:53.1,Mobile,West,Organic,0,Yes,
9988,811c829c-68c5-473a-8916-9e75cee87bfa,Visit,32:52.8,Desktop,East,Paid,0,Yes,
9989,ba70d0ba-0687-4b0c-b2d2-5c575115f108,Visit,06:13.0,Mobile,West,Referral,0,Yes,
9990,4c95cf86-f0df-4e23-a903-67eee02dfb26,Visit,54:14.8,Tablet,West,Referral,0,Yes,
9991,a36a9486-9349-4a4f-8ba9-096d248f1536,Visit,51:03.8,Mobile,East,Referral,0,Yes,
9992,3be71033-d371-4056-91c4-9543e520a25d,Visit,20:50.8,Tablet,South,Referral,0,Yes,
9993,d037f38a-394e-4aed-8870-83bb30606910,View Product,37:41.6,Desktop,East,Paid,0,Yes,
9994,73e787a2-2719-446f-8948-d7205a87c17b,Visit,22:48.9,Tablet,North,Organic,0,Yes,
9995,60ec9b03-e918-48fa-b1fc-6d9c09b870e6,Visit,11:43.8,Tablet,West,Organic,0,Yes,
9996,fe862f2d-7038-4df3-b7df-78766bfe4b2d,Visit,38:54.9,Tablet,West,Organic,0,Yes,
9997,ac788512-eb8d-4ec6-9883-a5761af4b016,View Product,47:27.5,Mobile,South,Paid,0,Yes,
9998,09339b7b-a982-4a69-8d4b-a2af24754dcd,Visit,40:41.4,Desktop,West,Paid,0,Yes,
9999,261bb561-5f6f-4cbb-89fb-24eb15185a9f,Visit,38:39.9,Desktop,North,Organic,0,Yes,
10000,4b0bc3af-f342-4772-8f76-c5925afacaed,Visit,42:38.9,Tablet,North,Organic,0,Yes,
